id_transaccion,fecha_compra,id_cliente,categoria_producto,precio_cop,metodo_pago,canal,dispositivo,ciudad_envio,tiempo_entrega_dias,calificacion_cliente_1a5,producto_devuelto
TXN-0005239,2022-12-28,14770.0,Hogar,159466.0,Tarjeta crédito,Sitio web,iOS,Pereira,5.0,5,No
TXN-0000262,2023-10-14,53229.0,Alimentos,72452.0,Tarjeta débito,Sitio web,Desktop,Cali,3.0,5,No
,2022-05-04,19901.0,Hogar,162086.0,PSE,Sitio web,iOS,Cali,3.0,5,No
TXN-0005784,2024-11-05,49799.0,ALIMENTOS,41165.0,PSE,App móvil,Desktop,Bogotá,2.0,5,No
TXN-0001234,2022-05-16,31720.0,Tecnología,1138137.0,Tarjeta débito,Sitio web,Android,Bogotá,4.0,5,No
TXN-0006449,2022-03-05,55252.0,Belleza,145836.0,Tarjeta débito,App móvil,Desktop,Bogotá,3.0,5,No
TXN-0006413,2023-04-15,24032.0,Alimentos,18991.0,PSE,Sitio web,Desktop,Pereira,1.0,5,No
TXN-0000921,2024-10-09,27241.0,Libros,52010.0,Billetera digital,App móvil,iOS,Cartagena,6.0,5,No
TXN-0000159,2022-12-23,16367.0,Electrónica,539952.0,Tarjeta crédito,App móvil,Android,Manizales,3.0,5,No
TXN-0007744,2024-02-18,42036.0,Deportes,210820.0,Billetera digital,Sitio web,Android,Bogotá,5.0,5,No
TXN-0002626,2022-04-26,39355.0,Deportes,119067.0,PSE,App móvil,Desktop,Cali,3.0,5,No
TXN-0006757,2024-07-14,25510.0,Alimentos,55008.0,Contraentrega,App móvil,Android,Ibagué,2.0,5,No
TXN-0000095,2022-04-05,35663.0,Deportes,132332.0,Tarjeta débito,App móvil,Android,Medellín,1.0,5,Sí
TXN-0003202,2023-10-18,22224.0,Hogar,228755.0,Contraentrega,App móvil,iOS,Cali,6.0,5,No
TXN-0006929,2022-11-16,39785.0,Moda,104802.0,Tarjeta débito,Sitio web,iOS,Medellín,3.0,5,No
TXN-0001093,2024-06-07,20968.0,Hogar,261015.0,Billetera digital,App móvil,Android,Bogotá,6.0,5,No
TXN-0003533,2023-11-03,23406.0,Alimentos,48707.0,Tarjeta crédito,Sitio web,Android,Bogotá,3.0,5,No
TXN-0007405,2024-03-11,53989.0,Belleza,11611.0,Contraentrega,App móvil,iOS,Cali,4.0,5,No
TXN-0007394,2022-12-09,37474.0,Electrónica,847082.0,Tarjeta crédito,App móvil,iOS,Cúcuta,3.0,5,No
TXN-0001988,2023-05-25,12694.0,Alimentos,41301.0,Tarjeta débito,Sitio web,Android,Cali,6.0,5,Sí
TXN-0002718,2023-04-28,35151.0,Belleza,68008.0,Contraentrega,Sitio web,Android,Bogotá,8.0,3,No
TXN-0003978,2022-11-19,17965.0,Deportes,40725.0,Tarjeta crédito,App móvil,Android,Cali,6.0,5,No
TXN-0001454,2024-02-20,11867.0,DEPORTES,211276.0,PSE,Sitio web,Android,Bogotá,5.0,5,No
TXN-0006702,2023-07-19,14949.0,Moda,129658.0,Tarjeta crédito,Sitio web,Desktop,Medellín,5.0,5,No
TXN-0005844,2023-02-13,21174.0,Moda,119780.0,PSE,App móvil,Android,Bogotá,4.0,5,Sí
TXN-0002489,2023-11-26,33472.0,Deportes,190363.0,PSE,App móvil,Android,CALI,4.0,5,No
TXN-0000323,2022-07-16,44653.0,Hogar,217344.0,Tarjeta crédito,App móvil,Android,Cartagena,6.0,5,No
TXN-0001072,2024-01-20,17674.0,Juguetes,81089.0,PSE,Sitio web,iOS,Bogotá,3.0,5,No
TXN-0007633,2023-05-28,34440.0,Belleza,86193.0,PSE,Sitio web,Android,Medellín,4.0,5,No
TXN-0004694,2022-05-16,35534.0,Moda,185018.0,Tarjeta crédito,App móvil,Android,Cali,1.0,5,No
TXN-0005390,2024-03-27,44038.0,Hogar,143343.0,Tarjeta crédito,Sitio web,iOS,Bogotá,6.0,5,No
TXN-0004560,2022-12-17,19890.0,Belleza,72747.0,Tarjeta crédito,App móvil,iOS,Pereira,3.0,5,No
TXN-0002583,2022-03-18,37759.0,Hogar,203482.0,Tarjeta crédito,App móvil,iOS,Cúcuta,5.0,5,No
TXN-0000213,2024-08-26,23876.0,Electrónica,345190.0,Tarjeta crédito,Sitio web,Desktop,Cali,5.0,5,No
TXN-0001543,2024-02-28,,Electrónica,962457.0,PSE,App móvil,Android,Ibagué,1.0,5,No
TXN-0000165,2024-12-28,43278.0,Moda,143316.0,PSE,App móvil,Android,Cúcuta,7.0,5,No
TXN-0007643,2024-10-24,35771.0,Juguetes,54155.0,Billetera digital,Sitio web,Android,Bogotá,3.0,5,No
,2024-04-28,56531.0,Electrónica,356500.0,Tarjeta débito,App móvil,Android,Bogotá,6.0,5,No
TXN-0007991,2024-06-12,21311.0,Electrónica,493025.0,Tarjeta crédito,Sitio web,iOS,Medellín,5.0,5,No
TXN-0000764,2024-12-18,19979.0,Juguetes,94841.0,Tarjeta crédito,App móvil,Android,Ibagué,7.0,5,Sí
TXN-0007432,2022-12-29,37951.0,Moda,98985.0,Tarjeta débito,App móvil,iOS,Barranquilla,1.0,5,No
TXN-0004802,,29338.0,Belleza,77338.0,Tarjeta crédito,Sitio web,iOS,Bogotá,3.0,5,No
TXN-0006999,2024-12-08,44022.0,HOGAR,173501.0,Tarjeta crédito,App móvil,Android,Cali,5.0,5,No
TXN-0001202,2022-04-24,31245.0,Tecnología,743723.0,Tarjeta débito,Sitio web,Android,BUCARAMANGA,4.0,5,No
TXN-0004162,2022-06-05,39143.0,Juguetes,103871.0,Billetera digital,Sitio web,Android,Bogotá,4.0,5,Sí
TXN-0006577,2022-06-17,18045.0,Belleza,93182.0,Tarjeta crédito,App móvil,Android,Cúcuta,3.0,5,No
TXN-0004632,2024-01-06,17532.0,Electrónica,539156.0,Contraentrega,App móvil,Android,Cali,1.0,5,Sí
TXN-0003282,2023-09-13,25657.0,Moda,95844.0,Tarjeta débito,Sitio web,Desktop,Cali,2.0,5,No
TXN-0004967,2024-08-16,23108.0,Alimentos,63961.0,PSE,Sitio web,Android,Bogotá,7.0,5,No
TXN-0003189,2024-07-26,58815.0,Belleza,40383.0,Tarjeta crédito,Sitio web,Desktop,Ibagué,3.0,5,No
TXN-0007958,2023-09-16,21351.0,BELLEZA,156459.0,Tarjeta crédito,App móvil,Android,Cali,3.0,5,No
TXN-0000968,2024-07-14,40989.0,Electrónica,509151.0,PSE,App móvil,Android,Bogotá,4.0,5,No
,2024-03-20,29154.0,Electrónica,487239.0,Tarjeta crédito,App móvil,Desktop,Bogotá,1.0,5,No
TXN-0003428,2024-12-13,55567.0,Juguetes,73189.0,PSE,Sitio web,Desktop,Manizales,5.0,5,No
TXN-0005921,2024-03-08,54414.0,Hogar,213324.0,PSE,Sitio web,Desktop,Cali,1.0,5,No
TXN-0000472,2023-09-02,37355.0,Electrónica,540695.0,PSE,App móvil,Desktop,Cali,5.0,5,No
TXN-0007299,2023-01-13,17924.0,Juguetes,135340.0,Tarjeta crédito,App móvil,Android,Bogotá,5.0,5,No
TXN-0000164,2024-03-02,10913.0,Tecnología,1001620.0,Tarjeta débito,Sitio web,Android,Cartagena,3.0,5,No
TXN-0002430,2024-04-02,18713.0,Libros,76047.0,Tarjeta crédito,Sitio web,Android,Barranquilla,1.0,5,No
TXN-0002914,2022-12-18,15348.0,Electrónica,418258.0,PSE,Sitio web,Android,Medellín,3.0,5,No
TXN-0001411,2022-04-18,11126.0,Tecnología,755569.0,Billetera digital,App móvil,Desktop,Manizales,2.0,5,No
TXN-0007258,2023-05-03,29199.0,Tecnología,843985.0,Tarjeta débito,Sitio web,iOS,Medellín,3.0,5,No
TXN-0003737,2022-06-22,12818.0,ALIMENTOS,54530.0,PSE,App móvil,Desktop,Bogotá,3.0,5,No
TXN-0001292,2023-02-03,21801.0,Hogar,86812.0,Tarjeta débito,App móvil,Android,Medellín,6.0,5,No
TXN-0001062,2022-12-03,33095.0,Deportes,98679.0,Tarjeta débito,App móvil,iOS,Bogotá,4.0,5,No
TXN-0007651,2022-07-30,25987.0,Hogar,114570.0,PSE,Sitio web,Android,Medellín,7.0,5,No
TXN-0005932,2024-10-15,40374.0,Moda,97979.0,Billetera digital,App móvil,iOS,Barranquilla,3.0,5,No
TXN-0006126,2023-04-22,53955.0,Hogar,125491.0,Tarjeta crédito,Sitio web,Android,BUCARAMANGA,2.0,5,No
TXN-0007716,2024-10-26,25670.0,Electrónica,604546.0,Contraentrega,App móvil,Android,Bogotá,5.0,5,No
TXN-0005455,,22104.0,Electrónica,399586.0,Contraentrega,Sitio web,Android,Cali,3.0,5,No
TXN-0002957,2024-01-11,58346.0,Electrónica,734072.0,Tarjeta crédito,App móvil,Android,Medellín,6.0,5,No
,2023-12-08,10654.0,Electrónica,855674.0,Tarjeta débito,Sitio web,,Cali,3.0,5,No
TXN-0007009,2023-09-02,59590.0,Moda,112445.0,Tarjeta crédito,App móvil,Android,Cali,1.0,5,No
TXN-0000959,2022-04-21,13164.0,Electrónica,208248.0,Tarjeta crédito,App móvil,Android,Medellín,6.0,5,No
TXN-0007346,2024-05-29,38801.0,Deportes,115173.0,Tarjeta crédito,App móvil,Desktop,Cali,3.0,5,No
TXN-0004207,2022-06-07,55400.0,Mascotas,89450.0,Tarjeta crédito,App móvil,Android,Bogotá,6.0,5,No
TXN-0002634,2024-04-27,31136.0,Moda,101958.0,Tarjeta débito,Sitio web,iOS,Cúcuta,1.0,5,No
TXN-0001728,,35170.0,Belleza,101174.0,Tarjeta crédito,App móvil,Desktop,Bogotá,4.0,5,No
TXN-0004357,2023-07-13,56215.0,Hogar,110438.0,Tarjeta débito,App móvil,Desktop,Medellín,7.0,5,No
TXN-0002333,2022-06-23,23205.0,Tecnología,1049222.0,Contraentrega,App móvil,Android,Cartagena,2.0,5,No
TXN-0001174,2024-11-26,48925.0,Alimentos,37202.0,Tarjeta débito,Sitio web,Desktop,Cali,6.0,5,No
TXN-0002822,2022-02-12,35671.0,Libros,36039.0,Billetera digital,App móvil,Desktop,Manizales,7.0,5,No
TXN-0003154,2022-11-29,48759.0,Electrónica,567570.0,Tarjeta débito,Sitio web,Android,Cali,5.0,5,No
TXN-0006307,2024-08-18,45558.0,Moda,83376.0,Contraentrega,Sitio web,Desktop,Barranquilla,7.0,5,No
TXN-0002659,2023-11-13,41889.0,Hogar,290758.0,Tarjeta débito,App móvil,Android,Barranquilla,8.0,3,No
TXN-0004664,2022-12-29,52710.0,Mascotas,62738.0,Tarjeta crédito,App móvil,iOS,Pereira,7.0,5,No
TXN-0006481,2024-08-22,12761.0,Alimentos,44710.0,Tarjeta débito,Sitio web,Android,Medellín,5.0,5,No
TXN-0005374,2022-09-01,19509.0,Electrónica,367933.0,Contraentrega,App móvil,iOS,Cúcuta,2.0,5,No
TXN-0002851,2023-02-09,17926.0,Alimentos,46380.0,Tarjeta débito,Sitio web,Desktop,Bogotá,6.0,5,No
TXN-0000851,2024-04-24,49288.0,ALIMENTOS,20014.0,Tarjeta crédito,App móvil,Android,Cartagena,7.0,5,No
TXN-0003785,2022-05-24,19702.0,Hogar,322012.0,Tarjeta débito,App móvil,Android,Cúcuta,5.0,5,No
TXN-0007135,2023-07-29,15072.0,Alimentos,70211.0,Contraentrega,App móvil,Desktop,Pereira,5.0,5,No
TXN-0007428,2024-01-21,52008.0,Libros,43294.0,Tarjeta crédito,App móvil,Android,Bogotá,3.0,5,No
TXN-0000522,2022-07-11,31444.0,Hogar,146051.0,Tarjeta crédito,Sitio web,iOS,Bogotá,2.0,5,No
TXN-0000331,2023-06-17,57908.0,Tecnología,400818.0,Billetera digital,App móvil,iOS,Bogotá,4.0,5,No
TXN-0007237,2024-10-19,42350.0,Belleza,77385.0,Tarjeta crédito,App móvil,iOS,Cúcuta,4.0,5,No
TXN-0006959,2024-02-24,54462.0,Electrónica,613196.0,Tarjeta crédito,Sitio web,Desktop,Bogotá,4.0,5,No
TXN-0003770,2022-05-22,41936.0,Electrónica,614726.0,Billetera digital,App móvil,Android,Ibagué,6.0,5,No
TXN-0005705,2024-09-06,25888.0,Moda,158757.0,Tarjeta débito,App móvil,Android,Manizales,6.0,5,No
TXN-0002423,2023-12-10,14875.0,Juguetes,84242.0,Tarjeta débito,App móvil,Desktop,Bogotá,1.0,5,No
TXN-0003064,2022-03-15,36667.0,Alimentos,46013.0,Tarjeta crédito,Sitio web,iOS,Bogotá,1.0,5,No
TXN-0003351,2022-09-25,25650.0,Electrónica,914173.0,PSE,Sitio web,Android,Bogotá,5.0,5,No
TXN-0000435,2023-03-08,25380.0,Tecnología,1152048.0,Contraentrega,App móvil,Android,Bogotá,4.0,5,No
TXN-0007524,2022-10-27,31010.0,Electrónica,567089.0,Tarjeta débito,App móvil,,BUCARAMANGA,7.0,5,No
TXN-0001681,2024-02-20,20626.0,Tecnología,1226406.0,Tarjeta débito,Sitio web,iOS,Barranquilla,2.0,5,No
,2023-12-21,37542.0,Moda,98186.0,PSE,Sitio web,Desktop,MEDELLÍN,2.0,5,No
TXN-0003704,2024-11-13,46654.0,Belleza,68517.0,Tarjeta crédito,Sitio web,Android,Bogotá,5.0,5,No
,2023-06-29,46714.0,Alimentos,55571.0,Contraentrega,Sitio web,Android,Medellín,5.0,5,No
,2024-03-28,47098.0,Mascotas,109763.0,Tarjeta crédito,Sitio web,Desktop,Bogotá,4.0,5,No
TXN-0003105,2023-08-24,38256.0,Belleza,32430.0,Tarjeta crédito,App móvil,Desktop,Bogotá,3.0,5,No
TXN-0002196,2023-09-01,14316.0,Tecnología,545328.0,PSE,Sitio web,Desktop,Cartagena,3.0,5,No
TXN-0005538,2022-07-20,58722.0,MODA,80189.0,Tarjeta crédito,App móvil,Android,Bogotá,8.0,5,No
TXN-0002011,2024-11-12,36547.0,Hogar,234172.0,Tarjeta débito,App móvil,Android,CÚCUTA,3.0,5,No
TXN-0006584,2024-07-19,11013.0,Tecnología,625875.0,Tarjeta crédito,Sitio web,Desktop,Bucaramanga,4.0,5,No
TXN-0001905,2022-01-20,43853.0,Libros,69204.0,Tarjeta débito,App móvil,Android,Barranquilla,6.0,5,No
TXN-0005400,2024-06-25,55000.0,Belleza,97111.0,PSE,App móvil,Android,Bogotá,2.0,5,No
TXN-0004154,2024-01-23,37548.0,Belleza,62191.0,Tarjeta débito,App móvil,Android,Medellín,1.0,5,No
TXN-0000407,2024-02-18,42380.0,Juguetes,111288.0,Tarjeta débito,Sitio web,Android,Bucaramanga,6.0,5,No
TXN-0005086,2022-01-24,39898.0,Belleza,89387.0,Tarjeta crédito,Sitio web,iOS,Bucaramanga,6.0,5,No
TXN-0007862,2022-11-19,54251.0,Alimentos,52770.0,Tarjeta crédito,App móvil,Android,Manizales,4.0,5,No
TXN-0004876,2023-12-13,36756.0,Juguetes,168433.0,PSE,App móvil,Android,Pereira,1.0,5,No
TXN-0007501,2023-08-23,13219.0,Alimentos,65440.0,Tarjeta crédito,App móvil,iOS,Ibagué,1.0,5,No
TXN-0007611,2024-03-01,28686.0,Moda,150518.0,Tarjeta crédito,Sitio web,Android,Medellín,7.0,5,No
TXN-0005213,2022-05-09,49176.0,Hogar,280915.0,PSE,App móvil,Desktop,Cali,3.0,5,No
TXN-0000763,2024-09-04,54906.0,Moda,81843.0,Tarjeta crédito,App móvil,iOS,Medellín,6.0,5,No
TXN-0000426,2022-02-19,59263.0,Electrónica,289018.0,Billetera digital,App móvil,iOS,Cali,5.0,5,No
TXN-0003810,2022-07-03,24778.0,MODA,128752.0,PSE,Sitio web,iOS,Pereira,4.0,5,No
TXN-0005133,2022-07-09,39569.0,Moda,93788.0,Billetera digital,App móvil,Desktop,Barranquilla,6.0,5,No
TXN-0000591,2024-07-29,24268.0,Tecnología,1084568.0,Tarjeta crédito,Sitio web,iOS,Bogotá,6.0,5,No
TXN-0006399,2024-07-01,26810.0,Alimentos,70930.0,Tarjeta crédito,App móvil,Android,Cúcuta,7.0,5,No
TXN-0006666,2022-01-25,40333.0,Hogar,234781.0,Billetera digital,App móvil,Android,Medellín,7.0,5,No
TXN-0000896,2023-03-15,18459.0,Mascotas,42839.0,Contraentrega,Sitio web,iOS,Bogotá,2.0,5,Sí
TXN-0004746,2023-07-12,11166.0,Tecnología,212611.0,Tarjeta débito,App móvil,Android,Cali,6.0,5,No
TXN-0001430,2023-01-18,47524.0,Hogar,204548.0,Tarjeta crédito,App móvil,Desktop,Barranquilla,3.0,5,No
TXN-0003035,2024-07-20,37095.0,Belleza,103987.0,Tarjeta débito,Sitio web,Android,Pereira,5.0,5,No
TXN-0001892,2023-06-09,22064.0,Moda,136121.0,Billetera digital,Sitio web,Desktop,Manizales,7.0,5,No
TXN-0007590,2024-10-30,13292.0,Moda,159075.0,Contraentrega,App móvil,Android,Bogotá,5.0,5,No
TXN-0005230,2023-05-13,50105.0,Moda,194416.0,Tarjeta débito,Sitio web,Desktop,Barranquilla,7.0,5,No
TXN-0003994,2024-08-07,10206.0,Alimentos,63275.0,Tarjeta crédito,Sitio web,Android,Bucaramanga,3.0,5,No
TXN-0005635,2023-04-22,34289.0,ELECTRÓNICA,397603.0,Tarjeta crédito,App móvil,iOS,Ibagué,4.0,5,No
TXN-0003203,2022-01-13,52872.0,Hogar,306832.0,Tarjeta crédito,Sitio web,Android,Pereira,4.0,5,No
TXN-0000501,2024-09-03,38280.0,Belleza,36850.0,Contraentrega,App móvil,Android,Bogotá,5.0,5,No
TXN-0001584,2023-05-02,53723.0,Electrónica,203385.0,Contraentrega,Sitio web,iOS,Medellín,4.0,5,No
TXN-0007322,2023-04-15,44352.0,Moda,162503.0,Billetera digital,App móvil,Desktop,Pereira,1.0,5,No
TXN-0004128,2022-07-15,26242.0,Libros,80665.0,Tarjeta débito,App móvil,Android,Bogotá,1.0,5,No
TXN-0007331,2023-03-01,31099.0,Libros,46161.0,Tarjeta débito,App móvil,Android,Cúcuta,5.0,5,No
TXN-0007982,2024-02-01,21285.0,Moda,39981.0,Contraentrega,Sitio web,Android,Cali,4.0,5,No
TXN-0005172,2024-06-11,57027.0,Moda,70365.0,Tarjeta débito,App móvil,iOS,Cali,4.0,5,No
TXN-0004011,2022-06-29,25403.0,Juguetes,103478.0,Billetera digital,Sitio web,iOS,Pereira,8.0,5,No
TXN-0005910,2022-02-15,58334.0,Electrónica,1099089.0,Contraentrega,App móvil,,Cúcuta,4.0,5,No
TXN-0000452,2022-06-02,48171.0,Belleza,101055.0,Billetera digital,App móvil,iOS,Bogotá,6.0,5,No
TXN-0005268,2022-09-12,26982.0,Moda,101775.0,Tarjeta crédito,Sitio web,Android,Bogotá,6.0,5,No
TXN-0007510,,11584.0,Electrónica,786992.0,PSE,Sitio web,Android,Bogotá,3.0,5,No
TXN-0004959,2024-08-07,20349.0,Mascotas,39264.0,Billetera digital,App móvil,Android,Cartagena,5.0,5,No
TXN-0000021,,26096.0,Libros,65667.0,Billetera digital,App móvil,Android,Bogotá,3.0,5,No
TXN-0004273,2022-12-04,27774.0,Belleza,78735.0,Tarjeta crédito,App móvil,Desktop,Cartagena,6.0,5,No
TXN-0007332,2023-12-10,26981.0,Electrónica,756616.0,Tarjeta crédito,App móvil,,Medellín,5.0,5,Sí
TXN-0007742,2023-02-16,10975.0,Juguetes,105290.0,PSE,Sitio web,Desktop,Bucaramanga,2.0,5,No
TXN-0002520,2024-09-22,13901.0,Hogar,185574.0,Tarjeta crédito,Sitio web,iOS,Medellín,2.0,5,No
TXN-0003591,2022-11-26,37119.0,Electrónica,822205.0,PSE,App móvil,Android,Bogotá,6.0,5,No
TXN-0003302,2023-06-25,24477.0,Libros,48343.0,PSE,Sitio web,Android,Medellín,9.0,3,No
TXN-0006905,2022-07-30,55100.0,Belleza,48683.0,Tarjeta débito,App móvil,Desktop,BOGOTÁ,4.0,5,No
TXN-0003445,2024-07-07,43973.0,Electrónica,382520.0,Tarjeta débito,Sitio web,Android,Cali,4.0,5,No
TXN-0003489,2023-06-28,55393.0,Deportes,166288.0,Tarjeta crédito,App móvil,iOS,BARRANQUILLA,4.0,5,No
TXN-0007022,2023-02-17,51654.0,Moda,111398.0,Contraentrega,App móvil,Android,Barranquilla,5.0,5,No
TXN-0006234,2024-02-26,12633.0,Hogar,169672.0,PSE,App móvil,Desktop,Medellín,4.0,5,No
TXN-0006798,2023-07-28,19976.0,Moda,124425.0,Tarjeta crédito,Sitio web,iOS,Medellín,2.0,5,No
TXN-0003313,2023-05-02,12091.0,Hogar,319527.0,Tarjeta crédito,Sitio web,Desktop,Barranquilla,1.0,5,Sí
TXN-0004410,2024-01-04,56219.0,Moda,144675.0,Billetera digital,App móvil,Android,Medellín,6.0,5,No
TXN-0003916,2024-06-19,32340.0,Hogar,208573.0,PSE,App móvil,Desktop,Bogotá,4.0,5,No
TXN-0001747,2024-09-04,47948.0,Electrónica,869113.0,Contraentrega,App móvil,Android,Bogotá,3.0,5,No
TXN-0002675,2024-09-16,33862.0,Moda,159916.0,PSE,Sitio web,iOS,Cali,5.0,5,No
TXN-0003991,2024-03-26,32419.0,Deportes,122494.0,PSE,Sitio web,Android,Barranquilla,5.0,5,No
TXN-0006106,2023-09-29,43723.0,Juguetes,78783.0,Tarjeta crédito,App móvil,Android,Pereira,6.0,5,No
TXN-0004473,2023-02-20,27830.0,Hogar,167074.0,Contraentrega,App móvil,Android,Bogotá,1.0,5,No
TXN-0002379,2023-10-25,41266.0,Alimentos,53629.0,Tarjeta crédito,Sitio web,Desktop,Medellín,5.0,5,No
TXN-0007201,2023-07-06,25056.0,Belleza,91918.0,Tarjeta crédito,Sitio web,Android,Medellín,3.0,5,No
TXN-0004152,2024-08-21,35357.0,Hogar,123292.0,PSE,App móvil,Android,Cartagena,3.0,5,No
,2024-09-04,11076.0,Hogar,308323.0,Billetera digital,Sitio web,iOS,Cúcuta,5.0,5,No
TXN-0002089,2023-07-06,36649.0,Moda,272775.0,Contraentrega,Sitio web,Android,Cartagena,7.0,5,No
TXN-0001882,2024-11-15,37871.0,Mascotas,93962.0,Tarjeta débito,Sitio web,Desktop,Bogotá,3.0,5,No
TXN-0005475,2024-04-19,59061.0,Deportes,192871.0,PSE,App móvil,Android,Bogotá,5.0,5,No
TXN-0003699,2023-04-25,48471.0,Deportes,164250.0,PSE,App móvil,Desktop,Barranquilla,5.0,5,No
,2022-01-31,22521.0,Alimentos,69644.0,Contraentrega,App móvil,Android,Ibagué,2.0,5,No
TXN-0003090,2024-04-30,49534.0,Electrónica,870635.0,Tarjeta crédito,App móvil,Android,Cali,6.0,5,No
TXN-0001242,2023-11-27,37417.0,Deportes,172695.0,Tarjeta débito,App móvil,Android,Medellín,2.0,5,No
TXN-0006152,2023-07-23,55908.0,Hogar,170927.0,Tarjeta crédito,Sitio web,Android,Medellín,2.0,5,No
TXN-0004644,2022-03-25,21309.0,Deportes,55130.0,Tarjeta crédito,Sitio web,Android,Bogotá,5.0,5,No
TXN-0006202,2022-04-08,41019.0,Hogar,203408.0,Tarjeta crédito,App móvil,Android,Bogotá,3.0,5,No
TXN-0006436,2023-05-08,31669.0,MODA,101397.0,Contraentrega,App móvil,Android,Bogotá,4.0,5,No
TXN-0002151,2022-03-16,44817.0,Tecnología,560745.0,Tarjeta débito,App móvil,Android,Cali,7.0,5,No
TXN-0001722,2022-10-18,41872.0,Hogar,122007.0,PSE,App móvil,iOS,Pereira,3.0,5,No
TXN-0003707,2024-08-24,40695.0,Tecnología,513900.0,Billetera digital,App móvil,iOS,Bogotá,3.0,5,No
,2023-11-14,,Belleza,136482.0,Tarjeta débito,App móvil,Android,Bogotá,3.0,5,No
TXN-0000732,2024-04-15,38560.0,Tecnología,935272.0,Contraentrega,App móvil,Android,Medellín,3.0,5,No
TXN-0000493,2024-08-01,55152.0,HOGAR,206135.0,Tarjeta crédito,App móvil,Desktop,Barranquilla,6.0,5,No
TXN-0001377,2023-12-20,,Libros,49865.0,Contraentrega,Sitio web,Android,Medellín,3.0,5,No
TXN-0003776,2023-11-27,44447.0,Moda,105320.0,Contraentrega,App móvil,iOS,Barranquilla,1.0,5,No
TXN-0003067,2023-07-24,58342.0,Moda,87032.0,Tarjeta débito,App móvil,Android,BARRANQUILLA,6.0,5,No
TXN-0005017,2022-04-20,44070.0,Mascotas,25927.0,Contraentrega,App móvil,iOS,Bogotá,5.0,5,No
TXN-0004633,2024-10-01,19432.0,Hogar,233465.0,Tarjeta crédito,App móvil,,Bogotá,5.0,5,No
TXN-0003835,2024-12-03,27806.0,Deportes,154956.0,Tarjeta débito,App móvil,Android,Cúcuta,1.0,5,No
TXN-0001478,2024-12-14,20454.0,Moda,152262.0,Tarjeta crédito,Sitio web,Android,Bogotá,1.0,5,No
TXN-0002588,2022-08-13,47662.0,Belleza,61925.0,Tarjeta crédito,App móvil,Android,Cartagena,8.0,4,No
TXN-0007183,2024-05-21,20576.0,Alimentos,40327.0,Tarjeta crédito,Sitio web,iOS,Bogotá,2.0,5,No
TXN-0000176,2024-01-16,46736.0,Alimentos,27393.0,Contraentrega,App móvil,Android,Barranquilla,5.0,5,No
TXN-0004475,2024-03-31,47671.0,Hogar,156459.0,Tarjeta crédito,App móvil,Android,Cali,4.0,5,No
TXN-0007585,2023-09-08,23209.0,Belleza,84673.0,Tarjeta débito,Sitio web,Android,Bucaramanga,5.0,5,No
TXN-0006508,2023-07-01,30443.0,Hogar,287844.0,Contraentrega,App móvil,iOS,Bogotá,5.0,5,No
TXN-0006970,2022-01-26,46920.0,Moda,191017.0,Tarjeta crédito,App móvil,Android,Bogotá,3.0,5,No
TXN-0003678,2023-07-04,56493.0,Moda,132596.0,Tarjeta débito,App móvil,Desktop,Bucaramanga,4.0,5,No
TXN-0000794,2022-01-26,19395.0,Electrónica,5000.0,PSE,Sitio web,Android,Bogotá,2.0,5,No
TXN-0003454,,21429.0,Belleza,51386.0,Billetera digital,Sitio web,iOS,Barranquilla,8.0,4,No
TXN-0000611,2022-11-13,41027.0,Alimentos,24231.0,PSE,App móvil,Desktop,Medellín,5.0,5,No
TXN-0002805,2024-07-14,50916.0,Moda,123187.0,Tarjeta crédito,App móvil,Desktop,Bogotá,3.0,5,No
TXN-0005772,2022-12-13,19989.0,Alimentos,43894.0,PSE,App móvil,Android,Cartagena,5.0,5,No
TXN-0005852,2024-03-29,32545.0,JUGUETES,84757.0,Tarjeta crédito,App móvil,Android,Bogotá,1.0,5,No
TXN-0007704,2023-06-06,,Electrónica,578828.0,Tarjeta débito,App móvil,iOS,Bucaramanga,5.0,5,No
TXN-0006108,2022-07-08,38329.0,Hogar,28314.0,Tarjeta crédito,Sitio web,Desktop,Bogotá,11.0,5,No
TXN-0004326,2023-08-25,44738.0,Alimentos,49283.0,Tarjeta crédito,App móvil,iOS,Medellín,1.0,5,No
TXN-0007850,2023-06-26,48285.0,Deportes,94952.0,Tarjeta crédito,Sitio web,Android,Pereira,1.0,5,No
TXN-0006661,2024-04-11,39543.0,Juguetes,108990.0,Tarjeta crédito,Sitio web,Android,Pereira,5.0,5,No
TXN-0004237,2023-09-25,38725.0,Moda,200695.0,Tarjeta crédito,Sitio web,Android,Cali,2.0,5,No
TXN-0001874,2024-04-09,26440.0,Deportes,230498.0,Contraentrega,Sitio web,Android,Pereira,4.0,5,No
TXN-0001257,2024-08-05,42594.0,Electrónica,558669.0,PSE,App móvil,,Bogotá,2.0,5,No
TXN-0003624,2022-10-08,39866.0,Libros,37793.0,Tarjeta débito,App móvil,Desktop,Cali,4.0,5,No
,2023-10-03,53461.0,Tecnología,1301085.0,Tarjeta débito,App móvil,Android,Cali,4.0,5,No
TXN-0005229,2022-12-29,29525.0,Alimentos,60661.0,Tarjeta débito,App móvil,Android,Pereira,8.0,3,No
TXN-0004719,2023-12-10,30858.0,Juguetes,62270.0,PSE,App móvil,Desktop,Medellín,5.0,5,No
TXN-0000184,2023-09-27,23630.0,Deportes,166223.0,Tarjeta débito,App móvil,Android,Barranquilla,4.0,5,No
TXN-0007362,2022-08-13,20762.0,Juguetes,105010.0,Contraentrega,App móvil,Android,Bogotá,2.0,5,No
TXN-0005004,2023-09-15,44960.0,Electrónica,629948.0,Contraentrega,App móvil,Desktop,Manizales,3.0,5,No
TXN-0006982,2024-06-05,58977.0,Libros,40379.0,Tarjeta débito,Sitio web,Android,Cartagena,5.0,5,No
TXN-0004687,2022-01-23,52088.0,Moda,120463.0,Tarjeta débito,Sitio web,Android,Pereira,4.0,5,No
TXN-0002841,2023-10-20,59764.0,Electrónica,921020.0,Tarjeta crédito,App móvil,Android,Bogotá,6.0,5,No
TXN-0002866,2022-05-10,,Moda,71800.0,Billetera digital,App móvil,iOS,Barranquilla,4.0,5,No
TXN-0007566,2023-12-29,46812.0,Tecnología,569523.0,Contraentrega,Sitio web,Desktop,Medellín,3.0,5,No
TXN-0001705,2022-09-30,43595.0,Electrónica,555691.0,Tarjeta crédito,Sitio web,Desktop,Cúcuta,1.0,5,No
TXN-0006806,2023-01-08,10423.0,Hogar,165521.0,Tarjeta crédito,App móvil,Android,Bogotá,3.0,5,No
TXN-0002338,2024-05-19,12806.0,Juguetes,70018.0,Tarjeta débito,App móvil,Desktop,Barranquilla,6.0,5,No
TXN-0007725,2022-01-12,56867.0,Deportes,266855.0,Tarjeta débito,App móvil,Android,Medellín,7.0,5,No
TXN-0005738,,22287.0,Deportes,180366.0,Tarjeta crédito,Sitio web,Desktop,Bogotá,2.0,5,No
TXN-0006738,2024-04-10,27586.0,Moda,84618.0,Contraentrega,App móvil,Desktop,Manizales,7.0,5,No
TXN-0001712,2023-05-30,59537.0,Electrónica,688802.0,Tarjeta crédito,Sitio web,Desktop,Manizales,6.0,5,No
TXN-0004741,2024-09-01,24927.0,Alimentos,41072.0,Tarjeta débito,App móvil,Android,Bogotá,5.0,5,No
TXN-0001549,2024-09-26,58741.0,Alimentos,61735.0,Tarjeta débito,Sitio web,Android,Bucaramanga,1.0,5,No
TXN-0007280,2022-04-21,49124.0,Electrónica,528576.0,PSE,App móvil,Android,Bogotá,5.0,5,No
TXN-0007379,2024-01-16,19074.0,Tecnología,472613.0,Tarjeta crédito,App móvil,Desktop,Barranquilla,1.0,5,No
TXN-0007670,2023-01-03,39451.0,Juguetes,129188.0,PSE,Sitio web,iOS,Pereira,5.0,5,No
TXN-0001075,2023-02-17,45360.0,ELECTRÓNICA,435575.0,Contraentrega,App móvil,Android,Barranquilla,3.0,5,No
TXN-0002120,2023-05-31,47792.0,Hogar,152008.0,Tarjeta crédito,App móvil,Desktop,Pereira,7.0,5,No
TXN-0001922,2023-10-08,18026.0,Tecnología,155351.0,Tarjeta débito,App móvil,iOS,Manizales,6.0,5,No
TXN-0001341,2023-11-22,23434.0,Mascotas,50631.0,Billetera digital,App móvil,Android,Barranquilla,4.0,5,No
TXN-0004030,2024-05-10,27306.0,Belleza,65075.0,Tarjeta crédito,App móvil,Android,Medellín,3.0,5,No
TXN-0000203,2024-08-16,37322.0,Electrónica,676131.0,Contraentrega,App móvil,Desktop,Bogotá,2.0,5,No
TXN-0002864,2024-01-10,34086.0,Libros,71449.0,Tarjeta crédito,App móvil,Android,Cali,4.0,5,No
TXN-0001744,2022-11-07,23635.0,Deportes,267754.0,Tarjeta crédito,App móvil,iOS,Medellín,7.0,5,No
TXN-0001605,2023-04-07,28189.0,Moda,117089.0,Tarjeta crédito,App móvil,Android,Manizales,2.0,5,No
TXN-0003238,2022-12-14,22990.0,Moda,173643.0,Tarjeta crédito,Sitio web,Android,Bogotá,2.0,5,No
TXN-0005440,2022-07-25,26868.0,Hogar,200633.0,Tarjeta crédito,App móvil,Android,Cali,3.0,5,No
TXN-0000592,2022-01-02,25799.0,Hogar,181211.0,PSE,App móvil,Android,Ibagué,8.0,5,No
TXN-0007568,2023-11-07,48668.0,MODA,129712.0,Billetera digital,App móvil,Desktop,Medellín,2.0,5,No
TXN-0004469,2024-01-18,46420.0,Deportes,176179.0,Billetera digital,App móvil,iOS,Medellín,3.0,5,No
TXN-0000378,2024-09-01,18319.0,Electrónica,911920.0,Tarjeta crédito,Sitio web,Android,Cali,6.0,5,No
TXN-0000984,2023-01-23,50112.0,Hogar,192040.0,Contraentrega,App móvil,Android,Bogotá,5.0,5,No
TXN-0005169,2023-06-07,21510.0,Electrónica,326471.0,Tarjeta débito,Sitio web,iOS,Cali,6.0,5,No
TXN-0005760,2022-04-27,43623.0,Electrónica,691666.0,Tarjeta crédito,Sitio web,Desktop,Bogotá,2.0,5,No
TXN-0003263,2024-08-02,46168.0,Juguetes,78579.0,Tarjeta crédito,Sitio web,Android,Cali,7.0,5,No
TXN-0004277,2024-07-02,19087.0,Juguetes,105566.0,Tarjeta débito,Sitio web,iOS,Medellín,1.0,5,No
TXN-0002160,2022-01-20,35261.0,Belleza,110880.0,Tarjeta crédito,App móvil,Desktop,Bogotá,5.0,5,No
TXN-0000456,2024-08-10,40645.0,Alimentos,55226.0,Tarjeta crédito,Sitio web,Desktop,Bogotá,2.0,5,No
TXN-0005290,2023-09-01,15690.0,Deportes,88582.0,PSE,App móvil,Android,Medellín,3.0,5,No
TXN-0001647,2024-09-08,19596.0,Tecnología,803686.0,Billetera digital,App móvil,Android,Cartagena,4.0,5,No
TXN-0004452,2022-08-29,57204.0,Libros,45538.0,Contraentrega,App móvil,Desktop,Bucaramanga,4.0,5,No
TXN-0004240,2022-09-03,35669.0,Electrónica,668517.0,PSE,App móvil,Android,CALI,3.0,5,No
TXN-0000097,2022-02-15,23298.0,Belleza,11619.0,Tarjeta crédito,App móvil,Android,Medellín,3.0,5,No
TXN-0007239,2024-05-24,44227.0,Tecnología,1273014.0,PSE,App móvil,Android,Bogotá,3.0,5,No
TXN-0002463,2024-01-07,15975.0,Moda,145115.0,PSE,App móvil,Android,Bogotá,4.0,5,No
TXN-0000749,2024-04-30,33604.0,Mascotas,119019.0,Contraentrega,Sitio web,Android,Cúcuta,6.0,5,No
TXN-0002665,,31246.0,Electrónica,421891.0,Contraentrega,App móvil,Android,Medellín,5.0,5,Sí
TXN-0003297,2024-03-26,58210.0,Libros,34629.0,Tarjeta débito,App móvil,Android,Medellín,5.0,5,No
TXN-0005791,2024-11-13,39702.0,Moda,104224.0,PSE,Sitio web,Android,Pereira,4.0,5,No
TXN-0003515,2023-04-17,20600.0,Electrónica,324634.0,Tarjeta crédito,Sitio web,,Medellín,7.0,5,No
TXN-0001599,2022-04-21,27234.0,Electrónica,592714.0,Contraentrega,App móvil,Android,Pereira,2.0,5,No
TXN-0001578,2024-11-28,22375.0,Alimentos,44293.0,PSE,Sitio web,iOS,Medellín,2.0,5,No
TXN-0002135,2022-08-20,56731.0,Juguetes,74309.0,Tarjeta crédito,App móvil,iOS,Medellín,4.0,5,No
TXN-0004241,2024-09-16,23792.0,Libros,68175.0,Contraentrega,Sitio web,Android,Bogotá,4.0,5,No
TXN-0005884,2022-03-09,53241.0,Electrónica,299317.0,Tarjeta crédito,App móvil,Desktop,Pereira,3.0,5,No
TXN-0007571,2022-09-08,59876.0,Juguetes,48410.0,Tarjeta crédito,App móvil,iOS,Medellín,4.0,5,No
TXN-0000042,2022-10-25,22484.0,Alimentos,64790.0,Tarjeta crédito,Sitio web,Android,Ibagué,3.0,5,No
TXN-0000837,2022-07-28,38033.0,Alimentos,14018.0,Tarjeta débito,App móvil,Android,Medellín,6.0,5,No
,2023-03-27,30475.0,Deportes,76255.0,PSE,Sitio web,Desktop,Cúcuta,1.0,5,No
TXN-0001623,2023-12-12,43443.0,Moda,32531.0,Billetera digital,App móvil,Android,Barranquilla,5.0,5,No
TXN-0004346,2023-06-17,29184.0,Alimentos,60178.0,PSE,Sitio web,,Manizales,4.0,5,No
TXN-0001931,2024-10-25,12912.0,Moda,71416.0,Contraentrega,App móvil,Android,Cartagena,8.0,3,No
TXN-0000791,2023-12-02,22710.0,Hogar,109068.0,Tarjeta crédito,App móvil,Android,Bogotá,4.0,5,No
TXN-0006089,2024-06-04,46867.0,Deportes,113015.0,Tarjeta crédito,App móvil,iOS,Cartagena,4.0,5,No
TXN-0000556,2022-09-21,27894.0,MODA,165195.0,Contraentrega,App móvil,Android,Bogotá,4.0,5,No
,2023-09-18,13040.0,Hogar,260662.0,Billetera digital,App móvil,Android,Cartagena,6.0,5,No
TXN-0000642,2024-10-13,41295.0,Belleza,33732.0,Tarjeta débito,App móvil,Android,Ibagué,6.0,5,No
TXN-0007821,2024-02-07,49160.0,Juguetes,98200.0,Contraentrega,Sitio web,Android,MEDELLÍN,3.0,5,No
TXN-0006423,2024-10-11,25462.0,Libros,75748.0,Tarjeta crédito,Sitio web,Desktop,Cartagena,4.0,5,No
TXN-0001141,2023-04-17,19194.0,Juguetes,77244.0,Tarjeta débito,Sitio web,Android,Pereira,6.0,5,No
TXN-0002116,2023-05-24,44297.0,BELLEZA,90363.0,Tarjeta débito,App móvil,Desktop,Medellín,3.0,5,No
TXN-0001723,2023-05-22,25291.0,Electrónica,767609.0,Tarjeta débito,App móvil,iOS,Cali,6.0,5,No
TXN-0005281,2024-11-17,51419.0,Mascotas,90458.0,Tarjeta crédito,App móvil,Android,Cali,3.0,5,No
TXN-0005356,2023-11-03,47755.0,Hogar,60958.0,Tarjeta débito,Sitio web,iOS,Bucaramanga,5.0,5,No
TXN-0004221,2023-06-18,49203.0,Tecnología,601114.0,Tarjeta crédito,Sitio web,Desktop,Bucaramanga,5.0,5,No
TXN-0004609,2024-10-15,22499.0,Juguetes,91162.0,Tarjeta crédito,App móvil,Android,Bogotá,6.0,5,No
TXN-0001441,2023-09-11,11457.0,Deportes,23394.0,Tarjeta crédito,App móvil,iOS,Cali,4.0,5,No
TXN-0001797,2024-06-21,18354.0,Electrónica,987365.0,Tarjeta crédito,App móvil,Android,Bogotá,5.0,5,No
TXN-0001082,2022-06-16,39432.0,Mascotas,95141.0,Tarjeta débito,Sitio web,iOS,Medellín,6.0,5,No
TXN-0004104,2023-07-23,43611.0,Moda,116473.0,Tarjeta crédito,App móvil,iOS,Cartagena,1.0,5,No
TXN-0007557,2022-09-12,20542.0,Hogar,177207.0,Tarjeta crédito,App móvil,Android,Barranquilla,3.0,5,No
TXN-0006849,2022-03-23,14310.0,Mascotas,26499.0,Tarjeta crédito,App móvil,iOS,PEREIRA,3.0,5,No
TXN-0006651,2023-02-28,29287.0,Deportes,230181.0,Tarjeta crédito,App móvil,Android,Barranquilla,7.0,5,No
TXN-0005013,2023-02-28,27746.0,Electrónica,637529.0,Tarjeta crédito,App móvil,Android,Barranquilla,3.0,5,No
TXN-0005269,2023-07-26,26996.0,Tecnología,1411320.0,Tarjeta crédito,App móvil,Android,Medellín,8.0,5,No
TXN-0001374,2023-11-16,25814.0,Hogar,189298.0,Contraentrega,App móvil,Desktop,Bogotá,5.0,5,No
TXN-0003219,2024-02-02,32281.0,Alimentos,50821.0,Tarjeta débito,App móvil,Android,Bogotá,2.0,5,No
TXN-0005933,2024-06-24,30300.0,Deportes,118090.0,Tarjeta crédito,Sitio web,Desktop,Cúcuta,6.0,5,No
TXN-0000025,2022-06-28,50123.0,Electrónica,540924.0,Tarjeta crédito,App móvil,iOS,Manizales,1.0,5,No
,2022-08-08,48648.0,Hogar,196522.0,Tarjeta crédito,App móvil,iOS,Pereira,3.0,5,No
TXN-0002236,2023-06-21,49769.0,Moda,142918.0,Tarjeta débito,Sitio web,iOS,MANIZALES,4.0,5,No
TXN-0003518,,54710.0,Tecnología,830479.0,Tarjeta débito,App móvil,Android,Bogotá,5.0,5,No
TXN-0007449,2024-01-27,40927.0,Hogar,186249.0,Tarjeta crédito,App móvil,Android,Cali,4.0,5,No
TXN-0000241,2022-09-03,17438.0,Moda,107303.0,Tarjeta débito,App móvil,iOS,Cali,4.0,5,No
TXN-0000885,2023-04-06,40535.0,Electrónica,521371.0,Tarjeta débito,App móvil,Android,Medellín,3.0,5,No
TXN-0007193,2022-06-25,16289.0,Electrónica,725900.0,Tarjeta débito,App móvil,,Medellín,3.0,5,No
,2023-04-16,40037.0,TECNOLOGÍA,871893.0,Billetera digital,App móvil,Android,Cali,4.0,5,No
TXN-0004534,2023-12-27,14528.0,Moda,148006.0,Tarjeta débito,Sitio web,iOS,Bogotá,6.0,5,No
TXN-0007305,2024-02-15,39056.0,Deportes,149058.0,Contraentrega,App móvil,Android,Medellín,5.0,5,No
TXN-0004815,2024-06-05,12497.0,MODA,117670.0,PSE,Sitio web,Android,Cali,2.0,5,No
TXN-0007098,2024-01-08,50954.0,Moda,85418.0,Tarjeta crédito,Sitio web,iOS,Bucaramanga,6.0,5,No
TXN-0002140,2024-06-28,41601.0,Hogar,207107.0,Contraentrega,Sitio web,Android,Bucaramanga,2.0,5,No
TXN-0005787,2024-09-18,58275.0,Juguetes,64979.0,Contraentrega,App móvil,Android,Cali,5.0,5,No
TXN-0002231,2022-06-25,28000.0,JUGUETES,119774.0,PSE,Sitio web,iOS,Bogotá,1.0,5,No
TXN-0006572,2023-04-05,51275.0,Electrónica,705339.0,Tarjeta débito,App móvil,Android,Cali,4.0,5,No
TXN-0007350,2023-08-07,33577.0,Juguetes,114545.0,Billetera digital,App móvil,Android,Medellín,3.0,5,No
TXN-0002910,2024-06-03,34718.0,Moda,127091.0,Billetera digital,Sitio web,Desktop,Barranquilla,7.0,5,No
TXN-0003680,2023-03-19,59686.0,Mascotas,109735.0,Tarjeta débito,Sitio web,Android,Cali,5.0,5,No
TXN-0005223,2023-07-30,32770.0,Alimentos,31106.0,Tarjeta débito,App móvil,Android,Pereira,4.0,5,No
TXN-0005984,2022-04-16,41558.0,Tecnología,540409.0,PSE,App móvil,Android,Medellín,5.0,5,No
TXN-0000499,2024-07-03,22752.0,Moda,161302.0,Tarjeta débito,App móvil,,Ibagué,6.0,5,No
TXN-0005601,2024-08-06,57221.0,Deportes,160442.0,Tarjeta débito,App móvil,Android,Bogotá,2.0,5,No
TXN-0006226,2024-04-19,43404.0,Alimentos,61566.0,Tarjeta débito,Sitio web,Android,Barranquilla,6.0,5,No
TXN-0007634,2024-03-21,31646.0,Belleza,56278.0,PSE,App móvil,Android,Bucaramanga,2.0,5,No
TXN-0003840,2022-10-09,29404.0,Libros,59514.0,Tarjeta crédito,App móvil,Android,Medellín,7.0,5,No
TXN-0004990,2024-07-13,35546.0,Moda,173056.0,PSE,Sitio web,iOS,Cali,6.0,5,No
TXN-0006557,2023-10-30,29877.0,Moda,175346.0,Contraentrega,App móvil,Android,MEDELLÍN,3.0,5,No
TXN-0005483,2023-10-06,17448.0,Electrónica,451155.0,Contraentrega,App móvil,Android,Bogotá,1.0,5,No
TXN-0001191,2022-11-27,43475.0,Deportes,119373.0,Contraentrega,App móvil,iOS,Bogotá,3.0,5,No
TXN-0007316,2022-12-07,44521.0,Juguetes,54225.0,Contraentrega,Sitio web,Desktop,Bogotá,4.0,5,No
TXN-0000686,2024-07-12,40178.0,Electrónica,1275487.0,Billetera digital,App móvil,Android,Bogotá,5.0,5,Sí
TXN-0006390,2024-05-25,16256.0,Electrónica,602243.0,PSE,Sitio web,Android,Cali,1.0,5,No
TXN-0002064,2024-05-06,53686.0,Mascotas,33935.0,PSE,Sitio web,Android,Barranquilla,8.0,3,No
TXN-0006206,2024-04-04,10252.0,Libros,85963.0,Tarjeta crédito,App móvil,Desktop,Bucaramanga,2.0,5,No
TXN-0006100,2023-12-23,12499.0,Hogar,179629.0,Tarjeta crédito,Sitio web,,Bucaramanga,2.0,5,No
TXN-0001832,2023-01-07,11435.0,Electrónica,502574.0,Tarjeta crédito,Sitio web,Desktop,Bogotá,4.0,5,No
TXN-0003527,2024-10-24,40672.0,Deportes,93575.0,Tarjeta crédito,Sitio web,Android,Ibagué,2.0,5,No
TXN-0005376,2023-12-17,51369.0,Hogar,299834.0,Tarjeta crédito,Sitio web,Android,Barranquilla,3.0,5,No
TXN-0003935,2022-12-09,17584.0,Belleza,91255.0,Tarjeta débito,App móvil,Android,Bogotá,8.0,5,No
TXN-0007253,2023-08-30,11201.0,Deportes,244854.0,PSE,Sitio web,iOS,Medellín,6.0,5,No
TXN-0003944,2022-08-03,57068.0,Deportes,156358.0,Tarjeta crédito,App móvil,Desktop,Ibagué,4.0,5,No
TXN-0000405,2023-09-23,49938.0,Juguetes,63497.0,Contraentrega,App móvil,iOS,Barranquilla,1.0,5,No
TXN-0006222,2023-04-30,52374.0,Electrónica,489563.0,Tarjeta crédito,App móvil,Android,Manizales,4.0,5,No
TXN-0004153,2023-11-08,22374.0,Juguetes,106006.0,Contraentrega,App móvil,Android,Pereira,5.0,5,Sí
TXN-0003134,2024-12-21,43774.0,Electrónica,457503.0,Tarjeta crédito,App móvil,Desktop,Manizales,2.0,5,Sí
TXN-0002334,2023-09-22,,Mascotas,74708.0,Tarjeta crédito,Sitio web,Android,Bogotá,5.0,5,No
TXN-0007357,2024-03-26,16870.0,Hogar,75901.0,Contraentrega,App móvil,Desktop,Barranquilla,5.0,5,No
TXN-0006670,2024-11-04,24066.0,Belleza,85791.0,Tarjeta débito,Sitio web,Android,Cali,2.0,5,No
TXN-0006523,2023-12-28,59174.0,Deportes,128922.0,Tarjeta débito,Sitio web,iOS,Barranquilla,1.0,5,No
,2024-07-27,19433.0,Hogar,202370.0,Contraentrega,Sitio web,Android,Cali,2.0,5,No
TXN-0000589,2024-02-23,54331.0,Electrónica,389295.0,Billetera digital,App móvil,Android,Cali,7.0,5,No
TXN-0002787,2024-03-06,21773.0,Electrónica,1180414.0,PSE,App móvil,Desktop,Medellín,5.0,5,No
TXN-0001969,2023-01-25,23898.0,Electrónica,531644.0,PSE,App móvil,Desktop,Cali,3.0,5,No
TXN-0007167,2022-10-08,41411.0,Moda,120984.0,Tarjeta débito,App móvil,Desktop,Barranquilla,1.0,5,No
TXN-0005074,2022-06-04,43989.0,Belleza,46430.0,Tarjeta crédito,Sitio web,Android,Bogotá,4.0,5,No
TXN-0004812,2023-12-27,46537.0,Moda,215933.0,Tarjeta crédito,Sitio web,Android,Bogotá,2.0,5,No
TXN-0003948,2022-05-17,50851.0,Belleza,71765.0,Contraentrega,Sitio web,iOS,Bucaramanga,4.0,5,No
TXN-0006643,2024-04-04,25843.0,Moda,82053.0,Tarjeta débito,Sitio web,iOS,Medellín,5.0,5,No
TXN-0006323,2024-04-22,47271.0,Belleza,66745.0,Billetera digital,App móvil,Android,Cartagena,3.0,5,No
TXN-0004674,2023-06-06,31570.0,Moda,107546.0,Billetera digital,App móvil,iOS,Barranquilla,3.0,5,No
TXN-0000026,2022-12-27,43767.0,Electrónica,310905.0,Tarjeta débito,App móvil,iOS,Medellín,6.0,5,No
TXN-0002321,2023-09-14,22702.0,Moda,73797.0,Contraentrega,App móvil,Desktop,Medellín,8.0,4,No
TXN-0003072,2022-05-22,49736.0,ALIMENTOS,62323.0,Tarjeta crédito,Sitio web,iOS,Medellín,3.0,5,No
TXN-0007835,,56991.0,Electrónica,564822.0,Tarjeta crédito,App móvil,Desktop,Pereira,1.0,5,No
TXN-0000982,2024-11-08,24580.0,Electrónica,474749.0,Contraentrega,App móvil,iOS,Medellín,5.0,5,No
TXN-0006159,2024-08-23,29999.0,Hogar,205831.0,PSE,Sitio web,Android,Medellín,6.0,5,No
TXN-0007066,2023-09-17,50284.0,Hogar,78686.0,Tarjeta crédito,Sitio web,iOS,Ibagué,4.0,5,No
TXN-0007994,2022-07-03,54229.0,Electrónica,650244.0,PSE,App móvil,Desktop,Pereira,3.0,5,No
TXN-0002708,2022-03-26,17574.0,Hogar,181718.0,Billetera digital,Sitio web,iOS,Cartagena,8.0,4,No
TXN-0004345,2024-12-27,15642.0,Hogar,189689.0,PSE,Sitio web,Desktop,Bogotá,3.0,5,No
TXN-0000274,2024-02-17,30943.0,Hogar,212622.0,Tarjeta crédito,Sitio web,iOS,Bogotá,2.0,5,Sí
TXN-0007348,2023-07-03,45144.0,Juguetes,131457.0,Tarjeta débito,Sitio web,iOS,Bogotá,4.0,5,Sí
TXN-0000372,2023-06-28,38918.0,Moda,79795.0,Tarjeta crédito,App móvil,Android,Cúcuta,6.0,5,No
TXN-0007746,2022-04-07,14546.0,Moda,43918.0,Contraentrega,App móvil,Android,Medellín,3.0,5,No
TXN-0002854,2024-04-01,29382.0,Deportes,144134.0,Tarjeta débito,App móvil,iOS,Bogotá,2.0,5,No
TXN-0005564,2023-09-14,59067.0,Belleza,77293.0,PSE,App móvil,Android,Cúcuta,5.0,5,No
TXN-0007467,2024-03-27,26642.0,Electrónica,803800.0,Tarjeta débito,App móvil,Android,Bogotá,5.0,5,No
TXN-0000201,2024-04-17,56537.0,Hogar,115917.0,Tarjeta crédito,App móvil,iOS,Bogotá,8.0,3,No
TXN-0001219,2023-09-17,56730.0,Moda,163527.0,Tarjeta crédito,App móvil,iOS,Barranquilla,6.0,5,No
TXN-0005009,2024-09-23,41880.0,Tecnología,622679.0,Tarjeta crédito,App móvil,,Pereira,3.0,5,No
TXN-0007419,2022-08-18,28168.0,Libros,73546.0,Tarjeta crédito,Sitio web,Android,Medellín,5.0,5,No
TXN-0002816,2023-08-05,38242.0,Alimentos,36818.0,PSE,App móvil,iOS,Cúcuta,4.0,5,No
,2022-08-30,28998.0,Deportes,251878.0,Tarjeta crédito,App móvil,Android,Bogotá,9.0,5,No
TXN-0006522,2022-05-28,51167.0,Juguetes,55168.0,PSE,App móvil,Android,Cúcuta,3.0,5,No
TXN-0003516,2022-03-30,56131.0,Libros,63443.0,PSE,App móvil,Android,Cali,4.0,5,Sí
TXN-0007425,2024-02-21,21481.0,Hogar,99197.0,PSE,App móvil,Android,Cartagena,9.0,4,No
TXN-0002006,2024-02-20,43985.0,Electrónica,955064.0,Tarjeta débito,Sitio web,Android,Bogotá,3.0,5,No
TXN-0007664,2022-11-04,19869.0,Juguetes,88760.0,Tarjeta débito,Sitio web,Desktop,Bogotá,4.0,5,No
TXN-0002679,2024-07-31,36329.0,Belleza,89386.0,PSE,Sitio web,iOS,Bogotá,1.0,5,No
TXN-0002958,2024-01-12,27175.0,Libros,64493.0,Tarjeta crédito,Sitio web,Android,Cali,5.0,5,No
TXN-0004270,2022-10-13,39031.0,HOGAR,178986.0,Tarjeta crédito,App móvil,Android,Medellín,4.0,5,No
TXN-0005253,2024-02-24,29930.0,Electrónica,521415.0,Tarjeta crédito,Sitio web,Android,Cali,4.0,5,No
TXN-0007081,2023-12-15,55096.0,Deportes,282779.0,Contraentrega,App móvil,iOS,Manizales,5.0,5,Sí
TXN-0007044,2023-03-08,37631.0,Belleza,121699.0,PSE,Sitio web,Desktop,Bogotá,4.0,5,No
TXN-0001334,2022-07-24,33067.0,Belleza,105557.0,PSE,App móvil,Android,CALI,9.0,5,No
TXN-0007975,2022-07-20,13360.0,Moda,73152.0,PSE,Sitio web,Desktop,Manizales,5.0,5,No
TXN-0007021,2023-08-06,17694.0,Tecnología,1381698.0,PSE,App móvil,Android,Pereira,4.0,5,No
TXN-0005310,2023-09-10,,Libros,45082.0,Tarjeta crédito,App móvil,iOS,Bogotá,5.0,5,No
TXN-0004792,2022-03-20,23060.0,Moda,77017.0,Contraentrega,App móvil,iOS,Cali,3.0,5,No
TXN-0000607,,43915.0,Alimentos,54172.0,Tarjeta crédito,App móvil,iOS,Bogotá,5.0,5,No
TXN-0005936,2024-12-03,38865.0,Alimentos,30640.0,Tarjeta débito,Sitio web,Android,Medellín,8.0,5,No
TXN-0002541,2023-03-14,53393.0,Moda,182096.0,Tarjeta débito,Sitio web,iOS,CALI,7.0,5,No
,2022-12-02,25896.0,Moda,170814.0,Tarjeta crédito,Sitio web,Android,Cúcuta,4.0,5,No
TXN-0001965,2023-08-15,32983.0,Electrónica,213478.0,Tarjeta crédito,Sitio web,Desktop,Cali,4.0,5,No
TXN-0004928,2023-07-09,32309.0,Libros,60753.0,Contraentrega,App móvil,Android,Medellín,1.0,5,No
TXN-0003891,2023-10-12,43697.0,Belleza,80554.0,Tarjeta débito,Sitio web,Android,Manizales,4.0,5,No
TXN-0001208,2023-04-05,56749.0,Libros,42441.0,Contraentrega,App móvil,Desktop,Barranquilla,6.0,5,No
TXN-0002645,2024-09-29,27127.0,Hogar,167396.0,Tarjeta crédito,App móvil,Android,Cúcuta,7.0,5,No
TXN-0003671,2024-02-08,15569.0,Mascotas,118269.0,Billetera digital,App móvil,iOS,Bogotá,7.0,5,No
TXN-0005668,2024-03-07,15376.0,Juguetes,16250.0,Tarjeta crédito,Sitio web,iOS,Bogotá,3.0,5,No
TXN-0006540,2023-07-05,52949.0,Electrónica,655902.0,Tarjeta crédito,App móvil,Desktop,Cali,5.0,5,Sí
TXN-0001143,2024-01-03,46281.0,Hogar,244200.0,Tarjeta crédito,Sitio web,iOS,Medellín,3.0,5,No
TXN-0007128,2024-08-14,18062.0,JUGUETES,129304.0,Billetera digital,App móvil,iOS,Bogotá,7.0,5,Sí
,2023-11-08,33595.0,Moda,169818.0,Tarjeta crédito,Sitio web,Desktop,Medellín,1.0,5,No
TXN-0003774,2024-11-07,21916.0,Moda,86770.0,Tarjeta crédito,App móvil,Android,Cali,8.0,5,No
TXN-0001768,2023-12-01,15925.0,Hogar,209973.0,Tarjeta débito,App móvil,Android,Cali,6.0,5,No
TXN-0000291,2022-08-15,34347.0,Tecnología,795942.0,Tarjeta crédito,App móvil,Android,Bogotá,3.0,5,No
TXN-0005947,2022-08-03,22859.0,Moda,111527.0,Billetera digital,App móvil,Android,Medellín,4.0,5,No
TXN-0000293,2024-11-07,29967.0,Hogar,204574.0,Billetera digital,App móvil,Android,Medellín,5.0,5,No
TXN-0000536,2023-04-08,55674.0,Moda,230855.0,PSE,App móvil,Android,Bogotá,3.0,5,No
TXN-0004637,2024-02-09,42239.0,Electrónica,947695.0,Tarjeta crédito,App móvil,,Barranquilla,4.0,5,No
TXN-0002458,2022-07-09,50938.0,Moda,99267.0,Tarjeta débito,App móvil,Android,Bogotá,6.0,5,No
TXN-0006184,2024-05-25,40973.0,Juguetes,97611.0,Tarjeta crédito,Sitio web,Desktop,Bucaramanga,4.0,5,No
TXN-0002518,2022-09-05,29749.0,Electrónica,525200.0,Tarjeta crédito,Sitio web,iOS,Bucaramanga,4.0,5,No
TXN-0006484,2022-06-06,50935.0,Belleza,77823.0,Tarjeta crédito,App móvil,Android,Bogotá,1.0,5,No
TXN-0005530,2024-01-15,59812.0,Electrónica,630094.0,Tarjeta crédito,App móvil,Desktop,Medellín,4.0,5,No
TXN-0007619,2023-05-12,,Moda,147570.0,Tarjeta débito,Sitio web,Android,Barranquilla,1.0,5,No
TXN-0006118,2023-11-23,10476.0,Moda,164715.0,Tarjeta crédito,App móvil,iOS,Bogotá,2.0,5,No
TXN-0000570,2023-06-28,45877.0,Moda,136302.0,Tarjeta crédito,App móvil,Android,Cartagena,5.0,5,No
TXN-0003164,,53087.0,Libros,49089.0,Tarjeta débito,App móvil,Android,Bucaramanga,4.0,5,No
TXN-0001000,2023-10-23,36874.0,Alimentos,46145.0,PSE,Sitio web,Desktop,Cali,7.0,5,No
TXN-0003958,2022-10-30,18891.0,Alimentos,54212.0,Tarjeta crédito,App móvil,Android,Cartagena,3.0,5,No
TXN-0006700,2023-09-04,,Hogar,168241.0,Tarjeta débito,App móvil,iOS,Cali,3.0,5,No
TXN-0006276,2024-12-24,10231.0,Mascotas,41198.0,Billetera digital,Sitio web,iOS,Cali,3.0,5,No
TXN-0003951,2023-11-19,16810.0,Juguetes,118599.0,Tarjeta débito,App móvil,,Bogotá,6.0,5,No
TXN-0003682,2024-10-06,22457.0,Tecnología,1086600.0,PSE,App móvil,Desktop,Barranquilla,3.0,5,No
TXN-0005164,2022-12-20,18236.0,Juguetes,98299.0,Billetera digital,App móvil,Android,Cali,6.0,5,No
TXN-0005192,2023-09-15,13938.0,Electrónica,1053378.0,Contraentrega,Sitio web,Android,Cali,3.0,5,No
TXN-0006605,2024-07-03,53973.0,Electrónica,709645.0,Tarjeta crédito,App móvil,iOS,Ibagué,7.0,5,No
TXN-0007617,2023-01-06,,Belleza,90454.0,Contraentrega,App móvil,Desktop,Pereira,3.0,5,No
,2023-09-22,37613.0,HOGAR,90912.0,Tarjeta crédito,App móvil,iOS,Pereira,3.0,5,Sí
TXN-0005190,2023-04-12,41079.0,Moda,142127.0,Contraentrega,App móvil,Android,Medellín,4.0,5,No
TXN-0003310,2022-11-27,17411.0,Moda,5000.0,Contraentrega,App móvil,iOS,Pereira,4.0,5,No
TXN-0001967,,,Belleza,110373.0,PSE,App móvil,Android,Barranquilla,4.0,5,No
,2023-05-04,49835.0,Libros,55236.0,Contraentrega,Sitio web,Android,Bogotá,2.0,5,No
TXN-0007386,2024-11-06,56340.0,Belleza,65510.0,Billetera digital,App móvil,Android,CALI,6.0,5,No
TXN-0007767,2024-07-05,12291.0,Belleza,129407.0,Tarjeta crédito,App móvil,Desktop,Medellín,4.0,5,No
TXN-0001568,2023-10-17,36001.0,Hogar,156473.0,Billetera digital,App móvil,Android,Cúcuta,4.0,5,No
TXN-0005654,2022-03-03,11467.0,Electrónica,577744.0,Contraentrega,Sitio web,Android,Medellín,7.0,5,No
TXN-0005569,,56019.0,Moda,169606.0,Tarjeta crédito,App móvil,iOS,Ibagué,5.0,5,No
TXN-0006037,2024-03-25,31364.0,Belleza,111200.0,Contraentrega,Sitio web,Android,Cali,6.0,5,Sí
TXN-0006377,2023-06-16,41973.0,Belleza,82790.0,Contraentrega,App móvil,,Bogotá,3.0,5,No
TXN-0004177,2024-09-05,19483.0,Juguetes,56539.0,Tarjeta débito,App móvil,Desktop,Bogotá,5.0,5,No
TXN-0000214,2023-09-13,40121.0,Alimentos,37565.0,Contraentrega,App móvil,iOS,Cartagena,5.0,5,No
TXN-0005056,2023-01-12,19308.0,TECNOLOGÍA,1042192.0,Tarjeta crédito,App móvil,iOS,Pereira,7.0,5,No
TXN-0002242,2024-10-20,38761.0,Belleza,139755.0,PSE,Sitio web,Android,Manizales,3.0,5,No
TXN-0001372,2024-11-28,35308.0,Moda,94149.0,Contraentrega,App móvil,Desktop,Bucaramanga,9.0,5,No
TXN-0000468,2024-11-02,57674.0,Electrónica,343741.0,PSE,App móvil,Desktop,Bogotá,6.0,5,No
TXN-0001329,2024-01-26,34268.0,Juguetes,178034.0,Tarjeta débito,App móvil,iOS,Cali,4.0,5,No
TXN-0002869,2022-10-19,44701.0,Moda,155215.0,Billetera digital,App móvil,iOS,Bogotá,4.0,5,No
TXN-0004765,2024-11-21,10914.0,Hogar,186707.0,PSE,Sitio web,iOS,Cali,3.0,5,No
TXN-0005039,2022-01-12,15993.0,Alimentos,34620.0,PSE,App móvil,Android,Bogotá,8.0,4,No
TXN-0000350,2023-11-26,11832.0,Tecnología,735228.0,Tarjeta débito,Sitio web,Android,Cali,2.0,5,No
TXN-0003895,2022-05-29,30240.0,Moda,115557.0,Tarjeta crédito,App móvil,Android,Cali,5.0,5,No
TXN-0003675,2024-11-09,34161.0,Electrónica,943128.0,PSE,Sitio web,Android,Pereira,6.0,5,No
TXN-0006941,2023-08-19,14082.0,Juguetes,125593.0,Tarjeta crédito,Sitio web,iOS,Bogotá,4.0,5,No
TXN-0002117,2023-12-03,59376.0,Alimentos,41258.0,PSE,App móvil,Android,Cartagena,3.0,5,No
TXN-0002378,2022-10-31,32753.0,Moda,118399.0,PSE,App móvil,Android,Manizales,5.0,5,No
TXN-0002689,2022-07-31,39641.0,Juguetes,83583.0,PSE,Sitio web,iOS,Bogotá,3.0,5,No
TXN-0005717,2022-11-21,19999.0,Moda,65744.0,PSE,App móvil,Desktop,Cartagena,3.0,5,No
TXN-0004087,2022-01-14,55334.0,Deportes,76658.0,Contraentrega,App móvil,Android,Bogotá,2.0,5,No
TXN-0005486,2022-03-19,29846.0,Moda,101703.0,Contraentrega,App móvil,Android,Bucaramanga,4.0,5,No
TXN-0002148,2024-08-10,17327.0,Deportes,138063.0,Tarjeta crédito,Sitio web,iOS,Barranquilla,6.0,5,No
TXN-0002376,2023-03-09,51042.0,Juguetes,18077.0,Tarjeta crédito,Sitio web,Android,Bogotá,5.0,5,Sí
TXN-0006742,2024-06-22,11666.0,Hogar,216128.0,Contraentrega,Sitio web,Android,Medellín,5.0,5,No
TXN-0004937,2023-02-11,41803.0,Moda,142978.0,Tarjeta débito,App móvil,Android,Bogotá,4.0,5,No
TXN-0000455,2022-11-15,27879.0,Electrónica,686975.0,Tarjeta crédito,Sitio web,Desktop,Cali,6.0,5,No
TXN-0000332,2024-12-16,44161.0,Juguetes,34128.0,Tarjeta crédito,Sitio web,iOS,Cartagena,2.0,5,No
TXN-0007236,,,Hogar,273312.0,Tarjeta crédito,App móvil,Android,Cali,2.0,5,No
TXN-0001410,2024-04-28,34100.0,Libros,43003.0,Tarjeta débito,App móvil,Desktop,Ibagué,4.0,5,No
TXN-0003888,2024-07-29,,Electrónica,1246410.0,Tarjeta crédito,App móvil,,Bogotá,3.0,5,No
TXN-0002919,2023-08-16,11007.0,Belleza,37373.0,Billetera digital,Sitio web,Android,Medellín,3.0,5,No
TXN-0003635,2024-02-29,29943.0,Juguetes,100928.0,Tarjeta débito,Sitio web,Android,Bogotá,4.0,5,No
TXN-0007996,2022-05-11,48612.0,Tecnología,502704.0,Tarjeta débito,Sitio web,Android,Cartagena,6.0,5,No
TXN-0006768,2022-02-17,25616.0,Alimentos,14499.0,Tarjeta crédito,App móvil,Desktop,Ibagué,7.0,5,No
TXN-0001274,2023-02-03,34455.0,Deportes,166049.0,PSE,App móvil,Desktop,Medellín,4.0,5,No
TXN-0007793,2024-01-16,37066.0,DEPORTES,58192.0,Tarjeta crédito,App móvil,Desktop,Cali,5.0,5,No
TXN-0001898,2024-10-23,30232.0,Moda,73207.0,Tarjeta crédito,Sitio web,Android,Ibagué,5.0,5,No
TXN-0003668,2022-10-29,31951.0,Tecnología,960434.0,Contraentrega,Sitio web,Android,Manizales,4.0,5,No
TXN-0004183,2022-04-19,21078.0,Electrónica,740536.0,Tarjeta crédito,Sitio web,Desktop,Barranquilla,6.0,5,No
TXN-0002640,2024-01-21,38669.0,Alimentos,48444.0,Tarjeta crédito,Sitio web,Android,Barranquilla,5.0,5,No
TXN-0006297,2024-12-05,32256.0,Electrónica,665479.0,Billetera digital,App móvil,Android,Bogotá,7.0,5,No
TXN-0007921,2023-08-26,37948.0,Tecnología,1123012.0,Tarjeta crédito,Sitio web,Desktop,Bucaramanga,4.0,5,No
TXN-0007420,2022-06-16,47770.0,Juguetes,18129.0,PSE,App móvil,iOS,Barranquilla,2.0,5,No
TXN-0003820,,55535.0,Alimentos,93744.0,Contraentrega,App móvil,Android,Bucaramanga,5.0,5,No
TXN-0000018,2022-11-03,38058.0,Electrónica,1066972.0,Billetera digital,Sitio web,Android,MEDELLÍN,6.0,5,No
TXN-0001021,2022-12-08,21401.0,Moda,201534.0,Billetera digital,App móvil,,Bucaramanga,2.0,5,No
TXN-0003233,2023-02-23,55027.0,Libros,55728.0,Tarjeta crédito,App móvil,Android,Ibagué,4.0,5,No
,2024-12-31,13994.0,Electrónica,839077.0,PSE,App móvil,Android,Ibagué,4.0,5,No
TXN-0007829,2024-12-19,29392.0,Electrónica,760030.0,Tarjeta débito,App móvil,Android,Bucaramanga,8.0,5,No
TXN-0003423,2022-01-17,56257.0,Electrónica,695048.0,Tarjeta crédito,App móvil,Android,Bucaramanga,3.0,5,No
TXN-0004228,2024-04-02,51198.0,Juguetes,76943.0,Billetera digital,App móvil,Android,Medellín,5.0,5,No
TXN-0004729,2022-04-23,59044.0,Moda,84698.0,Tarjeta débito,App móvil,iOS,BOGOTÁ,3.0,5,No
TXN-0007801,2022-11-24,42070.0,Electrónica,518729.0,Contraentrega,App móvil,iOS,Cúcuta,2.0,5,No
TXN-0003980,2022-04-29,55365.0,Electrónica,537779.0,Tarjeta crédito,App móvil,Desktop,BOGOTÁ,3.0,5,No
TXN-0002258,,39156.0,Hogar,206872.0,Tarjeta débito,App móvil,Android,Bogotá,3.0,5,No
TXN-0003280,2024-07-26,13990.0,Libros,66812.0,Tarjeta débito,Sitio web,iOS,Cali,1.0,5,No
TXN-0002392,2024-10-25,43792.0,Juguetes,129599.0,Billetera digital,Sitio web,iOS,Bogotá,5.0,5,No
,2024-11-30,18361.0,Hogar,213231.0,Contraentrega,App móvil,Desktop,Cali,6.0,5,No
TXN-0007826,2022-08-01,45625.0,Libros,87470.0,Billetera digital,Sitio web,Android,Bogotá,2.0,5,No
TXN-0006304,2024-10-31,47203.0,Electrónica,825575.0,Tarjeta débito,Sitio web,iOS,Medellín,6.0,5,No
TXN-0000530,2022-06-21,44093.0,Belleza,98958.0,Tarjeta débito,App móvil,Android,Cali,4.0,5,No
TXN-0000233,2023-05-11,32260.0,Moda,133199.0,Contraentrega,App móvil,iOS,Bogotá,3.0,5,No
TXN-0001298,2022-10-20,57713.0,Belleza,98075.0,Tarjeta crédito,Sitio web,iOS,Bogotá,6.0,5,No
TXN-0000206,2022-12-14,44497.0,Libros,81213.0,Billetera digital,App móvil,Android,Cali,6.0,5,No
,2022-04-02,34703.0,Mascotas,39186.0,Tarjeta crédito,Sitio web,,Barranquilla,3.0,5,No
TXN-0001503,2023-09-19,37637.0,Alimentos,55361.0,Billetera digital,App móvil,Android,BOGOTÁ,1.0,5,No
TXN-0001537,2024-11-18,40038.0,Deportes,139188.0,Contraentrega,Sitio web,Desktop,Cartagena,5.0,5,No
TXN-0004680,2023-10-23,13877.0,Hogar,175193.0,Tarjeta débito,Sitio web,,Cartagena,1.0,5,No
TXN-0003129,2023-03-30,23545.0,Tecnología,1535799.0,Tarjeta crédito,Sitio web,Android,Cartagena,3.0,5,No
TXN-0001065,2024-08-04,29470.0,Hogar,225169.0,Tarjeta crédito,Sitio web,Android,Cali,2.0,5,No
TXN-0005752,2023-12-09,25917.0,Deportes,150834.0,Contraentrega,App móvil,iOS,Medellín,7.0,5,No
TXN-0000282,2024-09-06,53385.0,Tecnología,1231147.0,Billetera digital,Sitio web,Android,Bogotá,4.0,5,No
TXN-0007203,2023-12-15,33033.0,Libros,89631.0,Billetera digital,App móvil,Android,Bogotá,3.0,5,No
TXN-0006550,2022-07-06,19160.0,Hogar,203551.0,Contraentrega,App móvil,Desktop,Medellín,4.0,5,No
TXN-0003124,2024-10-15,37027.0,Alimentos,46175.0,Tarjeta crédito,App móvil,Desktop,Manizales,6.0,5,No
TXN-0005490,2024-10-10,29002.0,HOGAR,155148.0,PSE,Sitio web,Desktop,Bogotá,4.0,5,No
TXN-0003712,2023-10-22,32592.0,BELLEZA,85360.0,Tarjeta crédito,App móvil,Android,Ibagué,4.0,5,No
TXN-0000088,2022-09-19,53170.0,Belleza,5000.0,Tarjeta crédito,App móvil,Android,Medellín,5.0,5,No
TXN-0000925,2023-01-25,39464.0,Electrónica,122901.0,PSE,App móvil,Android,Bogotá,2.0,5,No
TXN-0001497,2023-10-06,29492.0,Juguetes,96436.0,Tarjeta débito,App móvil,Desktop,Bogotá,3.0,5,No
TXN-0003141,2022-04-11,39342.0,Alimentos,68124.0,Tarjeta débito,App móvil,Desktop,Cartagena,3.0,5,No
TXN-0004566,2023-10-08,21892.0,Moda,161153.0,Tarjeta crédito,App móvil,iOS,Pereira,5.0,5,No
TXN-0004711,2023-10-04,51644.0,Moda,80718.0,Tarjeta débito,App móvil,Android,Bogotá,5.0,5,No
TXN-0004503,2024-07-20,18770.0,Deportes,33260.0,Tarjeta débito,Sitio web,Desktop,Cartagena,7.0,5,No
TXN-0007775,2024-03-02,34072.0,Moda,70069.0,Tarjeta crédito,Sitio web,Desktop,Manizales,4.0,5,No
TXN-0007209,2023-05-19,49689.0,Mascotas,69025.0,Tarjeta débito,App móvil,Android,Cúcuta,5.0,5,No
TXN-0005258,2022-05-10,10075.0,Deportes,182675.0,Tarjeta crédito,Sitio web,iOS,Cali,2.0,5,No
TXN-0003255,2024-01-15,18523.0,Alimentos,47176.0,Tarjeta crédito,App móvil,Android,Bucaramanga,2.0,5,No
TXN-0002842,2024-10-03,57040.0,Juguetes,121682.0,PSE,App móvil,iOS,Ibagué,4.0,5,Sí
TXN-0007934,2022-01-17,11789.0,Moda,69026.0,PSE,Sitio web,Android,Medellín,7.0,5,No
TXN-0006579,2022-04-09,33291.0,Moda,104482.0,Tarjeta débito,Sitio web,Android,Ibagué,5.0,5,No
TXN-0005179,2024-03-10,22140.0,Moda,65994.0,Contraentrega,App móvil,Android,Cartagena,6.0,5,No
TXN-0003585,2023-07-15,57075.0,Mascotas,38614.0,Tarjeta crédito,Sitio web,Android,Barranquilla,3.0,5,No
TXN-0002812,2022-07-10,32249.0,Moda,59240.0,Billetera digital,App móvil,Android,Barranquilla,4.0,5,No
TXN-0003401,2022-01-28,47465.0,Juguetes,84196.0,PSE,App móvil,Android,Cali,1.0,5,No
TXN-0002943,2022-07-07,14321.0,Electrónica,497330.0,PSE,App móvil,Android,Barranquilla,4.0,5,No
TXN-0001764,2024-05-10,45270.0,Moda,227731.0,Billetera digital,Sitio web,Android,Medellín,2.0,5,No
TXN-0004070,2022-10-02,21044.0,Electrónica,232439.0,Tarjeta crédito,App móvil,Android,Bogotá,4.0,5,No
TXN-0005194,2023-12-28,30602.0,Electrónica,429104.0,Billetera digital,Sitio web,Android,Cúcuta,4.0,5,No
TXN-0007487,2024-11-16,12486.0,MODA,93369.0,Tarjeta débito,Sitio web,iOS,PEREIRA,7.0,5,No
TXN-0005646,2022-08-21,25981.0,Moda,35095.0,Billetera digital,App móvil,iOS,Bogotá,5.0,5,No
TXN-0007521,2022-10-05,39528.0,Tecnología,760314.0,Contraentrega,Sitio web,iOS,Cali,3.0,5,No
TXN-0004930,2022-07-29,59978.0,Alimentos,80254.0,Tarjeta crédito,Sitio web,Desktop,Ibagué,3.0,5,No
TXN-0003768,2022-05-31,14251.0,Libros,97090.0,Tarjeta crédito,App móvil,iOS,CALI,6.0,5,No
TXN-0000545,2022-07-25,,Deportes,223813.0,Tarjeta crédito,App móvil,iOS,Cali,5.0,5,No
TXN-0004830,2024-12-31,38243.0,Belleza,117023.0,PSE,Sitio web,Android,Medellín,3.0,5,No
TXN-0004371,2022-03-30,42137.0,Juguetes,71511.0,PSE,App móvil,Android,Bogotá,7.0,5,No
TXN-0002999,2024-08-06,11870.0,Moda,64239.0,Tarjeta crédito,App móvil,Android,Bogotá,3.0,5,No
TXN-0004532,,,Electrónica,727489.0,Contraentrega,Sitio web,Android,Bogotá,3.0,5,No
TXN-0004544,2023-12-11,12462.0,Hogar,193965.0,PSE,App móvil,Android,Pereira,3.0,5,No
TXN-0007910,2024-04-07,54751.0,Mascotas,49472.0,Tarjeta crédito,Sitio web,Android,CALI,6.0,5,No
TXN-0002381,2024-10-17,19987.0,Belleza,105809.0,PSE,App móvil,Android,Cúcuta,1.0,5,No
TXN-0001296,,21474.0,Deportes,190311.0,Tarjeta crédito,App móvil,Android,Cúcuta,4.0,5,No
TXN-0007723,2024-03-21,43272.0,Tecnología,1077434.0,Tarjeta crédito,App móvil,iOS,Cali,4.0,5,No
TXN-0007540,2023-05-20,58321.0,Moda,177407.0,Tarjeta débito,Sitio web,Android,Bogotá,3.0,5,No
TXN-0007489,2022-04-25,27805.0,Belleza,71783.0,Tarjeta crédito,App móvil,,Ibagué,7.0,5,No
TXN-0004727,2024-12-23,35739.0,Mascotas,28691.0,Tarjeta débito,App móvil,Android,Bogotá,2.0,5,No
TXN-0005415,2022-09-23,25949.0,Tecnología,1072978.0,Tarjeta crédito,Sitio web,Android,Bogotá,1.0,5,No
TXN-0005183,2023-08-29,19213.0,Electrónica,448698.0,Billetera digital,Sitio web,iOS,Bogotá,5.0,5,No
TXN-0002344,2023-09-25,49892.0,Mascotas,60937.0,Tarjeta crédito,Sitio web,Android,Medellín,9.0,4,No
TXN-0007522,2023-05-01,13320.0,Deportes,40529.0,Tarjeta crédito,App móvil,,Pereira,3.0,5,No
TXN-0004501,2022-10-23,14621.0,Mascotas,77666.0,PSE,Sitio web,iOS,Bogotá,4.0,5,No
TXN-0002879,2022-03-16,15670.0,Alimentos,75415.0,PSE,App móvil,iOS,Cartagena,3.0,5,No
TXN-0007729,2022-08-04,52083.0,Libros,87778.0,PSE,App móvil,iOS,Cali,5.0,5,No
TXN-0007515,2022-10-21,53670.0,Electrónica,691096.0,Tarjeta crédito,App móvil,iOS,Bucaramanga,4.0,5,No
TXN-0005176,2022-11-05,21753.0,Juguetes,100051.0,PSE,Sitio web,iOS,Medellín,4.0,5,Sí
TXN-0002153,2024-08-18,23224.0,Tecnología,1799530.0,Tarjeta crédito,App móvil,Android,Manizales,5.0,5,No
TXN-0001188,2022-04-03,38269.0,Juguetes,134026.0,Tarjeta débito,Sitio web,iOS,Cúcuta,4.0,5,No
TXN-0002076,2023-11-08,41639.0,DEPORTES,63651.0,PSE,Sitio web,Android,Bogotá,6.0,5,No
TXN-0005150,2024-10-14,12998.0,Moda,181375.0,Contraentrega,App móvil,Android,Pereira,6.0,5,No
TXN-0006253,2022-02-14,41484.0,Juguetes,194332.0,Billetera digital,Sitio web,Android,Ibagué,2.0,5,No
TXN-0005678,2024-11-25,16288.0,Deportes,127925.0,Tarjeta crédito,Sitio web,Android,Bogotá,5.0,5,No
TXN-0004418,2023-03-14,39385.0,Belleza,16743.0,Tarjeta crédito,Sitio web,iOS,Medellín,4.0,5,No
TXN-0007933,,39666.0,Deportes,197935.0,PSE,App móvil,Android,Bogotá,5.0,5,No
TXN-0003427,2022-12-25,50284.0,Tecnología,346158.0,Tarjeta crédito,App móvil,Android,Manizales,5.0,5,No
TXN-0001264,2022-07-10,37518.0,Tecnología,1325109.0,Contraentrega,App móvil,iOS,Bogotá,2.0,5,No
TXN-0001166,2024-01-02,26709.0,Hogar,229323.0,Contraentrega,Sitio web,Desktop,Medellín,2.0,5,No
TXN-0003720,2024-12-07,52789.0,Mascotas,74020.0,PSE,App móvil,Android,Ibagué,2.0,5,No
TXN-0003521,2022-01-29,25715.0,Libros,61837.0,Contraentrega,Sitio web,Desktop,Cali,2.0,5,No
TXN-0007031,2023-12-18,30504.0,Moda,155188.0,PSE,Sitio web,iOS,Medellín,4.0,5,No
TXN-0002666,2023-08-05,34879.0,Deportes,242690.0,Tarjeta crédito,Sitio web,Android,Bogotá,5.0,5,No
TXN-0001530,2024-05-17,,Electrónica,153998.0,Tarjeta crédito,Sitio web,,Bogotá,6.0,5,No
TXN-0004991,2023-08-13,55254.0,Mascotas,59014.0,Tarjeta crédito,App móvil,Desktop,Bucaramanga,7.0,5,No
TXN-0006173,2024-08-23,31860.0,Hogar,137863.0,Billetera digital,Sitio web,Android,Barranquilla,5.0,5,No
TXN-0004427,2022-09-18,41995.0,Electrónica,455301.0,PSE,App móvil,Desktop,Bogotá,6.0,5,No
TXN-0007499,2024-11-03,44565.0,Electrónica,412045.0,Tarjeta débito,App móvil,Desktop,Pereira,3.0,5,No
TXN-0007035,2024-04-24,30109.0,Deportes,66508.0,Tarjeta crédito,Sitio web,Android,Cali,7.0,5,No
TXN-0003358,2023-05-28,10667.0,Electrónica,532028.0,Tarjeta crédito,Sitio web,Android,Bogotá,3.0,5,No
TXN-0001066,2023-10-13,13281.0,Hogar,178070.0,Billetera digital,App móvil,Android,Bogotá,3.0,5,No
TXN-0003505,2022-03-11,,Moda,155456.0,Tarjeta crédito,App móvil,Android,Cali,6.0,5,No
TXN-0006472,2023-04-25,17988.0,Tecnología,603430.0,Tarjeta crédito,App móvil,Android,Pereira,5.0,5,No
TXN-0002217,2024-05-20,51966.0,Belleza,77665.0,Tarjeta débito,Sitio web,Android,Manizales,5.0,5,No
TXN-0001463,2022-12-11,55108.0,Hogar,171491.0,Tarjeta débito,App móvil,iOS,Cali,1.0,5,No
TXN-0001586,2024-04-02,44769.0,Tecnología,1579453.0,Contraentrega,App móvil,Android,Bogotá,2.0,5,No
TXN-0001971,2024-05-31,16433.0,Belleza,60103.0,Tarjeta crédito,Sitio web,iOS,Bucaramanga,5.0,5,No
TXN-0001620,2022-10-27,48947.0,Hogar,306178.0,Tarjeta crédito,Sitio web,iOS,Cartagena,3.0,5,No
TXN-0003855,2022-05-08,25016.0,Electrónica,356156.0,Tarjeta crédito,App móvil,iOS,Barranquilla,7.0,5,No
TXN-0006242,2022-10-02,19096.0,Electrónica,550547.0,Tarjeta débito,App móvil,iOS,Bogotá,5.0,5,No
TXN-0002200,2024-06-22,24249.0,Deportes,121498.0,Tarjeta crédito,App móvil,Android,Cartagena,5.0,5,No
TXN-0004607,2022-04-19,51294.0,Hogar,151564.0,Tarjeta débito,App móvil,Desktop,Manizales,3.0,5,No
TXN-0001682,2024-07-13,37465.0,Deportes,92753.0,Tarjeta débito,App móvil,Android,Bogotá,8.0,5,No
TXN-0002194,2023-10-02,46022.0,Belleza,66243.0,Tarjeta débito,Sitio web,Android,Medellín,3.0,5,No
TXN-0002044,2023-07-28,52656.0,Moda,77534.0,Tarjeta crédito,Sitio web,Android,Cartagena,7.0,5,No
TXN-0001675,,15668.0,Belleza,143167.0,Tarjeta débito,App móvil,Desktop,Bogotá,6.0,5,No
TXN-0003135,2024-06-18,43624.0,Belleza,33475.0,Tarjeta crédito,Sitio web,iOS,Medellín,5.0,5,No
TXN-0007134,2024-07-08,25237.0,Belleza,106920.0,Billetera digital,Sitio web,Android,Manizales,6.0,5,No
TXN-0003419,2023-02-23,45531.0,Moda,97519.0,Tarjeta crédito,App móvil,Android,Pereira,2.0,5,Sí
TXN-0006863,2023-02-04,11845.0,Electrónica,883924.0,Billetera digital,App móvil,Android,BOGOTÁ,8.0,3,No
TXN-0002367,2024-03-21,31921.0,Deportes,136965.0,Tarjeta débito,App móvil,,Bogotá,3.0,5,No
TXN-0006412,2024-12-03,47546.0,Moda,167110.0,Tarjeta crédito,App móvil,Desktop,Cali,4.0,5,No
TXN-0000750,2023-07-26,11775.0,Deportes,192834.0,Tarjeta débito,Sitio web,Android,Bogotá,3.0,5,No
,2024-07-14,14696.0,Hogar,191138.0,Contraentrega,App móvil,Android,Bucaramanga,6.0,5,No
TXN-0007914,2023-10-23,31607.0,Belleza,48449.0,Tarjeta crédito,App móvil,Android,Cartagena,5.0,5,No
TXN-0000546,2022-10-03,30609.0,Hogar,145453.0,Contraentrega,App móvil,Android,Cúcuta,4.0,5,No
TXN-0003275,2023-04-29,59929.0,Belleza,90128.0,Tarjeta crédito,Sitio web,Desktop,Bucaramanga,6.0,5,No
TXN-0003713,2024-01-04,14403.0,Belleza,57997.0,Tarjeta crédito,App móvil,Android,BARRANQUILLA,2.0,5,Sí
TXN-0000126,2023-10-05,32229.0,Moda,54882.0,Contraentrega,App móvil,Android,Cali,3.0,5,No
TXN-0004921,2022-11-19,17404.0,BELLEZA,120275.0,Billetera digital,Sitio web,Android,Bogotá,6.0,5,No
TXN-0000697,,13961.0,Belleza,18121.0,Tarjeta débito,Sitio web,Android,CÚCUTA,4.0,5,No
TXN-0007614,2022-02-22,27857.0,Electrónica,564695.0,PSE,Sitio web,Android,Bogotá,4.0,5,No
TXN-0001353,2022-06-21,14098.0,Moda,166785.0,Tarjeta crédito,Sitio web,Android,Cúcuta,4.0,5,No
TXN-0001114,2022-09-03,46787.0,Tecnología,698314.0,Tarjeta crédito,Sitio web,iOS,Cali,7.0,5,No
TXN-0004879,2024-06-03,31834.0,Electrónica,854656.0,Tarjeta crédito,App móvil,Android,Bogotá,5.0,5,No
,2022-02-10,37422.0,Moda,98970.0,Tarjeta crédito,App móvil,Android,Barranquilla,3.0,5,No
TXN-0002765,2024-07-21,,Moda,121658.0,Tarjeta crédito,App móvil,Android,Cartagena,3.0,5,No
TXN-0000246,2023-08-03,19888.0,Deportes,54204.0,Tarjeta crédito,Sitio web,iOS,Cali,8.0,3,No
TXN-0006848,2022-02-19,20829.0,MODA,157270.0,Tarjeta débito,App móvil,Desktop,Barranquilla,4.0,5,No
TXN-0006575,2023-03-06,45326.0,Deportes,159587.0,Tarjeta crédito,App móvil,Desktop,Barranquilla,3.0,5,No
TXN-0007936,2023-06-14,27705.0,Alimentos,41390.0,Billetera digital,Sitio web,Android,Cartagena,3.0,5,No
TXN-0002203,2022-07-06,22858.0,Moda,133892.0,Tarjeta crédito,Sitio web,Android,Pereira,6.0,5,No
TXN-0003253,2023-06-22,39636.0,Electrónica,717386.0,Tarjeta débito,Sitio web,iOS,PEREIRA,4.0,5,No
,2024-11-08,14520.0,Moda,181623.0,Tarjeta crédito,Sitio web,Desktop,Bogotá,6.0,5,No
TXN-0000093,2023-01-08,46642.0,Electrónica,640879.0,Tarjeta crédito,App móvil,,Bogotá,3.0,5,No
TXN-0004762,2023-06-20,13363.0,Tecnología,1111617.0,Tarjeta crédito,App móvil,Desktop,Cali,3.0,5,No
TXN-0001136,2022-07-02,53797.0,Deportes,87668.0,Tarjeta crédito,Sitio web,Android,Bogotá,8.0,3,No
TXN-0004772,2023-03-09,58021.0,Moda,64851.0,Tarjeta débito,App móvil,Android,Bogotá,3.0,5,No
TXN-0006552,2024-04-23,42219.0,Tecnología,1170072.0,Tarjeta débito,Sitio web,iOS,Bogotá,3.0,5,No
TXN-0004231,2023-12-31,26425.0,Hogar,195787.0,Billetera digital,App móvil,Android,Ibagué,6.0,5,No
TXN-0002166,2023-06-26,,Moda,88567.0,Tarjeta débito,App móvil,Android,Cartagena,2.0,5,No
TXN-0000575,2022-02-05,36775.0,Belleza,68396.0,Contraentrega,Sitio web,iOS,Barranquilla,4.0,5,No
TXN-0003278,2022-02-23,29152.0,Hogar,225438.0,Tarjeta crédito,Sitio web,Android,Barranquilla,6.0,5,No
TXN-0000967,2024-04-20,31581.0,Hogar,51411.0,Tarjeta débito,App móvil,iOS,Cali,2.0,5,No
TXN-0001128,2024-11-21,47766.0,Electrónica,704964.0,Contraentrega,Sitio web,iOS,BOGOTÁ,2.0,5,No
TXN-0002699,2024-03-05,24343.0,Moda,123113.0,Contraentrega,App móvil,iOS,Bogotá,5.0,5,No
TXN-0001076,2023-08-15,30607.0,Belleza,109116.0,Contraentrega,Sitio web,Android,Cartagena,4.0,5,No
TXN-0004118,2023-06-09,20246.0,Moda,23862.0,Tarjeta crédito,App móvil,,Bogotá,5.0,5,No
TXN-0005452,2024-08-06,21085.0,Electrónica,219577.0,Contraentrega,App móvil,Android,Medellín,2.0,5,No
TXN-0002960,2022-05-13,15994.0,Electrónica,822446.0,Billetera digital,Sitio web,iOS,Cali,1.0,5,No
TXN-0008000,2023-01-26,35584.0,Tecnología,199660.0,Contraentrega,Sitio web,Android,Bogotá,6.0,5,No
TXN-0005296,2024-12-26,22153.0,Electrónica,682802.0,Tarjeta crédito,Sitio web,Android,Bogotá,7.0,5,No
TXN-0001565,2024-10-01,49397.0,Alimentos,65052.0,Contraentrega,App móvil,Android,Cali,4.0,5,No
TXN-0000232,2024-02-06,37920.0,Tecnología,956207.0,PSE,Sitio web,Android,Bucaramanga,8.0,5,No
TXN-0005464,2022-12-06,43375.0,Belleza,34150.0,Tarjeta crédito,App móvil,Android,Cúcuta,6.0,5,Sí
TXN-0004431,2024-05-24,56263.0,Tecnología,954494.0,Tarjeta débito,Sitio web,iOS,Medellín,5.0,5,Sí
TXN-0002048,2022-04-07,32977.0,Juguetes,34220.0,Tarjeta crédito,Sitio web,Android,Bogotá,1.0,5,No
TXN-0002544,2023-12-23,57883.0,Hogar,109427.0,Billetera digital,App móvil,Android,Bogotá,4.0,5,No
TXN-0005861,2024-11-10,15888.0,Moda,141189.0,PSE,App móvil,iOS,Medellín,5.0,5,No
TXN-0007011,2022-11-04,58781.0,Deportes,222307.0,Tarjeta crédito,App móvil,,Barranquilla,6.0,5,No
TXN-0003390,2022-05-06,18276.0,Moda,92034.0,PSE,App móvil,iOS,PEREIRA,5.0,5,No
TXN-0001271,2024-01-04,27306.0,Juguetes,154502.0,Tarjeta débito,Sitio web,Android,Bogotá,6.0,5,No
TXN-0006961,2022-08-06,28679.0,Deportes,206037.0,Tarjeta crédito,Sitio web,Android,Bogotá,1.0,5,No
TXN-0004829,2024-09-13,39198.0,Hogar,199974.0,Contraentrega,App móvil,Android,Cali,7.0,5,No
TXN-0002657,2022-09-14,57239.0,Moda,175835.0,Tarjeta débito,App móvil,Android,Bogotá,3.0,5,No
,2023-06-05,30994.0,Electrónica,897302.0,Billetera digital,App móvil,iOS,Bogotá,1.0,5,No
TXN-0002913,2022-06-17,48330.0,Moda,154392.0,PSE,Sitio web,Android,Bogotá,8.0,4,No
TXN-0006356,2022-05-26,53298.0,Electrónica,1111685.0,Tarjeta débito,Sitio web,Android,Bucaramanga,4.0,5,No
TXN-0006281,2022-11-28,20922.0,Mascotas,78414.0,Tarjeta crédito,Sitio web,iOS,Manizales,2.0,5,No
TXN-0002871,,50381.0,Deportes,210156.0,Tarjeta crédito,Sitio web,Android,Cali,6.0,5,No
TXN-0001943,2023-06-28,46451.0,Belleza,72078.0,Tarjeta crédito,App móvil,Desktop,Barranquilla,4.0,5,No
TXN-0005209,2024-08-09,37649.0,Electrónica,817853.0,Contraentrega,Sitio web,Android,Bogotá,7.0,5,No
TXN-0006652,2023-03-24,44447.0,Electrónica,539307.0,Tarjeta crédito,App móvil,iOS,Bucaramanga,5.0,5,No
TXN-0002814,2022-11-18,,Belleza,79112.0,Contraentrega,App móvil,Android,Manizales,8.0,5,No
TXN-0001471,2024-05-02,22353.0,Mascotas,98702.0,Tarjeta débito,App móvil,iOS,Cali,4.0,5,No
TXN-0006746,2024-01-01,23070.0,Hogar,151563.0,Contraentrega,Sitio web,Desktop,Medellín,4.0,5,No
,2023-08-23,51050.0,Moda,155058.0,Tarjeta débito,App móvil,Android,Cúcuta,6.0,5,No
TXN-0001903,2022-05-13,32805.0,Mascotas,91696.0,PSE,Sitio web,Android,Bogotá,2.0,5,No
TXN-0001802,2024-03-31,50659.0,Alimentos,57090.0,Contraentrega,App móvil,iOS,Bogotá,5.0,5,No
TXN-0006341,2023-09-08,42800.0,ELECTRÓNICA,105138.0,Tarjeta crédito,App móvil,Android,Medellín,4.0,5,No
TXN-0003507,2024-01-06,59294.0,Electrónica,964967.0,Tarjeta crédito,App móvil,Android,Bogotá,7.0,5,No
TXN-0005128,2022-06-29,52013.0,Moda,159048.0,Tarjeta crédito,App móvil,Android,Bucaramanga,2.0,5,No
TXN-0003511,2022-04-18,17359.0,DEPORTES,122440.0,Tarjeta crédito,Sitio web,iOS,Cali,6.0,5,No
TXN-0007807,2023-02-04,17515.0,Moda,88793.0,Tarjeta débito,App móvil,Desktop,Bogotá,5.0,5,No
TXN-0006363,2022-10-20,26172.0,Moda,136934.0,Tarjeta crédito,App móvil,iOS,Cali,4.0,5,No
TXN-0005447,2022-02-21,19333.0,Belleza,77998.0,Tarjeta crédito,Sitio web,Android,Cali,3.0,5,No
TXN-0000044,2024-03-18,51841.0,Deportes,202153.0,Contraentrega,App móvil,Android,Bogotá,4.0,5,No
TXN-0000158,2024-05-26,51358.0,Moda,107211.0,Tarjeta débito,App móvil,iOS,Pereira,4.0,5,No
TXN-0004988,2023-02-25,26546.0,Belleza,25642.0,Tarjeta débito,App móvil,Desktop,Bucaramanga,4.0,5,No
TXN-0002684,2023-01-05,22155.0,Belleza,151910.0,PSE,Sitio web,Desktop,Cartagena,3.0,5,No
TXN-0005972,2023-02-15,36183.0,Belleza,101123.0,Tarjeta débito,Sitio web,Android,Bogotá,2.0,5,No
TXN-0003113,2024-11-24,28770.0,Electrónica,688494.0,Tarjeta crédito,App móvil,Android,Cali,7.0,5,No
TXN-0000969,2022-12-28,37263.0,Electrónica,261504.0,Tarjeta crédito,App móvil,Android,Bucaramanga,2.0,5,No
TXN-0003961,2022-05-27,40209.0,Tecnología,785307.0,PSE,Sitio web,Android,Cali,2.0,5,No
TXN-0006824,2022-09-24,32453.0,Belleza,93872.0,Tarjeta débito,App móvil,Desktop,Bogotá,4.0,5,No
TXN-0004761,2024-04-26,55083.0,Electrónica,476312.0,PSE,App móvil,Desktop,Bogotá,8.0,4,No
TXN-0002865,2023-06-13,25149.0,Belleza,22511.0,Tarjeta débito,App móvil,Android,Pereira,2.0,5,No
TXN-0001037,2022-10-27,29958.0,Belleza,103207.0,Tarjeta crédito,App móvil,Desktop,Bogotá,4.0,5,No
TXN-0001442,2022-07-16,46276.0,Alimentos,53450.0,Tarjeta crédito,App móvil,Android,Cúcuta,3.0,5,No
TXN-0005073,2024-12-03,16515.0,Electrónica,1015054.0,Tarjeta crédito,App móvil,iOS,Cali,4.0,5,No
TXN-0005949,2023-05-25,52786.0,Alimentos,5000.0,Tarjeta débito,App móvil,Android,Bogotá,3.0,5,No
TXN-0001055,2023-10-09,11304.0,Tecnología,1211728.0,Tarjeta crédito,App móvil,Desktop,Manizales,4.0,5,No
TXN-0005292,2024-01-28,51593.0,Hogar,70769.0,Tarjeta crédito,App móvil,Android,Bogotá,8.0,3,No
TXN-0001833,2022-10-25,19732.0,Deportes,217093.0,Tarjeta débito,App móvil,Android,Cali,4.0,5,Sí
TXN-0000551,2022-01-10,15974.0,Moda,105948.0,Contraentrega,App móvil,Desktop,Bogotá,7.0,5,No
TXN-0003512,2024-06-07,59921.0,Electrónica,503028.0,Tarjeta débito,Sitio web,Desktop,Cartagena,1.0,5,No
TXN-0001125,2023-01-18,13036.0,Hogar,64575.0,Contraentrega,App móvil,Android,Pereira,5.0,5,No
TXN-0007475,2023-10-28,41365.0,Libros,53648.0,Billetera digital,App móvil,Android,Pereira,1.0,5,No
TXN-0005683,2023-05-29,41815.0,Mascotas,61179.0,Tarjeta crédito,Sitio web,Desktop,BUCARAMANGA,2.0,5,No
TXN-0002486,2023-06-27,47351.0,Electrónica,166062.0,PSE,Sitio web,Android,Cartagena,3.0,5,No
TXN-0007143,2022-08-02,34600.0,Moda,64701.0,Tarjeta débito,Sitio web,Android,Bucaramanga,6.0,5,No
TXN-0003161,2024-02-13,46628.0,Electrónica,834184.0,PSE,App móvil,Android,BUCARAMANGA,5.0,5,No
TXN-0002274,2024-07-07,39259.0,Electrónica,702494.0,Tarjeta crédito,App móvil,Android,Cali,3.0,5,No
,2023-10-17,15497.0,Moda,170090.0,Contraentrega,App móvil,Android,Bogotá,3.0,5,No
TXN-0005737,2022-05-18,55990.0,Tecnología,1158123.0,PSE,Sitio web,Android,Bucaramanga,1.0,5,No
TXN-0002246,2023-03-02,59604.0,Deportes,215459.0,Tarjeta débito,App móvil,iOS,Barranquilla,4.0,5,No
TXN-0007315,2024-03-14,11750.0,Alimentos,31783.0,Tarjeta crédito,Sitio web,,Bogotá,8.0,4,No
TXN-0006888,2024-06-16,48751.0,Juguetes,82853.0,Billetera digital,Sitio web,Android,Cali,4.0,5,No
TXN-0004545,2023-06-07,29984.0,Alimentos,37997.0,Contraentrega,Sitio web,Android,Medellín,6.0,5,No
TXN-0004752,2022-02-10,41933.0,Deportes,207570.0,Tarjeta crédito,App móvil,Desktop,Bucaramanga,4.0,5,Sí
TXN-0004329,2022-05-17,12617.0,Belleza,94683.0,Tarjeta crédito,Sitio web,iOS,Cali,4.0,5,No
TXN-0005600,2023-03-19,43003.0,Alimentos,71741.0,Tarjeta crédito,App móvil,iOS,Cali,6.0,5,No
TXN-0007678,2024-01-07,54391.0,MASCOTAS,55009.0,PSE,App móvil,Android,Pereira,2.0,5,No
TXN-0007481,2024-05-06,53741.0,Hogar,250217.0,Tarjeta débito,App móvil,iOS,Bogotá,3.0,5,No
TXN-0002580,2023-01-07,31555.0,Tecnología,1116954.0,Tarjeta débito,App móvil,iOS,Bogotá,2.0,5,No
TXN-0000813,2024-10-21,49304.0,TECNOLOGÍA,1184113.0,Billetera digital,App móvil,Android,Cúcuta,4.0,5,Sí
TXN-0006254,2024-06-04,30959.0,Mascotas,57832.0,Tarjeta crédito,App móvil,Android,Bogotá,4.0,5,No
TXN-0002503,2022-06-17,28198.0,Deportes,68556.0,PSE,App móvil,Android,Bogotá,5.0,5,No
TXN-0002332,2024-10-12,47283.0,Hogar,135387.0,Tarjeta débito,App móvil,Android,Cali,8.0,5,No
TXN-0003564,2022-05-23,33929.0,Libros,36444.0,Tarjeta débito,Sitio web,iOS,Manizales,5.0,5,No
TXN-0004557,2024-10-09,47468.0,Deportes,80923.0,Tarjeta crédito,Sitio web,Android,Pereira,3.0,5,No
TXN-0007637,2022-07-14,52454.0,Alimentos,28505.0,Contraentrega,App móvil,Android,Barranquilla,5.0,5,No
TXN-0002097,2023-05-01,56369.0,Electrónica,773937.0,Tarjeta crédito,Sitio web,Android,Pereira,7.0,5,No
TXN-0001784,2023-04-29,54909.0,DEPORTES,94173.0,PSE,App móvil,Desktop,Bogotá,6.0,5,No
TXN-0007051,2022-06-14,50904.0,Hogar,80115.0,PSE,App móvil,Android,Bogotá,7.0,5,No
TXN-0000446,2023-03-12,13810.0,Libros,86618.0,Tarjeta débito,Sitio web,Android,Bucaramanga,4.0,5,No
TXN-0004572,2022-02-12,31339.0,Hogar,63514.0,PSE,App móvil,iOS,Bogotá,7.0,5,No
TXN-0001929,2023-10-30,20572.0,Alimentos,78581.0,PSE,App móvil,Android,Medellín,3.0,5,No
TXN-0005280,2022-08-22,38101.0,Electrónica,593613.0,Tarjeta débito,App móvil,iOS,Medellín,4.0,5,No
TXN-0007526,2024-07-02,33505.0,Deportes,109245.0,Tarjeta crédito,App móvil,Desktop,Medellín,7.0,5,No
TXN-0003026,2022-05-17,12034.0,ALIMENTOS,37515.0,Tarjeta crédito,App móvil,iOS,Cali,4.0,5,No
TXN-0005431,2024-11-29,18251.0,Electrónica,344048.0,Tarjeta débito,App móvil,Android,Medellín,7.0,5,No
,2022-01-12,39726.0,Alimentos,53830.0,Tarjeta crédito,Sitio web,,Barranquilla,3.0,5,No
TXN-0002136,2022-12-29,20449.0,Juguetes,127366.0,Contraentrega,App móvil,Android,Cali,5.0,5,No
TXN-0002560,2024-11-05,20907.0,Electrónica,628394.0,Tarjeta crédito,App móvil,Android,Medellín,5.0,5,No
TXN-0006747,2024-11-04,17972.0,Juguetes,75686.0,Tarjeta crédito,App móvil,Android,Bucaramanga,5.0,5,No
TXN-0006907,2024-06-13,34954.0,Hogar,90561.0,Tarjeta débito,Sitio web,iOS,Medellín,8.0,4,No
TXN-0001389,2024-05-20,15691.0,Belleza,87752.0,Tarjeta débito,App móvil,Android,Cali,4.0,5,No
TXN-0002368,2022-05-13,52942.0,Alimentos,50692.0,PSE,Sitio web,Desktop,Barranquilla,3.0,5,No
TXN-0003563,2022-12-09,24396.0,Hogar,208663.0,Contraentrega,App móvil,Desktop,Bogotá,4.0,5,No
TXN-0005923,2023-10-02,18039.0,Electrónica,554698.0,Tarjeta crédito,Sitio web,Android,Bogotá,7.0,5,No
TXN-0005847,2024-02-18,,Hogar,98019.0,PSE,App móvil,iOS,Bogotá,4.0,5,Sí
TXN-0007061,2024-03-04,32009.0,Libros,77602.0,Tarjeta débito,App móvil,Desktop,Medellín,7.0,5,No
TXN-0005656,2022-04-25,51174.0,Libros,65522.0,Tarjeta débito,App móvil,Android,Bogotá,4.0,5,No
TXN-0004912,2023-02-26,16779.0,Mascotas,37818.0,PSE,Sitio web,Android,Barranquilla,5.0,5,No
TXN-0004832,2022-11-13,44353.0,Electrónica,950731.0,Tarjeta crédito,Sitio web,Android,Bogotá,5.0,5,No
TXN-0002984,2024-11-17,22407.0,Electrónica,812425.0,Tarjeta débito,App móvil,iOS,Medellín,5.0,5,No
TXN-0007279,2023-04-13,55751.0,Mascotas,90852.0,Tarjeta crédito,Sitio web,iOS,Bogotá,5.0,5,No
TXN-0005006,2022-12-17,42937.0,ELECTRÓNICA,837710.0,PSE,App móvil,Desktop,Medellín,3.0,5,No
TXN-0005032,2023-11-13,55621.0,Electrónica,521046.0,PSE,Sitio web,,Bogotá,2.0,5,No
TXN-0004618,2023-02-12,49495.0,Moda,118590.0,Tarjeta crédito,App móvil,Android,Cartagena,3.0,5,No
TXN-0006411,2024-09-02,,Belleza,96240.0,Tarjeta débito,Sitio web,Android,Bogotá,6.0,5,No
TXN-0003397,,27300.0,Moda,71056.0,Tarjeta débito,Sitio web,Android,Medellín,8.0,5,No
TXN-0005001,2024-08-01,35379.0,Hogar,226441.0,Tarjeta crédito,App móvil,Desktop,Barranquilla,8.0,3,No
TXN-0006031,2022-09-16,17740.0,Electrónica,716417.0,Tarjeta crédito,Sitio web,iOS,Barranquilla,6.0,5,No
TXN-0000958,2024-06-19,48643.0,Electrónica,534071.0,PSE,App móvil,,CALI,4.0,5,No
TXN-0007941,2024-08-17,47092.0,Hogar,68255.0,Tarjeta crédito,Sitio web,Android,Barranquilla,4.0,5,No
TXN-0003598,2024-01-23,31194.0,Hogar,99114.0,PSE,App móvil,Android,Cúcuta,6.0,5,No
TXN-0003772,2023-01-17,50548.0,Deportes,86990.0,Tarjeta crédito,Sitio web,Android,Bogotá,5.0,5,Sí
TXN-0004690,2022-12-18,45254.0,Juguetes,126164.0,Tarjeta crédito,App móvil,Android,Cúcuta,7.0,5,No
TXN-0005477,2022-05-25,41620.0,Libros,22065.0,PSE,App móvil,iOS,Medellín,4.0,5,No
TXN-0000318,2022-12-06,26904.0,Electrónica,572216.0,Tarjeta débito,Sitio web,Android,Cali,3.0,5,No
TXN-0005149,2024-02-03,26006.0,Electrónica,655478.0,Tarjeta crédito,App móvil,Android,Cartagena,4.0,5,No
TXN-0001756,2022-07-17,22934.0,Tecnología,5000.0,Tarjeta crédito,Sitio web,iOS,Manizales,4.0,5,No
TXN-0006644,2024-01-01,27807.0,Belleza,95985.0,Tarjeta crédito,App móvil,Android,Medellín,4.0,5,Sí
TXN-0001163,2024-06-26,46475.0,Deportes,5000.0,Tarjeta débito,Sitio web,iOS,Cartagena,2.0,5,No
TXN-0002743,2024-11-17,15844.0,Electrónica,560269.0,Tarjeta débito,App móvil,Android,Medellín,6.0,5,No
TXN-0007223,2023-02-05,19815.0,Juguetes,119257.0,Tarjeta débito,Sitio web,Android,Pereira,7.0,5,No
TXN-0002307,2024-09-17,37448.0,Moda,88620.0,Tarjeta débito,App móvil,iOS,Bogotá,5.0,5,No
TXN-0005525,2022-07-07,13086.0,Hogar,149146.0,Tarjeta débito,Sitio web,Android,Bucaramanga,7.0,5,No
TXN-0001138,2023-09-09,44411.0,Electrónica,834967.0,Tarjeta crédito,App móvil,Android,Medellín,7.0,5,No
TXN-0002500,2022-03-02,11043.0,Electrónica,399078.0,Contraentrega,Sitio web,Android,Manizales,9.0,4,Sí
TXN-0001461,2022-04-01,17578.0,Mascotas,96929.0,Tarjeta débito,Sitio web,,Cúcuta,2.0,5,No
TXN-0004757,2023-02-26,37238.0,Electrónica,720505.0,Tarjeta crédito,App móvil,iOS,Manizales,3.0,5,No
TXN-0001872,2024-05-25,46631.0,Deportes,280899.0,Billetera digital,App móvil,Android,Cúcuta,6.0,5,No
TXN-0006874,2023-01-31,18010.0,Libros,41491.0,Tarjeta débito,App móvil,Android,Cúcuta,2.0,5,No
TXN-0003007,2024-08-18,12494.0,Hogar,248087.0,PSE,Sitio web,Android,Bucaramanga,3.0,5,No
TXN-0005782,2024-06-01,34228.0,HOGAR,5000.0,Contraentrega,Sitio web,iOS,Cali,4.0,5,No
TXN-0001564,2022-03-04,49558.0,Tecnología,1009449.0,Tarjeta débito,App móvil,Android,Cúcuta,3.0,5,No
TXN-0005673,2024-04-26,53305.0,Libros,54221.0,Tarjeta crédito,App móvil,Android,Cali,5.0,5,No
TXN-0003317,2022-01-30,19632.0,Libros,78433.0,Tarjeta crédito,App móvil,Android,Bogotá,1.0,5,No
TXN-0002734,2022-07-16,24995.0,Juguetes,128987.0,Tarjeta crédito,App móvil,Android,Medellín,6.0,5,No
TXN-0007847,2022-08-26,50443.0,ELECTRÓNICA,916056.0,PSE,Sitio web,Android,Medellín,2.0,5,No
TXN-0003491,2024-07-03,44871.0,Belleza,129334.0,Billetera digital,App móvil,Android,Bogotá,5.0,5,No
TXN-0004261,2022-04-27,48604.0,MASCOTAS,84652.0,Billetera digital,App móvil,Desktop,Barranquilla,1.0,5,No
TXN-0004400,2022-09-26,13209.0,Alimentos,31657.0,Tarjeta crédito,App móvil,iOS,Medellín,3.0,5,No
TXN-0000514,2023-04-11,30721.0,Hogar,374410.0,PSE,App móvil,iOS,Barranquilla,1.0,5,No
TXN-0006353,2024-05-12,13158.0,Hogar,128103.0,Tarjeta débito,Sitio web,Android,Cali,2.0,5,No
TXN-0002388,2024-05-25,52791.0,Alimentos,46375.0,Contraentrega,App móvil,Desktop,Cartagena,6.0,5,No
TXN-0004250,,35344.0,Deportes,185244.0,Contraentrega,Sitio web,Android,Bogotá,8.0,5,No
TXN-0005858,2022-10-05,54972.0,Libros,85862.0,Billetera digital,App móvil,Android,Pereira,3.0,5,No
TXN-0007004,2023-10-12,11073.0,Belleza,67208.0,Tarjeta crédito,App móvil,iOS,Bogotá,2.0,5,No
TXN-0003908,2022-01-02,14640.0,Deportes,186926.0,Tarjeta débito,App móvil,Android,Bucaramanga,4.0,5,Sí
TXN-0005152,2023-06-09,38781.0,Electrónica,519738.0,Tarjeta débito,App móvil,iOS,Bogotá,6.0,5,No
TXN-0003433,2022-11-08,57610.0,Moda,164089.0,PSE,App móvil,Desktop,Bogotá,4.0,5,No
TXN-0004771,2023-11-16,22848.0,Deportes,109987.0,Contraentrega,App móvil,Android,Cúcuta,6.0,5,No
TXN-0004614,2023-09-29,56108.0,Moda,200016.0,Contraentrega,App móvil,Android,Medellín,2.0,5,No
TXN-0006428,2024-01-25,43832.0,Deportes,96356.0,Contraentrega,Sitio web,Android,Cali,3.0,5,No
TXN-0003073,2022-05-15,54581.0,Moda,59400.0,Billetera digital,Sitio web,iOS,Manizales,1.0,5,No
TXN-0003239,2022-12-16,31228.0,Moda,108520.0,Tarjeta débito,Sitio web,,Medellín,3.0,5,No
TXN-0007184,2023-12-15,59240.0,Hogar,244354.0,Contraentrega,App móvil,iOS,Pereira,5.0,5,No
TXN-0003929,2022-07-28,11915.0,Moda,134999.0,Tarjeta crédito,App móvil,iOS,Barranquilla,4.0,5,No
TXN-0005272,2022-05-27,53555.0,Moda,158981.0,Tarjeta crédito,Sitio web,Android,Barranquilla,1.0,5,No
TXN-0000702,2022-01-25,23696.0,Libros,72901.0,Tarjeta crédito,App móvil,,Bogotá,5.0,5,No
TXN-0007238,2024-06-11,16494.0,Deportes,143846.0,Tarjeta crédito,Sitio web,Android,Bogotá,4.0,5,No
TXN-0005876,2024-03-24,38256.0,Alimentos,47134.0,Tarjeta débito,Sitio web,,Bucaramanga,4.0,5,No
TXN-0006743,,46590.0,MODA,173482.0,Tarjeta débito,App móvil,Android,Bogotá,6.0,5,No
TXN-0002402,2022-03-21,25008.0,Moda,138456.0,Billetera digital,App móvil,Android,Ibagué,6.0,5,No
TXN-0004165,2023-01-26,39327.0,Libros,41115.0,Tarjeta crédito,App móvil,iOS,Medellín,1.0,5,No
TXN-0005049,2024-07-02,43964.0,Mascotas,101854.0,Billetera digital,App móvil,Desktop,Barranquilla,5.0,5,No
TXN-0005502,2022-10-31,18324.0,Electrónica,642816.0,Tarjeta crédito,Sitio web,Desktop,Barranquilla,3.0,5,No
TXN-0000368,2022-07-10,33660.0,Deportes,70370.0,PSE,Sitio web,Android,Barranquilla,3.0,5,No
TXN-0004378,2024-04-20,28756.0,Mascotas,9465.0,Tarjeta débito,App móvil,Android,CARTAGENA,5.0,5,No
TXN-0007687,2022-12-06,43043.0,Juguetes,55519.0,Contraentrega,Sitio web,iOS,Pereira,5.0,5,Sí
TXN-0005572,2022-12-06,50320.0,Juguetes,113546.0,Tarjeta crédito,App móvil,Android,Pereira,4.0,5,No
TXN-0004024,2022-07-31,25190.0,Hogar,84251.0,Billetera digital,App móvil,Android,Pereira,3.0,5,No
TXN-0000024,2022-06-02,33745.0,Hogar,250888.0,Billetera digital,App móvil,,Bogotá,8.0,5,No
TXN-0001689,2024-09-05,49760.0,MODA,104122.0,Tarjeta débito,App móvil,Desktop,Cartagena,6.0,5,No
TXN-0006291,2022-05-27,57694.0,Electrónica,707556.0,PSE,App móvil,Android,Cali,1.0,5,No
TXN-0007030,2022-06-03,51957.0,TECNOLOGÍA,980649.0,Tarjeta débito,Sitio web,iOS,Medellín,5.0,5,No
TXN-0006739,2022-04-11,22214.0,Electrónica,549950.0,Tarjeta crédito,App móvil,iOS,Bucaramanga,5.0,5,No
TXN-0001687,2024-07-10,,Hogar,280829.0,Contraentrega,App móvil,Android,Barranquilla,2.0,5,No
TXN-0005442,2024-03-01,33378.0,Moda,189056.0,Tarjeta crédito,App móvil,Android,Cali,4.0,5,No
TXN-0003595,2022-08-19,52634.0,Moda,121280.0,Tarjeta crédito,App móvil,Android,Cali,1.0,5,No
TXN-0000270,2023-02-12,20455.0,Electrónica,209686.0,Billetera digital,App móvil,Android,Bogotá,6.0,5,No
TXN-0004662,2023-07-21,47063.0,Electrónica,212258.0,PSE,App móvil,Android,BARRANQUILLA,1.0,5,No
TXN-0005256,2023-11-06,44269.0,Alimentos,5000.0,PSE,App móvil,Android,Bogotá,8.0,4,No
TXN-0002898,2024-08-08,12263.0,Belleza,135320.0,Tarjeta crédito,App móvil,Android,Bogotá,4.0,5,No
TXN-0000112,2023-04-29,12193.0,Tecnología,884512.0,Tarjeta crédito,Sitio web,Android,Cali,3.0,5,No
TXN-0003543,2024-05-01,34694.0,Belleza,84368.0,Tarjeta crédito,Sitio web,Android,BOGOTÁ,3.0,5,No
TXN-0000772,2024-08-29,33037.0,Tecnología,802101.0,Tarjeta crédito,Sitio web,iOS,Bucaramanga,4.0,5,No
TXN-0004317,2024-04-23,35088.0,Moda,100122.0,Tarjeta crédito,Sitio web,iOS,Cali,2.0,5,No
TXN-0007286,2022-02-03,58028.0,Moda,150988.0,Tarjeta crédito,App móvil,Android,CALI,3.0,5,No
TXN-0007693,2022-06-28,53581.0,Electrónica,973285.0,Tarjeta débito,App móvil,Android,Manizales,4.0,5,No
TXN-0005476,2022-08-13,43704.0,Electrónica,627733.0,PSE,App móvil,Android,Ibagué,3.0,5,No
TXN-0007732,2022-03-05,39385.0,Hogar,189346.0,Tarjeta crédito,Sitio web,Android,Bogotá,3.0,5,No
TXN-0007547,2022-07-16,45497.0,Libros,66591.0,Tarjeta crédito,App móvil,Desktop,BUCARAMANGA,2.0,5,No
TXN-0001045,2024-09-27,58642.0,Alimentos,47239.0,Tarjeta débito,App móvil,Android,Bogotá,6.0,5,No
TXN-0000676,,10676.0,Belleza,80314.0,Contraentrega,Sitio web,Android,Bucaramanga,9.0,3,No
TXN-0002793,2023-04-11,16883.0,Moda,123357.0,Tarjeta crédito,App móvil,Android,Bogotá,3.0,5,No
TXN-0002037,2023-03-16,34029.0,Hogar,135253.0,Tarjeta débito,App móvil,iOS,Medellín,3.0,5,No
TXN-0005802,2024-11-29,33626.0,Hogar,250627.0,Contraentrega,Sitio web,Android,Medellín,3.0,5,No
TXN-0001913,2023-01-18,42238.0,Libros,94857.0,Billetera digital,App móvil,Desktop,Medellín,6.0,5,No
TXN-0005965,2024-02-05,58765.0,Hogar,212777.0,Contraentrega,Sitio web,Desktop,Pereira,2.0,5,No
TXN-0003152,2024-06-16,59068.0,Libros,56060.0,Billetera digital,Sitio web,iOS,Bogotá,3.0,5,No
TXN-0002373,2022-05-08,23760.0,Hogar,9405.0,Tarjeta crédito,App móvil,Android,CARTAGENA,5.0,5,No
TXN-0001090,2022-11-22,27602.0,Moda,146010.0,Tarjeta crédito,Sitio web,iOS,Barranquilla,5.0,5,No
TXN-0000809,2024-03-23,22022.0,Electrónica,292021.0,Tarjeta débito,Sitio web,Desktop,Bogotá,4.0,5,No
TXN-0006621,2024-12-27,17482.0,Alimentos,27910.0,Contraentrega,App móvil,Desktop,Bogotá,3.0,5,No
TXN-0000141,2022-11-01,51335.0,Hogar,201169.0,Contraentrega,App móvil,Android,Bogotá,6.0,5,No
TXN-0005003,2022-03-09,59641.0,Deportes,165335.0,Tarjeta crédito,App móvil,iOS,MEDELLÍN,4.0,5,No
TXN-0006736,2022-11-23,20989.0,Alimentos,55820.0,Tarjeta crédito,App móvil,Android,Cali,3.0,5,No
TXN-0005944,2022-04-16,11165.0,Moda,119481.0,PSE,Sitio web,Android,Bogotá,4.0,5,No
TXN-0000533,2023-10-10,,Tecnología,714043.0,Contraentrega,Sitio web,Desktop,Bogotá,6.0,5,No
TXN-0007473,2024-08-13,36302.0,Hogar,106553.0,Contraentrega,App móvil,Android,Ibagué,2.0,5,No
TXN-0006699,2023-08-08,,Deportes,167929.0,Tarjeta débito,Sitio web,Android,Barranquilla,4.0,5,No
TXN-0005068,2024-11-22,36984.0,ALIMENTOS,37036.0,Tarjeta crédito,App móvil,iOS,Cartagena,4.0,5,No
TXN-0000895,2024-08-31,33180.0,Hogar,194980.0,Tarjeta crédito,App móvil,iOS,Cali,7.0,5,No
TXN-0000703,2023-12-22,19997.0,Moda,80378.0,Tarjeta crédito,Sitio web,Android,Cartagena,5.0,5,No
TXN-0000199,2022-04-22,,Hogar,318533.0,Billetera digital,Sitio web,Android,Barranquilla,5.0,5,No
TXN-0006348,2023-10-16,27765.0,Hogar,289652.0,Tarjeta crédito,App móvil,Desktop,Cúcuta,3.0,5,No
TXN-0002175,2022-04-28,46603.0,Moda,79212.0,PSE,App móvil,iOS,Medellín,5.0,5,No
TXN-0004856,2023-02-22,28882.0,Moda,203217.0,Tarjeta débito,App móvil,Desktop,Cali,5.0,5,No
TXN-0003171,2024-07-08,43887.0,Electrónica,1106012.0,Tarjeta crédito,App móvil,Android,MEDELLÍN,2.0,5,No
TXN-0002416,2023-05-06,28076.0,Tecnología,1009715.0,Tarjeta débito,Sitio web,Android,Barranquilla,7.0,5,No
TXN-0000329,2024-04-02,55512.0,Moda,104043.0,Tarjeta crédito,Sitio web,Android,Bogotá,3.0,5,No
TXN-0005233,2024-08-23,,Belleza,96122.0,Tarjeta débito,App móvil,,Bogotá,6.0,5,No
TXN-0001464,2022-07-05,55778.0,Moda,165656.0,Billetera digital,App móvil,Android,Ibagué,2.0,5,No
TXN-0001755,2023-03-07,13827.0,Juguetes,114192.0,Tarjeta crédito,App móvil,Android,Medellín,4.0,5,No
TXN-0004855,2022-08-15,32787.0,Libros,27469.0,Tarjeta débito,Sitio web,Android,Cali,3.0,5,No
TXN-0002590,2023-07-08,,Electrónica,945923.0,Tarjeta crédito,App móvil,Android,Bogotá,5.0,5,No
TXN-0004536,2024-09-05,,Hogar,202982.0,PSE,App móvil,Desktop,Barranquilla,4.0,5,No
TXN-0007265,2024-04-27,13186.0,Deportes,162375.0,PSE,App móvil,Desktop,Pereira,1.0,5,No
TXN-0002965,2023-11-07,23904.0,Alimentos,46515.0,Tarjeta crédito,App móvil,Android,Barranquilla,4.0,5,No
TXN-0000487,2022-07-31,48988.0,Alimentos,75718.0,Billetera digital,Sitio web,Android,Cali,4.0,5,No
TXN-0004629,2022-09-21,32691.0,Libros,40028.0,Tarjeta crédito,Sitio web,Android,Bogotá,8.0,4,No
TXN-0005295,2023-01-06,25110.0,Electrónica,217177.0,Tarjeta crédito,App móvil,Android,Medellín,5.0,5,No
TXN-0004443,,49123.0,Moda,95986.0,Tarjeta crédito,Sitio web,iOS,Medellín,3.0,5,No
TXN-0003823,2024-06-08,57470.0,Moda,103227.0,Contraentrega,App móvil,iOS,Pereira,6.0,5,No
TXN-0007579,2022-03-18,39486.0,Moda,143017.0,Tarjeta crédito,App móvil,Android,Cartagena,4.0,5,No
TXN-0001835,2023-03-19,37794.0,Mascotas,72212.0,Tarjeta débito,Sitio web,Android,Cali,1.0,5,No
TXN-0006216,2022-03-09,43420.0,Tecnología,1104783.0,Tarjeta crédito,App móvil,Desktop,Cartagena,3.0,5,No
TXN-0001218,2024-12-11,31549.0,Deportes,202477.0,PSE,Sitio web,Android,Bogotá,4.0,5,No
TXN-0005877,2022-09-21,32719.0,Deportes,166869.0,Tarjeta crédito,Sitio web,Android,Bogotá,9.0,5,No
TXN-0004922,2022-02-15,45471.0,Libros,5000.0,Tarjeta débito,App móvil,Android,Bucaramanga,8.0,4,No
TXN-0006488,2023-12-05,19716.0,Deportes,104914.0,Contraentrega,App móvil,iOS,Manizales,4.0,5,No
TXN-0006112,2023-06-25,13071.0,Deportes,211552.0,Contraentrega,App móvil,Android,Cali,3.0,5,No
TXN-0004774,2024-07-26,39148.0,Electrónica,813397.0,Tarjeta crédito,Sitio web,Android,Medellín,2.0,5,No
TXN-0003190,2023-09-26,57416.0,Tecnología,914480.0,Tarjeta crédito,App móvil,Android,BOGOTÁ,7.0,5,No
TXN-0000906,2024-04-12,21342.0,Electrónica,303450.0,PSE,App móvil,Desktop,Cali,3.0,5,No
TXN-0000106,2023-09-01,26435.0,Moda,93883.0,Contraentrega,App móvil,Android,Cartagena,4.0,5,No
TXN-0001983,2023-11-29,27663.0,Juguetes,51745.0,Tarjeta crédito,Sitio web,Android,Bucaramanga,4.0,5,No
TXN-0007741,2024-02-19,16450.0,Libros,29217.0,Contraentrega,App móvil,Android,Cúcuta,4.0,5,No
TXN-0002041,2022-09-24,49319.0,Libros,5000.0,Billetera digital,Sitio web,Desktop,Bogotá,5.0,5,No
TXN-0000145,2023-02-16,44618.0,Alimentos,37444.0,Tarjeta débito,Sitio web,Android,Pereira,5.0,5,No
TXN-0006618,2024-09-26,43706.0,Electrónica,742651.0,PSE,Sitio web,Android,Pereira,1.0,5,No
TXN-0000641,2024-09-28,10956.0,Moda,68594.0,Tarjeta débito,App móvil,iOS,Bogotá,5.0,5,No
TXN-0001671,2022-05-20,18025.0,Hogar,194124.0,Tarjeta crédito,App móvil,Desktop,Cali,5.0,5,No
TXN-0002986,2023-02-19,49441.0,Moda,125833.0,Billetera digital,Sitio web,iOS,Manizales,3.0,5,No
TXN-0004865,2024-09-29,14381.0,Belleza,138063.0,Tarjeta crédito,App móvil,iOS,Bogotá,8.0,4,No
TXN-0004002,2023-07-02,,Hogar,116714.0,Tarjeta crédito,App móvil,Android,Ibagué,2.0,5,No
TXN-0000782,2024-05-05,15332.0,Belleza,110871.0,PSE,App móvil,Android,Medellín,7.0,5,No
TXN-0001256,2024-05-16,41181.0,Deportes,92237.0,Tarjeta crédito,App móvil,Android,Bogotá,3.0,5,Sí
TXN-0001350,2022-09-07,42423.0,Electrónica,845104.0,Tarjeta crédito,App móvil,Android,Bogotá,7.0,5,No
TXN-0001736,2022-05-07,32455.0,Moda,116230.0,Contraentrega,Sitio web,Android,Bogotá,2.0,5,No
TXN-0002279,2023-10-01,25628.0,Moda,130978.0,Contraentrega,App móvil,Desktop,Cúcuta,4.0,5,No
TXN-0000304,2023-04-09,41467.0,Moda,147352.0,Tarjeta débito,Sitio web,Desktop,Bogotá,1.0,5,No
TXN-0003858,2023-03-03,17158.0,Belleza,79084.0,PSE,Sitio web,Desktop,Bogotá,3.0,5,No
TXN-0000994,2024-01-06,11827.0,Alimentos,55469.0,PSE,Sitio web,Android,Cali,5.0,5,No
TXN-0002840,2024-03-14,,Electrónica,326620.0,Tarjeta crédito,App móvil,iOS,Medellín,4.0,5,No
TXN-0003979,2024-02-20,41067.0,Moda,191630.0,Tarjeta crédito,Sitio web,Android,Medellín,7.0,5,No
TXN-0005559,2024-06-12,29098.0,Belleza,106248.0,PSE,App móvil,Android,Cali,6.0,5,No
TXN-0007272,2023-05-30,45145.0,Belleza,98662.0,Tarjeta crédito,App móvil,Android,Medellín,7.0,5,No
TXN-0000518,2022-05-09,20640.0,Moda,184579.0,Billetera digital,App móvil,Desktop,Cali,3.0,5,No
TXN-0000376,2024-11-17,40822.0,Hogar,171063.0,Tarjeta débito,Sitio web,Android,Cartagena,6.0,5,No
TXN-0003628,2023-03-16,,Electrónica,705088.0,Contraentrega,Sitio web,Android,Bucaramanga,4.0,5,No
TXN-0005887,2022-05-29,,Deportes,204318.0,PSE,Sitio web,Android,Medellín,5.0,5,No
TXN-0003484,2023-12-08,38498.0,Hogar,175799.0,PSE,App móvil,Android,Cúcuta,4.0,5,No
TXN-0003909,2023-02-28,56246.0,Libros,67737.0,PSE,App móvil,Android,Barranquilla,1.0,5,No
TXN-0003349,2024-05-08,29887.0,Tecnología,935830.0,Tarjeta crédito,App móvil,Android,Barranquilla,2.0,5,No
TXN-0000121,2024-02-01,13683.0,Belleza,63124.0,Tarjeta débito,App móvil,Android,Bogotá,1.0,5,No
TXN-0007957,2024-07-21,10163.0,Libros,53649.0,PSE,App móvil,Desktop,Pereira,5.0,5,No
TXN-0006988,2023-04-20,59295.0,Electrónica,707545.0,PSE,App móvil,Android,BOGOTÁ,4.0,5,No
TXN-0007260,2023-06-19,18262.0,Hogar,71044.0,PSE,App móvil,iOS,Pereira,4.0,5,No
TXN-0002922,2024-02-13,50575.0,Moda,78060.0,Contraentrega,App móvil,Android,Bogotá,5.0,5,No
TXN-0005537,2023-10-09,40585.0,Tecnología,1324470.0,Tarjeta débito,App móvil,Android,Bogotá,9.0,3,No
TXN-0003812,2024-04-01,18693.0,Deportes,201190.0,Contraentrega,App móvil,Android,Barranquilla,9.0,5,No
,2022-01-11,14111.0,Juguetes,119488.0,Tarjeta débito,Sitio web,Android,Medellín,3.0,5,No
TXN-0001135,2023-08-05,26246.0,DEPORTES,82783.0,PSE,App móvil,iOS,Medellín,2.0,5,No
TXN-0006320,2023-01-29,17639.0,Electrónica,640954.0,Tarjeta crédito,App móvil,Desktop,Cartagena,4.0,5,No
TXN-0004124,2022-01-27,40931.0,Alimentos,46238.0,PSE,App móvil,iOS,Bucaramanga,4.0,5,No
TXN-0005409,,57960.0,Electrónica,650705.0,PSE,App móvil,Android,Ibagué,6.0,5,No
TXN-0004499,2023-10-19,47688.0,Mascotas,7766.0,Billetera digital,App móvil,Android,Cúcuta,2.0,5,No
TXN-0000578,2024-04-12,11376.0,Tecnología,945520.0,Tarjeta débito,Sitio web,iOS,Bogotá,2.0,5,No
TXN-0003094,2023-10-29,56418.0,Libros,73786.0,Tarjeta crédito,Sitio web,iOS,Bogotá,6.0,5,No
TXN-0001525,2023-01-08,18819.0,Electrónica,622145.0,Tarjeta crédito,App móvil,Android,Ibagué,4.0,5,No
TXN-0000178,2022-03-10,20845.0,Hogar,263275.0,PSE,Sitio web,Android,Medellín,7.0,5,No
TXN-0007777,2023-09-16,21861.0,Electrónica,1126962.0,PSE,App móvil,Android,Cartagena,2.0,5,No
TXN-0001421,2023-10-06,,Hogar,5000.0,Tarjeta crédito,App móvil,iOS,Bucaramanga,3.0,5,Sí
TXN-0002836,2024-12-25,13517.0,Libros,51929.0,Tarjeta crédito,App móvil,Android,Barranquilla,5.0,5,No
TXN-0001358,2022-09-21,37422.0,Moda,108860.0,Tarjeta crédito,Sitio web,Android,Bogotá,3.0,5,No
TXN-0006811,2023-02-18,34456.0,Deportes,104088.0,Tarjeta crédito,App móvil,Android,Barranquilla,2.0,5,No
TXN-0006594,2024-12-06,56876.0,Belleza,52375.0,Billetera digital,Sitio web,Android,Pereira,1.0,5,No
TXN-0000225,2023-04-03,49760.0,Hogar,185397.0,Tarjeta crédito,App móvil,Android,Bucaramanga,2.0,5,No
TXN-0003769,2024-02-25,56828.0,Electrónica,569069.0,Tarjeta crédito,Sitio web,iOS,Medellín,3.0,5,No
TXN-0007816,2024-10-25,48838.0,Belleza,75965.0,Tarjeta crédito,App móvil,iOS,Bogotá,7.0,5,No
TXN-0000716,2022-05-22,14457.0,Libros,13382.0,Contraentrega,Sitio web,Desktop,Bogotá,4.0,5,No
TXN-0005030,2024-05-31,12810.0,Tecnología,406109.0,Contraentrega,App móvil,,Ibagué,4.0,5,No
TXN-0000351,2023-05-02,26458.0,Moda,136937.0,Tarjeta débito,App móvil,iOS,Barranquilla,4.0,5,No
TXN-0002953,2023-10-04,39117.0,Electrónica,406110.0,Tarjeta crédito,Sitio web,Android,Medellín,1.0,5,No
TXN-0002106,2022-09-21,29158.0,Juguetes,71096.0,Contraentrega,App móvil,Android,Medellín,6.0,5,No
TXN-0000576,2023-05-24,58085.0,Mascotas,36657.0,Tarjeta débito,App móvil,Android,Manizales,6.0,5,No
TXN-0001009,2022-04-09,45111.0,Moda,48535.0,PSE,App móvil,iOS,Cali,6.0,5,No
TXN-0004551,2022-12-22,46011.0,Juguetes,123138.0,PSE,App móvil,Desktop,Bogotá,2.0,5,No
TXN-0001177,2023-12-25,58617.0,Belleza,29907.0,PSE,App móvil,Android,CARTAGENA,6.0,5,No
TXN-0002488,2023-12-30,30877.0,Electrónica,593029.0,PSE,App móvil,iOS,BOGOTÁ,5.0,5,No
TXN-0000511,2022-09-21,30794.0,Tecnología,1501260.0,Tarjeta crédito,App móvil,Android,Medellín,3.0,5,No
TXN-0003333,2022-12-21,45398.0,Tecnología,779074.0,Tarjeta débito,App móvil,Android,Barranquilla,4.0,5,No
TXN-0005048,2023-05-21,22465.0,Belleza,102862.0,Billetera digital,App móvil,Android,Bogotá,8.0,3,No
TXN-0005982,2024-10-10,14077.0,Deportes,137938.0,Tarjeta crédito,App móvil,Android,Manizales,1.0,5,No
TXN-0001656,2022-03-14,55206.0,Tecnología,264648.0,Contraentrega,App móvil,Android,Bogotá,6.0,5,No
TXN-0000945,2024-02-19,13217.0,Tecnología,1474808.0,Tarjeta crédito,App móvil,Desktop,CALI,5.0,5,No
TXN-0000762,,46375.0,Hogar,131445.0,PSE,App móvil,iOS,Cali,3.0,5,No
TXN-0004691,2024-10-30,12311.0,Deportes,201733.0,PSE,App móvil,Desktop,Bogotá,3.0,5,No
TXN-0003660,2023-04-09,30832.0,Hogar,95643.0,Contraentrega,App móvil,Android,Cali,6.0,5,No
TXN-0005333,2024-10-21,38301.0,Deportes,162656.0,PSE,App móvil,,BUCARAMANGA,3.0,5,No
TXN-0003525,2023-01-24,38822.0,Tecnología,1608751.0,Tarjeta débito,App móvil,iOS,Bogotá,4.0,5,No
TXN-0006245,2024-06-28,59851.0,Juguetes,33724.0,PSE,App móvil,Android,Cali,5.0,5,No
TXN-0006183,2023-05-02,13321.0,ELECTRÓNICA,324751.0,Tarjeta débito,App móvil,Android,Manizales,3.0,5,No
TXN-0000964,2024-11-16,36878.0,Juguetes,116310.0,Tarjeta crédito,App móvil,Android,Medellín,5.0,5,No
TXN-0005319,2022-12-15,14218.0,Hogar,182148.0,Contraentrega,App móvil,Android,Bogotá,5.0,5,No
TXN-0003692,2022-08-25,38827.0,Tecnología,1113554.0,Tarjeta crédito,Sitio web,Desktop,Bogotá,7.0,5,No
TXN-0006403,2022-04-05,22328.0,Hogar,31977.0,Billetera digital,App móvil,Android,Medellín,4.0,5,No
TXN-0003172,2024-12-19,23745.0,Libros,46524.0,Billetera digital,App móvil,iOS,Bogotá,4.0,5,No
TXN-0003706,2023-08-27,13496.0,ALIMENTOS,25942.0,PSE,App móvil,Desktop,Medellín,4.0,5,No
TXN-0005294,,50248.0,Hogar,187917.0,Tarjeta crédito,App móvil,Android,Cali,4.0,5,No
TXN-0005227,2022-05-21,30270.0,Tecnología,1026571.0,Tarjeta débito,App móvil,Desktop,Medellín,3.0,5,No
TXN-0001507,2023-11-08,31583.0,Moda,65298.0,Tarjeta crédito,App móvil,Android,Bogotá,4.0,5,No
TXN-0001925,2022-06-23,28262.0,Alimentos,15363.0,Contraentrega,App móvil,iOS,Cali,7.0,5,No
TXN-0002085,2022-09-03,11622.0,Mascotas,58327.0,Contraentrega,App móvil,Android,MEDELLÍN,2.0,5,No
TXN-0006835,2023-11-27,51080.0,Hogar,175819.0,Contraentrega,App móvil,,Manizales,5.0,5,No
TXN-0004883,2024-04-05,10500.0,Electrónica,423023.0,PSE,App móvil,Desktop,Medellín,9.0,5,No
TXN-0001074,2022-11-07,54340.0,Electrónica,736769.0,Billetera digital,Sitio web,iOS,Cúcuta,4.0,5,No
TXN-0007782,2024-04-01,52540.0,Belleza,129525.0,Tarjeta crédito,App móvil,Desktop,Ibagué,2.0,5,No
TXN-0003866,2022-07-26,52267.0,Hogar,151469.0,Tarjeta débito,Sitio web,Android,Pereira,2.0,5,No
TXN-0005069,,33587.0,Deportes,18581.0,PSE,App móvil,Desktop,Medellín,5.0,5,No
TXN-0005439,2024-09-26,49921.0,Belleza,107479.0,PSE,App móvil,Android,Bucaramanga,5.0,5,No
TXN-0006342,2024-02-01,37993.0,Moda,169200.0,PSE,App móvil,iOS,Medellín,6.0,5,No
TXN-0004595,2024-03-13,15465.0,Tecnología,1235005.0,Tarjeta débito,Sitio web,Desktop,Manizales,3.0,5,No
TXN-0007565,2022-02-16,25114.0,Hogar,114518.0,Contraentrega,App móvil,Android,Cali,6.0,5,No
TXN-0004120,2022-07-17,26140.0,Hogar,178646.0,Tarjeta crédito,Sitio web,Android,Cartagena,3.0,5,No
TXN-0006391,2023-03-22,17559.0,Tecnología,1576079.0,PSE,App móvil,iOS,Barranquilla,1.0,5,No
TXN-0007691,2024-03-21,12032.0,BELLEZA,68231.0,PSE,App móvil,iOS,Cali,4.0,5,No
TXN-0005500,2023-01-12,20537.0,Mascotas,21732.0,PSE,Sitio web,Android,Bogotá,2.0,5,No
TXN-0004413,2023-01-13,11720.0,Juguetes,68916.0,Contraentrega,App móvil,Android,Cali,1.0,5,No
TXN-0000643,2024-09-04,54672.0,Tecnología,685993.0,PSE,Sitio web,Android,Bogotá,3.0,5,No
TXN-0003914,2023-10-30,26700.0,Mascotas,35901.0,Billetera digital,Sitio web,Android,Cartagena,4.0,5,No
TXN-0007042,2023-07-10,19023.0,Mascotas,81336.0,Tarjeta crédito,Sitio web,Android,BOGOTÁ,2.0,5,No
TXN-0004490,2024-11-09,39494.0,Alimentos,31129.0,Contraentrega,App móvil,iOS,Pereira,7.0,5,No
TXN-0000535,2024-08-15,25712.0,Alimentos,81347.0,Tarjeta débito,App móvil,Android,Medellín,3.0,5,No
TXN-0002014,2024-04-14,45056.0,Belleza,105339.0,Tarjeta crédito,Sitio web,Android,Bogotá,4.0,5,No
TXN-0005046,2024-04-05,39125.0,Electrónica,135347.0,Billetera digital,App móvil,Android,Pereira,1.0,5,No
TXN-0001425,2023-05-28,21330.0,Electrónica,761640.0,Tarjeta crédito,Sitio web,Android,Bogotá,4.0,5,No
TXN-0006719,2024-04-28,28317.0,Deportes,215273.0,Tarjeta crédito,App móvil,Android,Cali,6.0,5,No
TXN-0003334,2023-05-10,16295.0,Moda,50091.0,Tarjeta crédito,Sitio web,Android,Medellín,3.0,5,No
,2023-02-15,57206.0,Juguetes,80440.0,Tarjeta crédito,App móvil,Android,Bogotá,4.0,5,No
TXN-0004549,2024-10-05,20994.0,Hogar,21580.0,Tarjeta débito,Sitio web,Desktop,Bogotá,9.0,5,No
TXN-0006190,2024-02-14,22313.0,Electrónica,492341.0,Tarjeta débito,App móvil,Android,Medellín,5.0,5,No
TXN-0007445,2022-12-02,36775.0,Alimentos,46580.0,PSE,App móvil,iOS,Ibagué,3.0,5,No
TXN-0006720,2022-11-27,13733.0,Libros,66613.0,Tarjeta crédito,Sitio web,Android,Cali,3.0,5,No
TXN-0004341,2022-05-22,11770.0,BELLEZA,96584.0,PSE,Sitio web,Android,Barranquilla,9.0,4,No
,2024-01-17,25146.0,Deportes,93328.0,Tarjeta crédito,App móvil,Desktop,Pereira,3.0,5,No
TXN-0005144,2024-05-16,26381.0,Belleza,51155.0,Billetera digital,Sitio web,iOS,Bogotá,4.0,5,No
TXN-0005987,2022-03-25,16901.0,Belleza,56016.0,Tarjeta débito,Sitio web,Android,Bogotá,1.0,5,No
TXN-0005148,2024-10-24,41120.0,Belleza,90719.0,PSE,App móvil,Android,CARTAGENA,5.0,5,No
TXN-0005220,2023-05-21,38072.0,Deportes,130815.0,Tarjeta crédito,App móvil,Desktop,Bogotá,5.0,5,No
TXN-0004115,2022-06-30,21029.0,Deportes,101219.0,Tarjeta crédito,Sitio web,Android,Cúcuta,9.0,4,No
TXN-0000369,2022-03-03,33142.0,Mascotas,10805.0,Contraentrega,App móvil,Android,Bogotá,4.0,5,No
TXN-0007926,2023-04-21,24772.0,Belleza,139682.0,Tarjeta crédito,Sitio web,iOS,Bogotá,5.0,5,No
TXN-0002732,2024-12-22,27263.0,Electrónica,705195.0,Tarjeta crédito,Sitio web,,Cali,6.0,5,No
TXN-0006270,2023-06-21,27480.0,Belleza,68724.0,Tarjeta crédito,Sitio web,Desktop,Bucaramanga,5.0,5,No
TXN-0001467,2023-09-25,10767.0,MASCOTAS,35280.0,Tarjeta crédito,Sitio web,Desktop,Bogotá,6.0,5,No
TXN-0001301,2024-06-25,,Alimentos,59428.0,Tarjeta débito,App móvil,Android,Cali,3.0,5,Sí
TXN-0001511,2022-11-04,44729.0,Libros,32064.0,Tarjeta crédito,App móvil,Desktop,Cali,3.0,5,No
TXN-0003149,2023-05-24,26962.0,Tecnología,771886.0,PSE,Sitio web,Android,Cartagena,4.0,5,No
TXN-0000058,2024-11-12,48725.0,Hogar,76727.0,Tarjeta crédito,App móvil,,Bogotá,5.0,5,No
TXN-0000267,2022-10-27,16017.0,Electrónica,501365.0,Billetera digital,App móvil,Android,Bucaramanga,1.0,5,No
TXN-0005011,2022-04-15,,MODA,182279.0,Tarjeta crédito,App móvil,Android,Bucaramanga,3.0,5,No
TXN-0007383,2023-02-01,30951.0,Deportes,247307.0,PSE,Sitio web,Android,Manizales,3.0,5,No
TXN-0003046,2022-05-02,20055.0,Alimentos,70918.0,Tarjeta crédito,Sitio web,Android,Cartagena,4.0,5,No
TXN-0004411,2023-10-19,42361.0,Juguetes,9100.0,Tarjeta débito,App móvil,Android,Medellín,8.0,3,No
TXN-0004708,,45815.0,Alimentos,38139.0,Tarjeta crédito,App móvil,Desktop,Cali,4.0,5,Sí
TXN-0003480,2023-07-04,48133.0,Juguetes,101317.0,Tarjeta débito,Sitio web,iOS,Bogotá,6.0,5,No
TXN-0001397,2024-05-21,58787.0,Deportes,153743.0,PSE,App móvil,Android,Ibagué,5.0,5,No
TXN-0002494,2022-11-06,50618.0,Electrónica,466130.0,Tarjeta crédito,Sitio web,Android,Bogotá,3.0,5,No
TXN-0003920,2022-10-12,49285.0,Moda,133509.0,Tarjeta crédito,App móvil,Android,Barranquilla,8.0,5,No
TXN-0006731,2022-08-14,25723.0,ELECTRÓNICA,781939.0,PSE,App móvil,Android,Medellín,4.0,5,No
TXN-0001785,2023-05-05,22869.0,Moda,56676.0,Tarjeta crédito,App móvil,iOS,Cali,2.0,5,No
TXN-0007309,,57869.0,Moda,167268.0,Contraentrega,Sitio web,iOS,Cali,1.0,5,Sí
TXN-0002639,2023-03-14,26326.0,Belleza,120255.0,Contraentrega,App móvil,Desktop,Cali,4.0,5,No
TXN-0005582,2024-02-11,45165.0,Deportes,134326.0,Contraentrega,App móvil,Android,Bogotá,5.0,5,No
TXN-0007082,2023-12-31,47967.0,Tecnología,64979.0,Tarjeta débito,App móvil,iOS,Bogotá,7.0,5,No
TXN-0005005,2024-01-23,49195.0,Belleza,47671.0,Contraentrega,App móvil,Android,Bogotá,5.0,5,No
TXN-0007822,2023-11-03,29866.0,Hogar,233914.0,Billetera digital,Sitio web,,Bogotá,5.0,5,No
TXN-0003108,2024-05-25,23985.0,Tecnología,1476500.0,Contraentrega,App móvil,Android,Barranquilla,7.0,5,No
TXN-0003311,2022-01-10,58514.0,Deportes,87974.0,Tarjeta crédito,Sitio web,Android,Bucaramanga,4.0,5,No
TXN-0000941,2024-03-15,50269.0,Electrónica,428063.0,Tarjeta crédito,App móvil,Desktop,Barranquilla,6.0,5,No
TXN-0003723,2022-07-15,52093.0,Juguetes,39329.0,Billetera digital,App móvil,Android,BARRANQUILLA,4.0,5,No
TXN-0004456,2024-10-20,52578.0,Alimentos,42990.0,Tarjeta crédito,App móvil,Android,Manizales,5.0,5,No
TXN-0001595,2024-04-05,15246.0,Electrónica,575276.0,PSE,App móvil,Android,Manizales,3.0,5,No
TXN-0002662,2022-06-26,33124.0,Moda,50106.0,Tarjeta crédito,Sitio web,iOS,MEDELLÍN,4.0,5,No
TXN-0001652,2022-01-06,29545.0,Belleza,92845.0,PSE,Sitio web,Android,Manizales,5.0,5,No
TXN-0004639,2022-01-06,33818.0,Tecnología,752714.0,Tarjeta crédito,App móvil,iOS,Pereira,5.0,5,No
TXN-0004934,2023-02-15,27639.0,Moda,87314.0,Tarjeta crédito,Sitio web,Android,Bogotá,4.0,5,No
TXN-0000954,2022-03-28,47989.0,Hogar,156874.0,PSE,Sitio web,Desktop,Pereira,6.0,5,No
TXN-0005157,2024-02-17,,Hogar,193280.0,Tarjeta débito,Sitio web,iOS,Bogotá,3.0,5,No
TXN-0007505,2023-02-13,28259.0,Moda,204717.0,Billetera digital,Sitio web,Android,Cali,5.0,5,No
TXN-0002293,,45511.0,Mascotas,111331.0,Billetera digital,Sitio web,Desktop,Cartagena,6.0,5,No
TXN-0007125,2022-12-31,28316.0,JUGUETES,68025.0,Tarjeta crédito,App móvil,iOS,Medellín,6.0,5,No
TXN-0005410,2023-01-31,34461.0,Moda,140040.0,Tarjeta crédito,Sitio web,Desktop,Medellín,5.0,5,No
TXN-0005055,2023-11-26,21809.0,Hogar,224262.0,Billetera digital,App móvil,Desktop,Ibagué,6.0,5,No
TXN-0001676,2024-04-10,,Moda,105450.0,Tarjeta crédito,App móvil,Android,Cúcuta,4.0,5,No
TXN-0001502,2023-10-17,35893.0,Belleza,107113.0,PSE,App móvil,Android,Bogotá,2.0,5,No
TXN-0001827,2024-07-19,20553.0,Juguetes,91355.0,Tarjeta débito,App móvil,Desktop,Bogotá,1.0,5,Sí
TXN-0000874,2022-09-18,38895.0,Hogar,359759.0,Tarjeta crédito,App móvil,Android,Ibagué,6.0,5,No
TXN-0001058,2022-01-08,35991.0,Juguetes,133815.0,Contraentrega,App móvil,Android,Bogotá,1.0,5,No
TXN-0004540,2024-11-18,56532.0,Tecnología,1417851.0,Tarjeta débito,App móvil,Android,Medellín,2.0,5,No
TXN-0005347,2024-06-22,14249.0,Electrónica,810955.0,PSE,Sitio web,Android,Bogotá,2.0,5,No
TXN-0002697,2024-12-06,34365.0,Libros,56935.0,Tarjeta crédito,Sitio web,Desktop,Cali,4.0,5,No
TXN-0006292,2022-09-23,22919.0,Hogar,209857.0,Billetera digital,App móvil,iOS,Ibagué,5.0,5,No
TXN-0003234,2022-04-13,26220.0,Moda,157413.0,Tarjeta débito,Sitio web,iOS,Bogotá,4.0,5,No
TXN-0004230,2023-06-19,15804.0,Electrónica,720129.0,Contraentrega,Sitio web,Android,Bogotá,5.0,5,No
TXN-0003027,2023-04-16,30508.0,Alimentos,56818.0,Tarjeta crédito,App móvil,iOS,Bucaramanga,5.0,5,No
TXN-0002250,2023-08-06,16001.0,Hogar,174658.0,PSE,App móvil,iOS,Medellín,4.0,5,No
TXN-0001244,2023-12-29,,Electrónica,831690.0,Billetera digital,App móvil,Android,Medellín,3.0,5,No
TXN-0005612,2022-12-19,54073.0,Belleza,118162.0,Tarjeta crédito,App móvil,Desktop,Ibagué,2.0,5,No
,2024-12-09,37200.0,Electrónica,1045450.0,Contraentrega,App móvil,Desktop,Pereira,5.0,5,No
TXN-0001492,2022-02-03,22678.0,Moda,173975.0,PSE,App móvil,Android,Medellín,2.0,5,No
TXN-0000962,2023-10-24,15356.0,Electrónica,186034.0,PSE,App móvil,iOS,Barranquilla,5.0,5,No
TXN-0005768,2022-06-21,46053.0,Juguetes,84878.0,PSE,App móvil,iOS,Bogotá,5.0,5,No
TXN-0004733,2022-07-31,11767.0,Hogar,348669.0,Tarjeta crédito,App móvil,Android,Manizales,6.0,5,No
TXN-0000555,2024-08-16,37848.0,Alimentos,51694.0,PSE,Sitio web,iOS,Bogotá,1.0,5,No
TXN-0007096,2023-11-09,57094.0,BELLEZA,131985.0,Tarjeta crédito,App móvil,Android,Bogotá,3.0,5,No
TXN-0002853,2023-07-20,21602.0,Deportes,177861.0,PSE,App móvil,iOS,Bogotá,3.0,5,No
TXN-0005373,2024-07-12,51244.0,Deportes,84589.0,Tarjeta crédito,Sitio web,Android,Pereira,2.0,5,No
TXN-0006228,2024-08-17,15528.0,Alimentos,45307.0,Tarjeta crédito,Sitio web,iOS,Barranquilla,2.0,5,No
TXN-0000147,2023-12-26,42291.0,Tecnología,276658.0,PSE,App móvil,Desktop,Cúcuta,7.0,5,No
TXN-0005142,2024-05-19,43726.0,Moda,135102.0,PSE,App móvil,iOS,Medellín,5.0,5,No
TXN-0000655,2023-03-28,52923.0,Juguetes,144082.0,Tarjeta débito,App móvil,iOS,Cúcuta,4.0,5,No
TXN-0005694,2022-09-20,23574.0,Juguetes,15806.0,Contraentrega,App móvil,Android,Bogotá,3.0,5,No
TXN-0004862,2024-10-04,33934.0,Hogar,316688.0,PSE,App móvil,Desktop,Bucaramanga,5.0,5,No
TXN-0003086,2024-02-22,53327.0,Juguetes,94688.0,Tarjeta crédito,App móvil,Android,Bogotá,7.0,5,No
TXN-0003787,2023-12-09,53254.0,Moda,120871.0,Tarjeta crédito,App móvil,Android,Cali,4.0,5,No
TXN-0002100,2023-10-17,13422.0,Alimentos,68863.0,Contraentrega,Sitio web,iOS,Medellín,5.0,5,No
,2023-11-06,51238.0,Alimentos,51326.0,Contraentrega,Sitio web,Android,Bogotá,5.0,5,No
TXN-0006826,2023-10-01,43518.0,Moda,18153.0,Tarjeta crédito,App móvil,Desktop,IBAGUÉ,6.0,5,No
TXN-0001205,2024-09-17,38154.0,Belleza,72033.0,Tarjeta crédito,Sitio web,Android,Bogotá,5.0,5,No
TXN-0006424,2022-06-13,36491.0,Hogar,159591.0,Tarjeta débito,Sitio web,Desktop,Manizales,7.0,5,No
TXN-0004032,2024-06-14,31263.0,Tecnología,1041072.0,Contraentrega,App móvil,Desktop,Manizales,7.0,5,No
TXN-0004437,2023-06-21,49155.0,Deportes,32828.0,Tarjeta crédito,App móvil,Desktop,Cartagena,4.0,5,No
TXN-0006786,2022-02-25,,Electrónica,864340.0,Tarjeta débito,App móvil,iOS,Cali,2.0,5,No
TXN-0000672,2022-10-02,50108.0,Deportes,198808.0,Tarjeta crédito,App móvil,Android,Bogotá,3.0,5,No
TXN-0004826,2023-08-03,41236.0,Hogar,180857.0,Tarjeta crédito,App móvil,iOS,Pereira,5.0,5,No
TXN-0001401,2022-07-07,11552.0,Alimentos,5443.0,Contraentrega,App móvil,Android,Bucaramanga,6.0,5,No
TXN-0003069,2022-04-19,52008.0,Moda,114164.0,Tarjeta débito,Sitio web,Android,Pereira,6.0,5,No
TXN-0006133,2023-11-28,33883.0,Alimentos,42158.0,Tarjeta crédito,App móvil,Android,Bogotá,5.0,5,No
TXN-0004903,2024-08-29,40848.0,Electrónica,795340.0,Tarjeta débito,Sitio web,Desktop,Barranquilla,6.0,5,No
TXN-0000980,2022-09-08,51774.0,Alimentos,68150.0,Contraentrega,App móvil,iOS,Medellín,2.0,5,No
TXN-0005890,2023-06-30,10582.0,Hogar,246049.0,Tarjeta crédito,App móvil,Android,Medellín,4.0,5,No
TXN-0000784,2022-07-13,47841.0,Electrónica,976794.0,PSE,Sitio web,Android,Bucaramanga,5.0,5,No
TXN-0005057,2022-09-27,58436.0,Tecnología,1177961.0,Billetera digital,Sitio web,iOS,Pereira,4.0,5,No
TXN-0003117,2022-05-21,24042.0,Electrónica,482631.0,Tarjeta crédito,Sitio web,iOS,Ibagué,5.0,5,No
TXN-0004019,2024-05-14,13565.0,Deportes,72701.0,Tarjeta débito,App móvil,Desktop,Bucaramanga,7.0,5,No
TXN-0003923,2023-09-18,52291.0,Belleza,77647.0,Contraentrega,Sitio web,Android,Bucaramanga,8.0,5,No
TXN-0005271,2023-08-28,41569.0,JUGUETES,100358.0,Contraentrega,App móvil,Android,Medellín,4.0,5,No
TXN-0005911,2022-11-13,38149.0,Electrónica,548337.0,PSE,App móvil,Android,Ibagué,6.0,5,No
TXN-0004447,2022-02-25,13850.0,Belleza,114280.0,Billetera digital,Sitio web,iOS,Cali,5.0,5,No
TXN-0006072,2022-12-14,20809.0,Electrónica,987565.0,Contraentrega,App móvil,Android,Ibagué,6.0,5,No
TXN-0000401,2023-08-01,28331.0,Moda,160598.0,PSE,App móvil,Android,Ibagué,6.0,5,No
TXN-0000196,2023-11-23,14420.0,Electrónica,928810.0,PSE,Sitio web,Android,Manizales,4.0,5,No
TXN-0006524,2022-02-16,15578.0,Juguetes,103718.0,Tarjeta débito,Sitio web,iOS,Barranquilla,3.0,5,No
TXN-0006954,2023-12-04,21360.0,Hogar,139175.0,Tarjeta débito,App móvil,iOS,Bogotá,3.0,5,No
TXN-0007412,2022-02-04,24538.0,Deportes,150461.0,Tarjeta crédito,Sitio web,Android,Cali,5.0,5,No
TXN-0003208,2024-10-04,13126.0,Belleza,11363.0,PSE,App móvil,Desktop,Pereira,4.0,5,No
TXN-0001236,2022-05-23,10767.0,Alimentos,52520.0,Tarjeta crédito,Sitio web,Desktop,Pereira,3.0,5,No
TXN-0001144,2023-09-20,21161.0,Tecnología,795395.0,Contraentrega,App móvil,Android,Bogotá,3.0,5,No
TXN-0003536,2024-01-04,54216.0,Belleza,106650.0,Tarjeta crédito,App móvil,Android,Ibagué,6.0,5,Sí
TXN-0007773,2024-04-14,43725.0,MODA,160235.0,Tarjeta crédito,App móvil,Android,Manizales,6.0,5,No
TXN-0005499,2024-10-26,35106.0,Electrónica,381071.0,Contraentrega,Sitio web,Desktop,BOGOTÁ,3.0,5,No
TXN-0000237,2024-08-10,48730.0,DEPORTES,168495.0,Tarjeta crédito,App móvil,,Manizales,3.0,5,No
TXN-0006383,2024-02-06,28117.0,MODA,120600.0,Contraentrega,Sitio web,Android,Pereira,3.0,5,No
TXN-0003178,2023-10-04,40701.0,Libros,35268.0,PSE,App móvil,Android,Bogotá,5.0,5,No
TXN-0004720,2022-10-29,23992.0,Juguetes,112417.0,Contraentrega,App móvil,iOS,Cartagena,6.0,5,No
TXN-0006892,2023-11-01,24827.0,Alimentos,37556.0,Tarjeta débito,App móvil,Desktop,Bogotá,5.0,5,No
TXN-0006969,2023-04-06,54264.0,Electrónica,723599.0,Contraentrega,Sitio web,Android,Cali,8.0,5,No
TXN-0001976,,34740.0,Juguetes,60948.0,PSE,App móvil,Android,Barranquilla,2.0,5,No
TXN-0005451,2022-12-06,20455.0,Belleza,80921.0,Billetera digital,App móvil,Android,Pereira,5.0,5,No
TXN-0001449,2023-12-16,17066.0,Alimentos,12535.0,Tarjeta crédito,App móvil,Desktop,Cartagena,2.0,5,No
TXN-0000473,2023-01-07,40392.0,Alimentos,7481.0,Tarjeta crédito,Sitio web,Desktop,Cúcuta,4.0,5,No
TXN-0004006,2022-11-26,48314.0,Hogar,232166.0,Billetera digital,App móvil,iOS,Bogotá,3.0,5,No
TXN-0004526,2023-06-30,15960.0,Electrónica,799040.0,Tarjeta crédito,App móvil,Android,Cartagena,4.0,5,No
TXN-0002346,2023-02-12,15454.0,Electrónica,351199.0,PSE,Sitio web,Android,Barranquilla,1.0,5,No
TXN-0005251,2024-03-27,32839.0,Moda,174862.0,Tarjeta crédito,Sitio web,Android,Cartagena,4.0,5,No
TXN-0006368,2024-12-08,56679.0,Hogar,172493.0,Billetera digital,App móvil,iOS,Medellín,4.0,5,No
TXN-0004117,2023-06-25,,Alimentos,42384.0,Tarjeta crédito,Sitio web,Desktop,Manizales,3.0,5,No
TXN-0005588,2023-06-24,15852.0,Electrónica,774262.0,Contraentrega,Sitio web,,Bogotá,2.0,5,No
TXN-0000363,2023-12-22,50805.0,Alimentos,57544.0,Contraentrega,Sitio web,iOS,Bogotá,5.0,5,No
TXN-0007733,2022-03-21,19250.0,Libros,62802.0,Tarjeta crédito,App móvil,iOS,Manizales,6.0,5,No
TXN-0004084,2023-05-21,26749.0,Belleza,73671.0,Contraentrega,App móvil,Android,Pereira,4.0,5,No
TXN-0001711,2022-11-15,53708.0,Belleza,52760.0,PSE,App móvil,iOS,Bogotá,3.0,5,No
TXN-0000073,2024-07-21,56253.0,Moda,145068.0,Tarjeta crédito,App móvil,Android,Bucaramanga,2.0,5,No
TXN-0001052,2024-08-25,50039.0,Belleza,70776.0,Tarjeta débito,App móvil,Android,Bogotá,4.0,5,No
TXN-0007373,2024-03-28,16697.0,Alimentos,52223.0,PSE,Sitio web,Desktop,Cartagena,1.0,5,No
TXN-0006485,2023-07-21,21677.0,Libros,55765.0,PSE,App móvil,Android,Bucaramanga,2.0,5,No
TXN-0000256,2022-05-08,26629.0,Electrónica,1038831.0,Billetera digital,Sitio web,iOS,Bucaramanga,4.0,5,No
TXN-0004446,2022-03-24,11158.0,Alimentos,47868.0,Contraentrega,App móvil,Desktop,Bogotá,6.0,5,No
TXN-0003873,2022-10-25,28860.0,Juguetes,124766.0,PSE,Sitio web,Desktop,Bucaramanga,7.0,5,No
TXN-0004714,2022-06-20,32900.0,Moda,141234.0,Tarjeta débito,App móvil,Android,Bogotá,3.0,5,No
TXN-0004257,2024-12-09,,Moda,104263.0,PSE,App móvil,Android,CALI,3.0,5,No
TXN-0001042,2022-09-08,56923.0,Moda,76466.0,Tarjeta crédito,Sitio web,Android,Bogotá,5.0,5,No
TXN-0005854,2023-04-16,17651.0,Alimentos,43747.0,Tarjeta débito,App móvil,Android,Manizales,4.0,5,No
TXN-0000448,2022-10-25,27511.0,Tecnología,1335456.0,Tarjeta débito,App móvil,Desktop,Manizales,6.0,5,No
TXN-0001891,2023-04-08,43166.0,Deportes,145673.0,Tarjeta débito,App móvil,Desktop,Medellín,5.0,5,No
TXN-0005132,2022-04-10,,Deportes,109237.0,Tarjeta crédito,Sitio web,Android,Cali,3.0,5,No
TXN-0000877,2023-09-15,33928.0,Electrónica,1238109.0,Tarjeta crédito,App móvil,Android,Bogotá,2.0,5,No
TXN-0005541,2022-05-05,11436.0,Deportes,173530.0,Contraentrega,App móvil,iOS,Medellín,3.0,5,No
TXN-0005934,2022-01-22,25292.0,Hogar,198525.0,Tarjeta crédito,Sitio web,Android,Medellín,3.0,5,No
TXN-0001664,2022-01-12,58467.0,Juguetes,54210.0,Tarjeta débito,App móvil,iOS,Medellín,1.0,5,No
TXN-0006716,2022-03-08,27680.0,Libros,42791.0,Tarjeta crédito,App móvil,,Barranquilla,5.0,5,No
TXN-0002024,2024-07-26,21258.0,Mascotas,75197.0,Tarjeta débito,App móvil,iOS,Bogotá,5.0,5,No
TXN-0003718,2023-07-08,51921.0,ALIMENTOS,75753.0,Tarjeta crédito,App móvil,iOS,Cali,6.0,5,No
TXN-0006435,2024-10-26,25815.0,Mascotas,54320.0,Billetera digital,App móvil,Android,Bucaramanga,7.0,5,No
TXN-0007885,2022-10-06,52539.0,Moda,131264.0,Tarjeta crédito,App móvil,Desktop,BOGOTÁ,2.0,5,No
TXN-0007187,2022-06-13,46061.0,Deportes,103045.0,Billetera digital,App móvil,,Pereira,3.0,5,No
TXN-0006440,2023-08-22,38518.0,Juguetes,73001.0,PSE,App móvil,Android,Bogotá,1.0,5,No
TXN-0000434,2024-10-22,53922.0,Electrónica,1316728.0,Tarjeta crédito,Sitio web,iOS,Cali,6.0,5,No
TXN-0004786,2022-12-29,58063.0,Mascotas,64288.0,Tarjeta crédito,App móvil,Android,Bogotá,2.0,5,No
TXN-0004791,2022-03-16,30784.0,Juguetes,47846.0,PSE,App móvil,iOS,Manizales,7.0,5,No
TXN-0006718,2022-10-30,37648.0,Belleza,109979.0,Contraentrega,App móvil,iOS,Cartagena,6.0,5,No
TXN-0002883,2024-02-05,47057.0,Belleza,97443.0,Tarjeta crédito,Sitio web,Desktop,Pereira,1.0,5,Sí
TXN-0002336,2023-07-31,21168.0,Electrónica,690604.0,Tarjeta crédito,App móvil,Desktop,Barranquilla,2.0,5,No
,2024-12-04,52125.0,Mascotas,52567.0,Tarjeta crédito,App móvil,Android,Bogotá,6.0,5,No
TXN-0006979,2023-12-08,20190.0,Moda,162355.0,Tarjeta crédito,App móvil,Android,Bucaramanga,4.0,5,No
TXN-0006885,2023-02-13,33764.0,Deportes,199743.0,Tarjeta crédito,App móvil,Desktop,Bogotá,1.0,5,No
TXN-0006864,2022-06-18,10221.0,Mascotas,54264.0,Tarjeta crédito,App móvil,Desktop,Bogotá,2.0,5,No
TXN-0006759,2022-04-24,24320.0,Electrónica,520434.0,PSE,App móvil,Desktop,Ibagué,6.0,5,No
TXN-0003800,2024-05-03,13721.0,Electrónica,591879.0,PSE,Sitio web,Android,Medellín,4.0,5,No
TXN-0004738,2023-10-20,55223.0,Deportes,137676.0,Contraentrega,App móvil,Desktop,Medellín,2.0,5,No
TXN-0001112,2022-06-12,47721.0,Mascotas,64054.0,Tarjeta débito,App móvil,Desktop,Bogotá,5.0,5,Sí
TXN-0004889,2024-05-24,59220.0,Hogar,273509.0,PSE,Sitio web,Android,Pereira,7.0,5,No
TXN-0000035,2024-12-05,35372.0,Libros,71678.0,Tarjeta crédito,Sitio web,Desktop,Cúcuta,5.0,5,No
TXN-0005979,,15355.0,Mascotas,63273.0,Tarjeta crédito,Sitio web,Android,Cúcuta,6.0,5,No
TXN-0005662,2024-05-19,55263.0,Electrónica,316142.0,Tarjeta crédito,Sitio web,Desktop,Medellín,4.0,5,No
TXN-0006239,2024-01-05,13753.0,Belleza,173136.0,Tarjeta crédito,Sitio web,Android,Cali,4.0,5,No
TXN-0005903,2022-06-15,37974.0,Electrónica,374970.0,Tarjeta crédito,App móvil,Android,Cúcuta,7.0,5,No
TXN-0003112,2022-10-20,41918.0,Electrónica,796362.0,Tarjeta crédito,App móvil,Android,Barranquilla,5.0,5,No
TXN-0002216,2024-07-19,41096.0,Deportes,167589.0,Tarjeta crédito,App móvil,iOS,Cartagena,5.0,5,No
TXN-0006705,2024-02-09,14689.0,Moda,202543.0,PSE,Sitio web,Android,Manizales,5.0,5,No
TXN-0000752,2023-10-05,35006.0,Tecnología,672874.0,Tarjeta débito,App móvil,iOS,Cali,3.0,5,No
TXN-0002510,2024-06-25,14951.0,Alimentos,7901.0,Contraentrega,App móvil,Android,Bogotá,7.0,5,No
TXN-0007398,2023-10-08,17303.0,Belleza,129968.0,Billetera digital,App móvil,Android,Pereira,5.0,5,No
TXN-0002962,2024-12-05,31198.0,Deportes,129835.0,Tarjeta débito,App móvil,Android,Barranquilla,1.0,5,No
TXN-0001906,2024-09-01,27298.0,Belleza,125503.0,Tarjeta crédito,App móvil,Android,Bogotá,5.0,5,No
TXN-0003560,2022-05-09,51593.0,Electrónica,205646.0,Tarjeta débito,Sitio web,Android,Bogotá,4.0,5,No
TXN-0005283,2023-10-06,34249.0,Libros,41852.0,Contraentrega,App móvil,iOS,Cali,4.0,5,No
TXN-0004864,2022-05-22,24924.0,Alimentos,73115.0,PSE,App móvil,Android,Cartagena,5.0,5,No
TXN-0006161,2024-04-10,48509.0,Moda,141977.0,Tarjeta crédito,App móvil,Android,Medellín,6.0,5,No
TXN-0000451,2024-01-11,30165.0,Juguetes,150684.0,Tarjeta crédito,Sitio web,Android,CARTAGENA,6.0,5,No
TXN-0003326,2022-05-13,17359.0,Hogar,233192.0,PSE,App móvil,Android,Bogotá,8.0,5,No
TXN-0000698,2022-08-14,43517.0,Mascotas,59980.0,Tarjeta crédito,App móvil,Android,Manizales,1.0,5,No
TXN-0006779,2022-10-16,47853.0,Electrónica,625552.0,Tarjeta crédito,App móvil,Android,Cartagena,4.0,5,No
TXN-0001809,2024-04-11,44356.0,Hogar,151708.0,Tarjeta crédito,Sitio web,Desktop,Manizales,8.0,5,No
TXN-0001860,2024-01-01,50583.0,Alimentos,44571.0,Billetera digital,App móvil,iOS,Bogotá,9.0,4,No
TXN-0004083,2023-10-28,25505.0,Moda,52387.0,Tarjeta débito,App móvil,Android,Pereira,5.0,5,No
TXN-0001022,2022-02-22,12769.0,Juguetes,120985.0,Contraentrega,App móvil,Android,Bucaramanga,1.0,5,No
TXN-0002478,2022-10-19,28040.0,Hogar,222387.0,Contraentrega,Sitio web,Android,Bogotá,6.0,5,No
TXN-0007360,2022-09-08,25080.0,Juguetes,88884.0,Tarjeta crédito,App móvil,iOS,Bogotá,6.0,5,No
TXN-0003639,2023-06-27,19069.0,Electrónica,757843.0,Tarjeta débito,App móvil,Android,Bogotá,5.0,5,No
TXN-0003531,2024-01-28,55063.0,Electrónica,861554.0,Tarjeta débito,App móvil,Android,Cúcuta,3.0,5,No
TXN-0001639,2023-03-27,38339.0,Electrónica,509567.0,PSE,App móvil,iOS,Bogotá,7.0,5,No
TXN-0003714,2023-08-09,36502.0,Hogar,194471.0,Contraentrega,App móvil,Android,Cúcuta,3.0,5,No
TXN-0006347,2024-12-03,13100.0,Tecnología,550921.0,Tarjeta crédito,App móvil,Desktop,Bogotá,2.0,5,No
TXN-0007413,2022-02-27,36658.0,Belleza,97899.0,Tarjeta crédito,App móvil,Desktop,Bucaramanga,6.0,5,No
TXN-0003439,2024-08-09,49176.0,Alimentos,28407.0,Tarjeta crédito,App móvil,,Barranquilla,5.0,5,No
TXN-0001126,2023-11-13,54742.0,Belleza,113200.0,Tarjeta crédito,Sitio web,Android,Bucaramanga,6.0,5,No
TXN-0006977,2024-11-02,48203.0,ELECTRÓNICA,733813.0,Tarjeta débito,Sitio web,Android,Medellín,4.0,5,No
TXN-0002760,2023-01-11,30160.0,Belleza,43805.0,Tarjeta débito,App móvil,Android,BOGOTÁ,5.0,5,No
TXN-0007059,2022-05-31,24021.0,Alimentos,59500.0,Tarjeta débito,App móvil,iOS,BUCARAMANGA,4.0,5,No
TXN-0003011,2022-08-24,32075.0,Electrónica,768401.0,Tarjeta crédito,App móvil,iOS,Medellín,2.0,5,No
TXN-0006040,2022-02-22,32755.0,Belleza,56517.0,PSE,App móvil,Android,Bucaramanga,6.0,5,No
TXN-0005093,2023-03-09,54250.0,Hogar,203008.0,Tarjeta crédito,App móvil,Android,Medellín,6.0,5,No
TXN-0006199,2023-12-25,39067.0,Belleza,53152.0,Tarjeta débito,App móvil,Desktop,Cúcuta,5.0,5,No
TXN-0004755,,24852.0,Alimentos,29285.0,PSE,Sitio web,Android,Cali,6.0,5,No
TXN-0002542,2024-10-20,30436.0,Juguetes,137952.0,Tarjeta débito,App móvil,Android,Ibagué,9.0,5,No
TXN-0003815,2023-07-22,46927.0,Deportes,273449.0,Tarjeta crédito,App móvil,Desktop,Bogotá,4.0,5,No
TXN-0002173,2022-05-21,49015.0,Libros,75939.0,Tarjeta crédito,App móvil,Android,Manizales,4.0,5,No
TXN-0005087,2024-08-06,54992.0,Moda,154695.0,Tarjeta crédito,App móvil,Android,Bucaramanga,4.0,5,No
TXN-0005720,2024-12-15,,Electrónica,1052120.0,Tarjeta débito,Sitio web,Android,Bogotá,6.0,5,No
TXN-0005304,2022-02-26,56776.0,Hogar,168298.0,Tarjeta crédito,App móvil,iOS,Cali,3.0,5,No
TXN-0000705,2024-02-18,46290.0,Alimentos,47733.0,Contraentrega,Sitio web,Android,Cartagena,4.0,5,No
TXN-0004619,2024-01-27,23959.0,Electrónica,49228.0,PSE,Sitio web,iOS,Bogotá,3.0,5,No
TXN-0003526,2023-04-03,10589.0,Moda,176522.0,Billetera digital,App móvil,Android,BOGOTÁ,5.0,5,No
TXN-0001823,2022-03-14,41738.0,Libros,25043.0,Tarjeta crédito,Sitio web,Desktop,Bogotá,4.0,5,No
,2022-12-25,51290.0,Hogar,247573.0,Tarjeta débito,App móvil,Android,Cartagena,1.0,5,No
TXN-0004966,2022-01-03,42050.0,Electrónica,772950.0,PSE,App móvil,Android,Bogotá,4.0,5,No
TXN-0000552,2022-11-14,28756.0,Hogar,77315.0,Tarjeta crédito,App móvil,Android,Bogotá,6.0,5,No
TXN-0006287,2024-07-26,37267.0,Electrónica,1002441.0,Tarjeta crédito,Sitio web,Android,Pereira,4.0,5,No
TXN-0001057,2023-05-26,53409.0,Deportes,154113.0,Tarjeta débito,Sitio web,Desktop,Bucaramanga,5.0,5,No
TXN-0002670,2022-08-22,22830.0,Libros,48195.0,Tarjeta débito,Sitio web,iOS,Pereira,5.0,5,No
TXN-0007843,2024-12-14,44919.0,HOGAR,191921.0,Tarjeta crédito,Sitio web,Desktop,Cali,8.0,3,No
TXN-0004097,2022-07-28,13518.0,Alimentos,69577.0,Tarjeta crédito,Sitio web,Desktop,Cali,3.0,5,No
TXN-0005246,2024-08-20,49549.0,Libros,38178.0,PSE,App móvil,Android,Cali,2.0,5,No
TXN-0002425,2022-11-14,39979.0,Moda,145226.0,Tarjeta crédito,App móvil,iOS,Cali,6.0,5,No
TXN-0005696,2022-09-01,,Tecnología,670731.0,Contraentrega,Sitio web,Desktop,Bucaramanga,3.0,5,No
TXN-0005457,2023-09-18,22607.0,Moda,97862.0,Tarjeta débito,Sitio web,Android,Cartagena,3.0,5,No
TXN-0002199,2022-02-20,52365.0,Mascotas,109280.0,Tarjeta crédito,App móvil,iOS,Cartagena,6.0,5,No
TXN-0003622,2022-05-29,31789.0,Belleza,80640.0,Tarjeta crédito,App móvil,Android,Bogotá,5.0,5,No
TXN-0006293,2023-08-18,18701.0,Moda,155345.0,Billetera digital,App móvil,Desktop,Barranquilla,5.0,5,No
TXN-0007980,2022-03-20,54333.0,Alimentos,19289.0,PSE,Sitio web,iOS,Medellín,1.0,5,No
TXN-0000187,2024-04-23,27619.0,Hogar,338181.0,PSE,Sitio web,iOS,Cali,5.0,5,No
TXN-0006679,2022-04-26,25648.0,Juguetes,118844.0,PSE,App móvil,Android,Bogotá,3.0,5,No
TXN-0001846,2022-08-06,16902.0,Electrónica,704378.0,Tarjeta débito,App móvil,iOS,Bucaramanga,2.0,5,No
TXN-0000624,2023-05-27,17129.0,Electrónica,488304.0,PSE,App móvil,Android,Bogotá,1.0,5,No
TXN-0001207,2024-05-10,59535.0,Belleza,67472.0,Tarjeta crédito,App móvil,iOS,Medellín,6.0,5,No
TXN-0005336,2023-11-09,18488.0,Libros,89529.0,Contraentrega,Sitio web,Android,Cali,2.0,5,No
TXN-0007233,2022-02-26,34676.0,Moda,133970.0,Tarjeta débito,App móvil,Android,Cartagena,4.0,5,No
TXN-0007163,2023-08-31,19573.0,Deportes,76273.0,Tarjeta débito,App móvil,Desktop,Bogotá,5.0,5,No
TXN-0001949,2023-07-22,34126.0,Alimentos,52360.0,PSE,Sitio web,iOS,Bogotá,5.0,5,No
TXN-0001317,,50675.0,Moda,143875.0,Tarjeta débito,App móvil,Android,Medellín,6.0,5,No
TXN-0003691,2024-03-27,41168.0,Belleza,111559.0,PSE,App móvil,Android,Bucaramanga,2.0,5,No
TXN-0003166,2024-04-02,42504.0,Mascotas,62722.0,Tarjeta crédito,App móvil,Android,BOGOTÁ,7.0,5,No
TXN-0000850,2024-05-05,52102.0,Belleza,71422.0,Tarjeta crédito,Sitio web,Desktop,Bogotá,3.0,5,No
TXN-0000923,2023-05-16,45499.0,Hogar,119087.0,Billetera digital,Sitio web,Android,Bucaramanga,5.0,5,No
TXN-0006469,2023-02-28,47470.0,Alimentos,40336.0,Tarjeta débito,Sitio web,Android,Medellín,6.0,5,No
TXN-0000037,2024-10-03,34301.0,Moda,164874.0,Tarjeta débito,Sitio web,Android,Pereira,5.0,5,No
TXN-0005796,2023-06-24,25610.0,Hogar,280503.0,Billetera digital,App móvil,Android,IBAGUÉ,2.0,5,No
TXN-0003698,2023-04-14,,Deportes,156984.0,Tarjeta crédito,App móvil,iOS,Barranquilla,7.0,5,No
TXN-0003887,2023-03-05,21241.0,Electrónica,634757.0,Tarjeta crédito,Sitio web,Desktop,Medellín,1.0,5,No
TXN-0005345,2024-02-22,40866.0,Moda,118611.0,Tarjeta crédito,Sitio web,Android,Manizales,6.0,5,No
TXN-0005577,2022-10-25,51530.0,Alimentos,57456.0,Tarjeta crédito,Sitio web,Android,BOGOTÁ,4.0,5,No
TXN-0000822,2023-10-12,43319.0,HOGAR,145707.0,PSE,Sitio web,iOS,Cúcuta,2.0,5,No
TXN-0006248,2022-02-03,14563.0,Libros,34627.0,Tarjeta débito,App móvil,iOS,Medellín,3.0,5,Sí
TXN-0006467,2024-05-07,52025.0,Electrónica,414766.0,Tarjeta crédito,Sitio web,Android,Medellín,7.0,5,No
TXN-0007397,2024-01-11,43984.0,Moda,121739.0,Tarjeta débito,Sitio web,Android,CALI,3.0,5,No
TXN-0000389,2023-12-27,53772.0,Juguetes,107988.0,PSE,Sitio web,Desktop,Medellín,10.0,4,No
TXN-0005389,2024-11-12,10537.0,Deportes,100060.0,PSE,Sitio web,Android,BOGOTÁ,5.0,5,No
TXN-0006762,2023-02-28,54017.0,Moda,135525.0,PSE,Sitio web,Desktop,Bogotá,5.0,5,No
TXN-0001935,2024-01-27,17316.0,Hogar,76561.0,PSE,App móvil,Android,Bogotá,4.0,5,No
TXN-0000748,2023-08-20,14934.0,Mascotas,77007.0,Contraentrega,App móvil,Desktop,Bogotá,6.0,5,No
TXN-0006000,2023-05-09,10396.0,Hogar,191163.0,Contraentrega,App móvil,Android,Cúcuta,1.0,5,No
TXN-0003314,2023-10-14,36218.0,Mascotas,23137.0,Tarjeta crédito,App móvil,iOS,Bogotá,3.0,5,No
TXN-0003210,2023-08-22,44958.0,DEPORTES,135593.0,PSE,App móvil,Desktop,Cartagena,6.0,5,No
TXN-0001088,2023-05-06,20315.0,Deportes,65033.0,PSE,Sitio web,Android,Bogotá,3.0,5,No
TXN-0003421,2024-08-08,36539.0,Libros,69577.0,Contraentrega,App móvil,Desktop,Cali,3.0,5,No
TXN-0002916,2022-01-16,52471.0,Moda,67746.0,PSE,App móvil,Android,Bogotá,4.0,5,No
TXN-0006770,2022-07-06,23961.0,Electrónica,929937.0,Tarjeta crédito,Sitio web,Android,Medellín,2.0,5,No
TXN-0001460,2024-07-22,49341.0,Electrónica,325346.0,PSE,App móvil,Android,Cali,7.0,5,No
TXN-0004055,2024-06-08,38241.0,Mascotas,136262.0,Contraentrega,Sitio web,Android,Bogotá,4.0,5,No
TXN-0006783,2022-11-01,24807.0,Juguetes,97466.0,Tarjeta crédito,App móvil,,Medellín,2.0,5,No
TXN-0002259,2023-11-15,12456.0,Moda,126402.0,Tarjeta crédito,Sitio web,Desktop,Bogotá,6.0,5,No
TXN-0001031,2022-10-13,44963.0,Alimentos,51814.0,Tarjeta crédito,Sitio web,iOS,Bogotá,2.0,5,No
TXN-0006923,2023-01-09,56050.0,Deportes,104331.0,Contraentrega,App móvil,Android,Bogotá,1.0,5,No
TXN-0006994,2022-11-19,,Moda,50914.0,Billetera digital,App móvil,Android,CÚCUTA,6.0,5,No
TXN-0001585,2024-08-14,15680.0,Juguetes,136848.0,Billetera digital,Sitio web,iOS,Barranquilla,5.0,5,No
TXN-0000761,2024-03-01,20817.0,DEPORTES,186567.0,Tarjeta crédito,App móvil,Android,Bogotá,4.0,5,No
TXN-0002613,2022-01-06,48278.0,Libros,71971.0,PSE,Sitio web,Android,Bucaramanga,3.0,5,No
TXN-0004048,2024-06-11,23004.0,Deportes,190279.0,Contraentrega,App móvil,Android,Ibagué,3.0,5,No
TXN-0003596,2024-04-16,24249.0,Tecnología,1298802.0,Tarjeta crédito,App móvil,Android,Bogotá,3.0,5,No
TXN-0005710,2022-08-27,18507.0,Hogar,184110.0,Billetera digital,Sitio web,Android,Bucaramanga,5.0,5,No
TXN-0000027,2022-07-19,57548.0,Hogar,122757.0,PSE,App móvil,Desktop,Bogotá,4.0,5,No
TXN-0007456,2023-08-05,17244.0,Electrónica,614786.0,PSE,Sitio web,iOS,Cali,2.0,5,No
TXN-0005629,2024-05-15,,Belleza,95642.0,PSE,App móvil,Android,Bogotá,5.0,5,No
TXN-0005097,2024-10-07,17172.0,Tecnología,947533.0,Tarjeta crédito,App móvil,Desktop,Bogotá,1.0,5,No
TXN-0001734,2024-04-07,30128.0,Juguetes,62715.0,Contraentrega,Sitio web,Desktop,Bogotá,2.0,5,No
TXN-0004944,2024-10-13,10367.0,Electrónica,982228.0,Contraentrega,App móvil,Android,Ibagué,7.0,5,No
TXN-0005162,2023-07-31,38403.0,Moda,210722.0,PSE,Sitio web,Android,Cartagena,5.0,5,No
TXN-0001216,2022-10-13,30193.0,Hogar,223058.0,PSE,Sitio web,Android,Bucaramanga,7.0,5,No
TXN-0001167,,22939.0,Belleza,115674.0,Tarjeta débito,App móvil,,Bucaramanga,8.0,5,No
TXN-0007669,,46461.0,Moda,186747.0,Tarjeta crédito,App móvil,Desktop,Bogotá,4.0,5,Sí
TXN-0003340,2022-12-19,35944.0,Electrónica,625869.0,Contraentrega,Sitio web,Android,Medellín,6.0,5,No
TXN-0001308,2023-01-20,28772.0,Tecnología,895488.0,Tarjeta crédito,Sitio web,Android,Cali,3.0,5,No
TXN-0005744,2022-01-30,52280.0,Mascotas,63246.0,Tarjeta crédito,App móvil,iOS,Bogotá,6.0,5,No
TXN-0001193,2022-03-09,58867.0,Electrónica,961278.0,PSE,App móvil,Desktop,Bogotá,7.0,5,No
TXN-0001156,2022-09-01,36633.0,Tecnología,469940.0,Contraentrega,App móvil,Android,Barranquilla,3.0,5,No
TXN-0002456,2024-04-05,47280.0,Tecnología,976952.0,Tarjeta crédito,App móvil,Android,Bogotá,6.0,5,No
TXN-0000387,2022-05-15,24778.0,Hogar,146812.0,Tarjeta débito,Sitio web,Desktop,Cali,8.0,3,No
TXN-0007038,2023-09-24,17780.0,Libros,56888.0,Contraentrega,App móvil,iOS,Bogotá,9.0,4,No
TXN-0002177,2024-11-25,51300.0,Moda,32967.0,Contraentrega,Sitio web,Android,IBAGUÉ,4.0,5,No
,2024-02-10,17929.0,Hogar,139174.0,Tarjeta crédito,App móvil,Desktop,PEREIRA,4.0,5,No
TXN-0000587,2022-09-07,36098.0,Hogar,103863.0,Contraentrega,Sitio web,Android,Bogotá,5.0,5,No
TXN-0002466,2024-01-15,54392.0,Tecnología,820195.0,Tarjeta crédito,Sitio web,Android,Barranquilla,6.0,5,No
TXN-0002228,2023-09-28,21662.0,Libros,73451.0,Contraentrega,Sitio web,Desktop,Bogotá,4.0,5,No
TXN-0000001,2024-10-14,36094.0,Moda,170251.0,Tarjeta débito,App móvil,Desktop,Bogotá,3.0,5,No
TXN-0002727,2023-12-01,43970.0,Libros,34651.0,Tarjeta débito,App móvil,Android,Bucaramanga,5.0,5,No
TXN-0005904,2024-06-05,46171.0,DEPORTES,95236.0,Tarjeta crédito,App móvil,iOS,Bogotá,3.0,5,No
TXN-0000727,2022-10-12,24263.0,Mascotas,24951.0,Contraentrega,Sitio web,,Bogotá,5.0,5,No
TXN-0005398,,,Juguetes,52148.0,Tarjeta débito,App móvil,Android,Cali,2.0,5,No
TXN-0001433,2022-01-06,50340.0,Electrónica,141250.0,Tarjeta crédito,App móvil,Desktop,Cali,3.0,5,No
TXN-0001033,2022-03-03,10446.0,Alimentos,54273.0,Billetera digital,App móvil,Android,Bogotá,4.0,5,No
TXN-0007313,2023-07-02,21291.0,Juguetes,58499.0,PSE,App móvil,Android,Cali,5.0,5,No
TXN-0006764,2022-08-18,24713.0,Moda,73737.0,PSE,App móvil,Android,Medellín,1.0,5,No
TXN-0006810,2022-08-11,48010.0,LIBROS,50637.0,Contraentrega,App móvil,iOS,Cartagena,6.0,5,No
TXN-0005753,2024-02-06,55846.0,Alimentos,40409.0,Tarjeta débito,App móvil,iOS,Cali,1.0,5,No
TXN-0003849,2023-05-06,46615.0,Tecnología,5000.0,Tarjeta crédito,App móvil,iOS,Cali,3.0,5,No
TXN-0001361,2022-03-13,16346.0,Electrónica,462110.0,Tarjeta crédito,Sitio web,Android,Manizales,3.0,5,No
TXN-0001945,2023-08-07,23014.0,Moda,137758.0,Tarjeta débito,App móvil,Android,Medellín,6.0,5,No
TXN-0000863,2024-07-26,26060.0,Electrónica,959324.0,Tarjeta débito,App móvil,Android,Cali,3.0,5,Sí
TXN-0003448,2023-07-25,37177.0,Belleza,58337.0,Tarjeta crédito,App móvil,Desktop,Pereira,4.0,5,No
TXN-0004485,2022-09-29,13025.0,Hogar,132792.0,Tarjeta crédito,App móvil,Android,Bogotá,2.0,5,No
TXN-0001124,2022-11-03,47057.0,Belleza,5000.0,Tarjeta crédito,App móvil,Android,Manizales,1.0,5,No
TXN-0003386,2023-06-16,42802.0,Hogar,321385.0,Tarjeta crédito,Sitio web,,Cali,5.0,5,No
TXN-0000392,2022-11-18,15026.0,Juguetes,96327.0,Tarjeta débito,App móvil,iOS,Cali,4.0,5,No
TXN-0002824,2024-11-02,37768.0,Belleza,142842.0,Tarjeta débito,App móvil,iOS,Bucaramanga,4.0,5,No
TXN-0004135,2024-07-17,49989.0,Belleza,63240.0,Tarjeta débito,App móvil,Android,Pereira,6.0,5,No
TXN-0002398,2022-04-28,49102.0,Deportes,193567.0,Billetera digital,Sitio web,Android,Barranquilla,6.0,5,No
TXN-0004330,2024-02-14,20702.0,Deportes,157860.0,Tarjeta crédito,App móvil,Android,Pereira,4.0,5,No
TXN-0003163,2022-03-28,17788.0,Belleza,63433.0,Tarjeta débito,App móvil,Android,Cartagena,3.0,5,No
TXN-0006400,2023-01-06,36149.0,Moda,113332.0,Billetera digital,App móvil,Desktop,Cartagena,3.0,5,No
TXN-0003220,2023-11-10,48453.0,Belleza,61072.0,Contraentrega,App móvil,iOS,BUCARAMANGA,4.0,5,No
TXN-0007721,2022-03-05,33161.0,Juguetes,106536.0,Tarjeta crédito,App móvil,Android,Bogotá,3.0,5,No
TXN-0002695,2022-11-10,11583.0,Moda,99567.0,Contraentrega,App móvil,Android,Bucaramanga,4.0,5,No
TXN-0005235,2022-12-01,42302.0,Electrónica,428669.0,PSE,App móvil,iOS,Cali,6.0,5,No
TXN-0006520,2022-09-02,27210.0,Tecnología,1540441.0,Tarjeta crédito,App móvil,Android,Bogotá,6.0,5,No
TXN-0003572,2023-03-04,53582.0,Deportes,175258.0,PSE,Sitio web,iOS,Bogotá,3.0,5,No
TXN-0002895,2022-04-16,46584.0,Libros,20930.0,Tarjeta crédito,Sitio web,Desktop,Medellín,3.0,5,No
,2024-11-29,29144.0,Hogar,108528.0,Tarjeta débito,App móvil,iOS,Bogotá,7.0,5,No
TXN-0006860,2024-02-25,34309.0,Tecnología,986432.0,PSE,Sitio web,Desktop,Cartagena,3.0,5,No
TXN-0006769,2023-09-08,26113.0,Electrónica,790015.0,PSE,App móvil,Android,BUCARAMANGA,2.0,5,No
TXN-0003934,2023-12-21,10246.0,Moda,146236.0,PSE,App móvil,iOS,Medellín,2.0,5,No
TXN-0006659,2022-11-02,47105.0,Mascotas,73448.0,Billetera digital,Sitio web,Android,Barranquilla,4.0,5,No
TXN-0004980,2022-01-09,55508.0,Belleza,100922.0,Contraentrega,App móvil,Android,Cúcuta,5.0,5,No
TXN-0004218,2024-09-29,46313.0,Deportes,40819.0,Tarjeta crédito,App móvil,Desktop,Pereira,4.0,5,No
TXN-0005759,2023-08-06,38205.0,Electrónica,364309.0,Tarjeta débito,App móvil,iOS,Pereira,3.0,5,No
TXN-0000815,2022-02-10,45625.0,Tecnología,1307499.0,PSE,App móvil,Desktop,Bogotá,6.0,5,No
TXN-0001730,2022-05-15,53691.0,Tecnología,863155.0,Contraentrega,Sitio web,Android,Manizales,7.0,5,No
TXN-0004347,2024-01-22,19155.0,Belleza,107026.0,PSE,App móvil,iOS,Pereira,7.0,5,No
TXN-0005264,2023-03-27,21537.0,Juguetes,85207.0,Tarjeta crédito,Sitio web,Desktop,Barranquilla,5.0,5,No
TXN-0006653,2023-12-06,24957.0,Deportes,123384.0,Tarjeta crédito,App móvil,Android,Bucaramanga,4.0,5,No
TXN-0003627,2024-06-16,34379.0,Belleza,104952.0,Tarjeta crédito,Sitio web,Android,Medellín,5.0,5,No
TXN-0005595,2023-06-15,35334.0,Moda,96392.0,Billetera digital,Sitio web,iOS,Bucaramanga,6.0,5,No
TXN-0007819,2023-06-14,17009.0,Alimentos,28172.0,Tarjeta crédito,App móvil,iOS,Cali,3.0,5,No
TXN-0006626,2024-05-24,29251.0,Belleza,48255.0,Tarjeta débito,App móvil,Desktop,Ibagué,4.0,5,No
TXN-0004219,2022-09-06,50875.0,Deportes,189190.0,Billetera digital,App móvil,Android,Cali,5.0,5,Sí
,2023-03-11,19290.0,Electrónica,620203.0,PSE,App móvil,Android,Ibagué,6.0,5,No
TXN-0001276,2024-11-16,13820.0,Electrónica,849084.0,Tarjeta crédito,Sitio web,iOS,Cartagena,3.0,5,No
TXN-0003167,2024-02-20,25744.0,Juguetes,107214.0,Tarjeta crédito,Sitio web,Android,Cartagena,3.0,5,No
TXN-0002967,2023-10-14,31905.0,Electrónica,655813.0,Tarjeta crédito,App móvil,Desktop,Manizales,8.0,5,No
TXN-0006402,2022-05-12,38233.0,Moda,142651.0,Contraentrega,App móvil,Android,Ibagué,4.0,5,No
TXN-0003918,2022-12-20,55034.0,Deportes,159892.0,Tarjeta crédito,Sitio web,Android,Medellín,7.0,5,No
TXN-0003976,2024-04-25,31819.0,Deportes,221891.0,PSE,App móvil,Android,Pereira,5.0,5,Sí
TXN-0004782,2023-06-07,39617.0,Hogar,53411.0,Tarjeta crédito,App móvil,Android,BARRANQUILLA,6.0,5,No
TXN-0004246,,25685.0,Deportes,222053.0,Tarjeta crédito,Sitio web,iOS,Medellín,2.0,5,No
,2023-04-14,56306.0,Hogar,205048.0,Contraentrega,App móvil,Android,Bucaramanga,6.0,5,No
,2022-11-26,41657.0,Hogar,162775.0,PSE,App móvil,Android,Bogotá,3.0,5,No
TXN-0005430,2024-04-24,26529.0,Tecnología,1133917.0,Billetera digital,App móvil,Android,Barranquilla,6.0,5,No
TXN-0007655,2024-09-06,31907.0,Juguetes,102448.0,Tarjeta débito,Sitio web,Desktop,Bogotá,7.0,5,No
TXN-0006039,2022-05-30,49474.0,Electrónica,379945.0,Contraentrega,Sitio web,Android,Bucaramanga,5.0,5,No
TXN-0002299,2023-03-06,10064.0,Belleza,72673.0,Tarjeta crédito,App móvil,Android,Medellín,2.0,5,No
TXN-0005815,2022-08-24,47052.0,Mascotas,66270.0,Tarjeta débito,App móvil,Android,Pereira,3.0,5,No
TXN-0007918,2023-10-17,47596.0,Mascotas,71161.0,Contraentrega,Sitio web,iOS,Bucaramanga,2.0,5,Sí
TXN-0003983,2022-05-10,44306.0,Moda,115400.0,Tarjeta crédito,App móvil,iOS,Cúcuta,6.0,5,No
TXN-0007245,2022-06-02,24262.0,Electrónica,374885.0,Tarjeta débito,Sitio web,Desktop,Bogotá,3.0,5,No
TXN-0002944,2023-03-08,46290.0,Belleza,76225.0,PSE,Sitio web,Desktop,Bucaramanga,5.0,5,No
,2023-08-21,47030.0,Electrónica,488188.0,Tarjeta crédito,App móvil,Android,BARRANQUILLA,3.0,5,No
TXN-0003964,2022-10-19,51154.0,Belleza,76622.0,Tarjeta débito,App móvil,Android,Cartagena,4.0,5,No
TXN-0002948,2024-11-22,15790.0,Alimentos,13544.0,Billetera digital,Sitio web,Android,Medellín,6.0,5,No
TXN-0005029,2023-11-16,49017.0,Electrónica,1043822.0,PSE,App móvil,Desktop,Bucaramanga,7.0,5,No
TXN-0001278,2024-01-25,42393.0,Belleza,65814.0,Billetera digital,Sitio web,Desktop,Bogotá,4.0,5,No
TXN-0004269,2024-12-09,37233.0,Moda,89614.0,Contraentrega,Sitio web,,Manizales,7.0,5,No
TXN-0002164,2024-01-15,,Juguetes,81384.0,Billetera digital,Sitio web,Android,Bucaramanga,2.0,5,No
TXN-0003877,,59767.0,Tecnología,1223893.0,Tarjeta crédito,App móvil,iOS,Medellín,2.0,5,No
TXN-0005321,2023-12-28,13307.0,Hogar,296328.0,Tarjeta débito,Sitio web,Android,Bucaramanga,4.0,5,No
TXN-0006592,2024-07-29,21396.0,Moda,155370.0,Tarjeta crédito,App móvil,Desktop,Bogotá,1.0,5,No
TXN-0007672,2023-10-28,33939.0,Alimentos,34549.0,PSE,Sitio web,Android,Medellín,1.0,5,No
TXN-0001283,2024-02-08,10717.0,Moda,125162.0,Tarjeta débito,App móvil,iOS,Cúcuta,5.0,5,No
TXN-0003240,2023-07-15,21584.0,Electrónica,749643.0,PSE,Sitio web,Android,Barranquilla,1.0,5,No
TXN-0001457,,25917.0,BELLEZA,63444.0,Tarjeta crédito,App móvil,iOS,Bogotá,3.0,5,No
TXN-0003679,2023-03-26,16822.0,Moda,149296.0,Tarjeta débito,Sitio web,Android,Pereira,3.0,5,No
TXN-0005729,2023-01-08,57600.0,Belleza,76265.0,Contraentrega,App móvil,Desktop,Manizales,4.0,5,No
TXN-0002806,2024-12-31,58013.0,Electrónica,392839.0,Tarjeta crédito,Sitio web,Android,Barranquilla,2.0,5,No
TXN-0003969,2024-07-26,26807.0,Deportes,180295.0,Tarjeta crédito,App móvil,Android,Bogotá,5.0,5,No
TXN-0004886,2022-02-09,53008.0,Deportes,98327.0,PSE,Sitio web,Android,Barranquilla,6.0,5,No
TXN-0005780,2022-07-14,11302.0,Electrónica,987178.0,Billetera digital,Sitio web,Android,Bogotá,6.0,5,No
TXN-0001130,2024-05-22,43857.0,Deportes,134684.0,Billetera digital,App móvil,Desktop,Medellín,4.0,5,No
TXN-0003309,2023-05-07,22671.0,Belleza,35290.0,Tarjeta crédito,Sitio web,iOS,Bogotá,5.0,5,No
TXN-0003051,2023-02-07,37230.0,Belleza,81614.0,PSE,App móvil,Android,Manizales,2.0,5,No
TXN-0003261,2023-08-03,15604.0,Hogar,54100.0,Tarjeta crédito,Sitio web,iOS,Medellín,4.0,5,No
TXN-0006637,2024-07-14,17830.0,Libros,58760.0,PSE,App móvil,Android,Bogotá,7.0,5,Sí
TXN-0003157,2023-03-29,43514.0,Moda,112309.0,Billetera digital,App móvil,iOS,Bogotá,5.0,5,No
TXN-0003862,2023-04-23,23649.0,Belleza,115072.0,Tarjeta crédito,App móvil,iOS,Ibagué,2.0,5,No
TXN-0001295,2022-04-20,47808.0,Hogar,137724.0,Tarjeta crédito,Sitio web,Android,Bogotá,5.0,5,No
TXN-0006816,,46978.0,Belleza,78545.0,Tarjeta débito,Sitio web,Android,Cúcuta,4.0,5,No
TXN-0003626,2023-11-24,27831.0,Electrónica,580810.0,Tarjeta crédito,App móvil,Android,MANIZALES,7.0,5,No
TXN-0002108,2023-12-22,50006.0,Juguetes,99175.0,Tarjeta crédito,App móvil,Android,Bogotá,5.0,5,No
TXN-0006937,2023-12-08,36472.0,HOGAR,118759.0,Tarjeta débito,Sitio web,Android,Bucaramanga,4.0,5,No
TXN-0007251,2023-07-14,,Deportes,108744.0,Contraentrega,Sitio web,iOS,Bogotá,9.0,3,No
TXN-0004808,2024-07-02,18966.0,Tecnología,874978.0,Tarjeta débito,Sitio web,,Barranquilla,2.0,5,No
TXN-0004279,2024-05-17,31618.0,Belleza,61308.0,Tarjeta débito,App móvil,,Barranquilla,3.0,5,No
TXN-0001015,2022-02-19,59094.0,Belleza,126759.0,Contraentrega,App móvil,Android,Barranquilla,8.0,4,No
TXN-0007907,2022-03-10,25129.0,Electrónica,556094.0,Tarjeta débito,App móvil,Desktop,Medellín,2.0,5,No
TXN-0001349,2023-03-27,10997.0,Electrónica,906055.0,Tarjeta débito,App móvil,Android,Medellín,6.0,5,No
TXN-0002519,2023-11-14,14371.0,Belleza,128448.0,Tarjeta crédito,App móvil,iOS,Bogotá,8.0,4,No
TXN-0003460,2024-05-04,23083.0,BELLEZA,50976.0,Tarjeta crédito,Sitio web,iOS,Bogotá,3.0,5,No
TXN-0001864,2023-11-08,18222.0,Hogar,244045.0,PSE,Sitio web,Android,Cali,5.0,5,No
TXN-0006843,2024-02-25,43562.0,Juguetes,125623.0,Tarjeta crédito,App móvil,Android,Medellín,1.0,5,No
TXN-0006408,2024-10-08,50708.0,Belleza,23825.0,Contraentrega,App móvil,Desktop,Cali,5.0,5,No
TXN-0000797,2023-04-23,14470.0,DEPORTES,239811.0,Tarjeta débito,Sitio web,Android,CALI,6.0,5,Sí
TXN-0000532,2022-10-17,31338.0,Alimentos,80196.0,PSE,App móvil,iOS,Medellín,1.0,5,No
TXN-0005617,2023-02-12,44977.0,Tecnología,1268019.0,Tarjeta crédito,App móvil,iOS,Bogotá,6.0,5,No
TXN-0002317,2024-03-14,,Hogar,112693.0,Tarjeta crédito,Sitio web,Android,Bogotá,6.0,5,No
TXN-0004043,2024-07-25,15573.0,Libros,64083.0,PSE,App móvil,Desktop,Bogotá,8.0,4,No
TXN-0000998,2022-01-06,26242.0,Electrónica,693578.0,PSE,App móvil,Android,Cartagena,3.0,5,No
TXN-0006698,2022-07-15,59863.0,Alimentos,33354.0,Tarjeta crédito,Sitio web,Android,Cartagena,5.0,5,No
TXN-0005957,2023-09-12,13931.0,Juguetes,114919.0,Billetera digital,App móvil,Desktop,Cali,4.0,5,No
TXN-0000094,2022-05-11,34312.0,Mascotas,24866.0,Billetera digital,Sitio web,iOS,Cali,4.0,5,No
,,30970.0,Alimentos,34987.0,Contraentrega,App móvil,Android,Medellín,8.0,5,Sí
TXN-0001603,2022-11-12,30446.0,Electrónica,950883.0,Contraentrega,Sitio web,Desktop,Cúcuta,3.0,5,No
TXN-0003636,2022-01-22,56704.0,Libros,71780.0,Contraentrega,App móvil,Android,Medellín,3.0,5,No
TXN-0005804,2022-09-06,23378.0,Deportes,163509.0,PSE,App móvil,Android,Bogotá,8.0,3,No
TXN-0003892,2024-01-31,37564.0,Mascotas,78073.0,PSE,Sitio web,Android,Bogotá,3.0,5,No
TXN-0002902,2023-10-13,41058.0,Juguetes,143837.0,Tarjeta débito,App móvil,Desktop,Medellín,4.0,5,No
TXN-0003498,2024-02-04,33454.0,Tecnología,925124.0,Tarjeta crédito,Sitio web,iOS,MEDELLÍN,1.0,5,No
TXN-0007629,2024-08-18,45081.0,Alimentos,48128.0,PSE,App móvil,Android,Bogotá,3.0,5,No
TXN-0001170,2023-11-01,29332.0,Belleza,57030.0,Tarjeta crédito,Sitio web,Desktop,CALI,4.0,5,No
TXN-0001826,2023-04-14,28087.0,Electrónica,562219.0,Tarjeta crédito,App móvil,Android,Bogotá,6.0,5,No
TXN-0004809,2022-10-18,32658.0,Belleza,104402.0,PSE,Sitio web,Android,Cali,5.0,5,No
TXN-0006081,2022-05-03,17944.0,Tecnología,889562.0,PSE,Sitio web,Android,Cali,1.0,5,No
TXN-0006035,2024-07-31,12016.0,JUGUETES,80309.0,Billetera digital,App móvil,iOS,Bogotá,4.0,5,No
TXN-0001352,2022-04-16,43425.0,Belleza,39152.0,Contraentrega,Sitio web,Android,Cali,3.0,5,No
TXN-0001887,2022-04-07,32761.0,Electrónica,425491.0,Tarjeta débito,Sitio web,Android,Barranquilla,5.0,5,No
TXN-0005899,2023-03-16,36987.0,Moda,162205.0,Tarjeta crédito,App móvil,iOS,Manizales,7.0,5,No
TXN-0000258,2023-10-17,51178.0,Alimentos,59843.0,PSE,Sitio web,Desktop,Medellín,3.0,5,No
TXN-0002711,2022-07-20,14380.0,Belleza,90819.0,Tarjeta débito,Sitio web,Android,Barranquilla,3.0,5,No
TXN-0006076,2022-03-08,21881.0,Moda,89465.0,Billetera digital,App móvil,Desktop,Bogotá,5.0,5,No
,2024-02-13,57948.0,Electrónica,819731.0,Tarjeta crédito,App móvil,Desktop,Medellín,4.0,5,No
TXN-0002849,,36197.0,Libros,45286.0,Contraentrega,Sitio web,Desktop,Cali,4.0,5,No
TXN-0007740,2022-08-10,22909.0,Belleza,86934.0,Tarjeta crédito,Sitio web,Android,Pereira,4.0,5,No
TXN-0001172,2022-01-03,29958.0,Mascotas,38356.0,Tarjeta crédito,Sitio web,Android,Ibagué,3.0,5,No
TXN-0007681,2022-05-11,10001.0,Tecnología,1463568.0,Tarjeta crédito,App móvil,Android,Cartagena,5.0,5,No
TXN-0002808,2023-06-11,20334.0,Juguetes,55125.0,Contraentrega,App móvil,iOS,Bogotá,7.0,5,No
TXN-0006145,,23836.0,Tecnología,1187819.0,PSE,App móvil,Android,Cali,1.0,5,No
TXN-0002505,,43964.0,Alimentos,35220.0,PSE,App móvil,iOS,Cali,3.0,5,No
TXN-0001519,2024-02-11,42199.0,Moda,138584.0,Tarjeta débito,App móvil,iOS,Pereira,2.0,5,No
TXN-0001545,,11797.0,ALIMENTOS,40861.0,Tarjeta crédito,Sitio web,Desktop,Bucaramanga,7.0,5,No
TXN-0000635,2022-09-06,50440.0,Alimentos,26164.0,Tarjeta débito,Sitio web,Android,Cali,4.0,5,No
TXN-0001867,2024-02-16,50500.0,Alimentos,14202.0,PSE,App móvil,Desktop,Pereira,2.0,5,No
TXN-0006397,2024-08-14,53211.0,Electrónica,1016214.0,Tarjeta crédito,Sitio web,iOS,CARTAGENA,7.0,5,No
TXN-0004634,2023-08-29,33457.0,Electrónica,529105.0,Contraentrega,Sitio web,Android,Medellín,7.0,5,No
TXN-0006638,2024-12-07,52461.0,Electrónica,1071678.0,Tarjeta débito,App móvil,Android,Medellín,2.0,5,No
TXN-0002720,2023-09-29,35731.0,Libros,62330.0,Tarjeta crédito,App móvil,Desktop,Cartagena,4.0,5,No
TXN-0002592,2023-10-23,19071.0,Hogar,299817.0,Tarjeta débito,Sitio web,iOS,Cali,6.0,5,No
TXN-0003450,2023-01-27,24685.0,ALIMENTOS,63305.0,PSE,App móvil,Android,Barranquilla,5.0,5,No
TXN-0007751,2023-10-24,48934.0,Electrónica,924228.0,Tarjeta crédito,Sitio web,Desktop,Barranquilla,6.0,5,No
,2023-05-30,37450.0,Libros,28786.0,PSE,App móvil,Android,Cúcuta,3.0,5,No
TXN-0006381,2022-02-08,22322.0,Hogar,435935.0,Tarjeta crédito,Sitio web,Desktop,Cali,2.0,5,No
TXN-0000060,2024-04-29,53890.0,Electrónica,258631.0,Tarjeta crédito,Sitio web,Android,Pereira,1.0,5,No
TXN-0000399,2023-04-27,34036.0,Mascotas,25133.0,Tarjeta débito,Sitio web,Android,Medellín,2.0,5,No
TXN-0005370,2022-01-31,56083.0,Tecnología,1169011.0,PSE,Sitio web,Desktop,Medellín,1.0,5,No
TXN-0001103,2023-05-03,12059.0,Electrónica,800446.0,PSE,App móvil,Android,Cali,3.0,5,No
TXN-0002517,2022-01-09,21282.0,Hogar,287319.0,PSE,Sitio web,Desktop,Bogotá,4.0,5,No
TXN-0006707,2023-11-11,49086.0,Belleza,68844.0,Billetera digital,Sitio web,Android,Pereira,6.0,5,No
TXN-0001546,2024-02-17,26178.0,Belleza,170977.0,Tarjeta débito,App móvil,Android,Barranquilla,6.0,5,No
TXN-0007891,2023-09-02,19888.0,Mascotas,87560.0,Contraentrega,App móvil,Desktop,Cúcuta,6.0,5,No
TXN-0000808,2023-07-13,59909.0,Moda,97421.0,Billetera digital,Sitio web,Android,Medellín,1.0,5,No
TXN-0002252,2022-11-22,58518.0,Alimentos,27405.0,Tarjeta débito,App móvil,Android,Pereira,4.0,5,No
TXN-0001977,2024-09-12,57588.0,Juguetes,109256.0,Tarjeta crédito,Sitio web,Android,Ibagué,7.0,5,No
TXN-0004539,2022-01-26,37570.0,Mascotas,11621.0,Tarjeta crédito,App móvil,Android,Cartagena,6.0,5,No
TXN-0005139,2022-04-24,20037.0,Belleza,86057.0,Tarjeta crédito,App móvil,Android,BOGOTÁ,4.0,5,No
TXN-0005495,2023-09-19,54232.0,Juguetes,5961.0,Tarjeta débito,App móvil,Android,Bucaramanga,3.0,5,No
TXN-0002439,2024-05-10,31303.0,Juguetes,185153.0,PSE,Sitio web,Android,Bogotá,4.0,5,No
TXN-0001405,2024-05-26,,Electrónica,634118.0,Billetera digital,Sitio web,Desktop,Pereira,1.0,5,No
TXN-0005893,2024-02-08,30694.0,Alimentos,54889.0,Tarjeta débito,App móvil,Android,Cartagena,5.0,5,No
TXN-0007508,2024-08-19,39644.0,Belleza,122396.0,Tarjeta crédito,App móvil,Desktop,Cali,4.0,5,No
TXN-0002753,2024-11-13,28533.0,Hogar,94503.0,Billetera digital,App móvil,iOS,Bogotá,5.0,5,No
TXN-0006249,2024-06-19,21570.0,Moda,185781.0,Tarjeta débito,App móvil,iOS,Manizales,5.0,5,No
TXN-0005735,2023-04-11,20739.0,Hogar,156016.0,Contraentrega,Sitio web,Desktop,Barranquilla,6.0,5,No
TXN-0000881,2023-06-12,53305.0,Libros,53528.0,PSE,App móvil,Android,Medellín,3.0,5,Sí
TXN-0000200,2023-02-16,56990.0,Moda,93985.0,Tarjeta crédito,App móvil,Desktop,Bogotá,6.0,5,No
TXN-0002405,2024-09-28,15242.0,Alimentos,9352.0,Contraentrega,App móvil,Android,Manizales,3.0,5,No
TXN-0005520,2023-05-05,51417.0,Alimentos,40431.0,Tarjeta débito,Sitio web,Android,Barranquilla,6.0,5,No
TXN-0005508,2023-03-11,38527.0,Electrónica,58603.0,Billetera digital,App móvil,Desktop,Medellín,4.0,5,No
TXN-0001999,2022-03-10,50916.0,Electrónica,821575.0,Tarjeta débito,App móvil,Android,Cúcuta,5.0,5,No
TXN-0004492,2022-09-06,14664.0,Juguetes,107772.0,Billetera digital,App móvil,Android,Bogotá,3.0,5,No
TXN-0003879,2024-12-06,,Moda,134803.0,Tarjeta crédito,Sitio web,Android,Pereira,7.0,5,No
TXN-0007254,,18486.0,Hogar,217033.0,Tarjeta crédito,Sitio web,iOS,Cúcuta,7.0,5,No
TXN-0000903,2023-03-24,16844.0,Belleza,86567.0,Tarjeta crédito,Sitio web,Desktop,Pereira,6.0,5,No
TXN-0003008,2024-12-14,18981.0,Tecnología,5000.0,PSE,Sitio web,Android,Medellín,2.0,5,No
TXN-0006167,2023-09-09,42305.0,BELLEZA,80858.0,Contraentrega,App móvil,iOS,Medellín,1.0,5,No
TXN-0003850,2024-03-16,55526.0,Electrónica,861156.0,Contraentrega,App móvil,Android,Bogotá,6.0,5,No
TXN-0004643,2022-08-19,,Mascotas,51006.0,Tarjeta débito,Sitio web,Android,Bogotá,4.0,5,No
TXN-0006169,2023-04-14,19082.0,Alimentos,41938.0,Tarjeta crédito,Sitio web,Android,Bogotá,4.0,5,No
TXN-0004908,2023-02-13,,Alimentos,33467.0,Tarjeta crédito,Sitio web,Android,Bogotá,4.0,5,No
TXN-0005178,2022-01-08,58694.0,Hogar,130836.0,Contraentrega,App móvil,iOS,Bogotá,7.0,5,No
TXN-0003335,2024-04-20,59234.0,Alimentos,53285.0,Contraentrega,Sitio web,iOS,Bogotá,4.0,5,No
TXN-0001228,2022-07-10,14628.0,Moda,173902.0,Tarjeta débito,App móvil,Android,Bogotá,6.0,5,No
TXN-0006093,2024-11-18,46218.0,Electrónica,783033.0,Tarjeta crédito,Sitio web,Android,Bogotá,4.0,5,No
TXN-0004982,2023-06-12,10945.0,Mascotas,96712.0,Contraentrega,App móvil,iOS,CALI,1.0,5,No
TXN-0005193,2024-12-27,34959.0,Electrónica,201928.0,Tarjeta crédito,Sitio web,Android,Cúcuta,3.0,5,No
TXN-0000403,2022-09-03,51300.0,Moda,135426.0,Tarjeta crédito,App móvil,Android,Bogotá,7.0,5,No
TXN-0004510,2023-05-31,56708.0,Belleza,14336.0,Tarjeta crédito,App móvil,Android,Cali,3.0,5,No
TXN-0007554,2022-02-12,31018.0,Electrónica,714803.0,Tarjeta débito,Sitio web,Android,Cali,2.0,5,No
TXN-0005403,2024-12-05,50291.0,Mascotas,109961.0,Contraentrega,App móvil,Android,Bogotá,5.0,5,No
TXN-0004169,2022-03-15,55588.0,Hogar,346731.0,PSE,App móvil,Android,Medellín,4.0,5,No
TXN-0000899,2023-12-02,32984.0,Electrónica,946314.0,Tarjeta crédito,App móvil,Android,Medellín,7.0,5,No
TXN-0002976,2022-02-21,14637.0,Belleza,63655.0,Tarjeta crédito,App móvil,Android,Manizales,3.0,5,No
TXN-0000775,2024-04-13,17955.0,Electrónica,249419.0,Tarjeta débito,App móvil,iOS,Cali,5.0,5,No
TXN-0005204,2023-04-21,29429.0,Hogar,227765.0,Tarjeta crédito,App móvil,Desktop,Bogotá,6.0,5,No
TXN-0001796,2024-04-17,52111.0,Deportes,77559.0,Tarjeta crédito,App móvil,iOS,Pereira,7.0,5,No
TXN-0003848,2022-03-15,40991.0,Hogar,208037.0,PSE,App móvil,Desktop,Barranquilla,3.0,5,No
TXN-0000415,2023-06-17,41583.0,Libros,53872.0,Tarjeta débito,App móvil,iOS,Cartagena,5.0,5,No
TXN-0001012,2024-07-08,39048.0,Moda,77055.0,Tarjeta crédito,App móvil,iOS,CALI,5.0,5,No
TXN-0003192,2022-03-15,39990.0,Electrónica,641817.0,Contraentrega,Sitio web,Android,Bogotá,6.0,5,No
TXN-0002630,2024-02-21,13137.0,Mascotas,71095.0,Tarjeta crédito,Sitio web,Android,Bogotá,2.0,5,No
TXN-0004130,2022-01-14,45980.0,Deportes,129696.0,Billetera digital,App móvil,iOS,Barranquilla,7.0,5,No
TXN-0004616,2022-05-20,42465.0,Alimentos,45583.0,Tarjeta débito,Sitio web,Android,Pereira,3.0,5,No
TXN-0001959,2022-12-04,32362.0,Deportes,108564.0,PSE,App móvil,Android,MEDELLÍN,5.0,5,No
TXN-0001572,2022-01-17,31829.0,Hogar,173211.0,Tarjeta crédito,Sitio web,Android,Cali,7.0,5,No
TXN-0000924,2023-02-01,42285.0,Tecnología,787854.0,Tarjeta débito,App móvil,,Medellín,3.0,5,No
TXN-0004801,2024-06-18,15850.0,Moda,137975.0,Tarjeta crédito,Sitio web,Android,Cali,6.0,5,No
TXN-0007438,2024-03-25,24443.0,Moda,166258.0,Tarjeta débito,Sitio web,Desktop,Bogotá,5.0,5,No
TXN-0002964,2022-10-19,30932.0,DEPORTES,130118.0,Tarjeta crédito,App móvil,iOS,Bogotá,2.0,5,No
TXN-0006840,2022-11-26,37743.0,Deportes,143051.0,Tarjeta crédito,Sitio web,Android,Ibagué,4.0,5,No
TXN-0000116,2022-06-10,27327.0,Electrónica,825723.0,Tarjeta débito,App móvil,iOS,Cúcuta,3.0,5,No
TXN-0001403,2023-03-10,58825.0,Electrónica,948162.0,Tarjeta crédito,App móvil,Android,Bogotá,6.0,5,No
,2024-05-15,37926.0,Libros,54323.0,Tarjeta crédito,App móvil,Android,Cartagena,3.0,5,No
TXN-0002752,2024-03-11,33114.0,Electrónica,1087896.0,Tarjeta crédito,App móvil,iOS,Medellín,3.0,5,No
TXN-0004441,2022-08-07,17846.0,Tecnología,1082516.0,Tarjeta crédito,Sitio web,Android,Barranquilla,7.0,5,No
TXN-0007391,2024-03-21,36103.0,Moda,150732.0,PSE,App móvil,Desktop,Bucaramanga,1.0,5,No
TXN-0005124,2023-05-06,12795.0,Belleza,93605.0,PSE,Sitio web,Android,Medellín,5.0,5,No
TXN-0005254,2024-06-28,,Deportes,250563.0,Tarjeta crédito,App móvil,iOS,CARTAGENA,6.0,5,No
TXN-0005645,2022-02-27,39149.0,Deportes,184505.0,Tarjeta crédito,App móvil,iOS,Manizales,3.0,5,Sí
TXN-0003610,2024-03-07,10038.0,Electrónica,864223.0,Tarjeta crédito,App móvil,Android,Bogotá,7.0,5,No
TXN-0007776,2024-05-19,10512.0,ELECTRÓNICA,506289.0,PSE,App móvil,iOS,Manizales,7.0,5,No
TXN-0006828,2022-01-03,12805.0,Juguetes,86488.0,Tarjeta débito,App móvil,Android,Pereira,3.0,5,No
TXN-0004225,2022-07-24,49730.0,Electrónica,671059.0,Contraentrega,App móvil,Android,Cali,5.0,5,No
TXN-0001131,,11992.0,MODA,155845.0,Tarjeta débito,App móvil,Desktop,Medellín,5.0,5,No
,2022-01-07,37975.0,Moda,150080.0,Tarjeta débito,App móvil,iOS,Manizales,2.0,5,No
TXN-0006569,2024-06-06,45095.0,Juguetes,34478.0,Tarjeta crédito,App móvil,Android,Barranquilla,6.0,5,No
TXN-0001137,2023-06-02,22222.0,Belleza,77589.0,Contraentrega,Sitio web,Desktop,Medellín,3.0,5,No
TXN-0006043,2024-07-24,56912.0,Belleza,74800.0,Tarjeta crédito,App móvil,Android,Bogotá,7.0,5,No
TXN-0006005,2024-08-31,44390.0,MODA,127704.0,Contraentrega,App móvil,Android,Barranquilla,3.0,5,No
TXN-0000063,2024-12-08,53783.0,Electrónica,973209.0,Tarjeta crédito,App móvil,Android,Barranquilla,3.0,5,No
TXN-0002900,2024-12-11,26572.0,Tecnología,1250912.0,PSE,App móvil,iOS,Bogotá,9.0,3,No
TXN-0005035,2023-10-25,57017.0,Belleza,11529.0,Tarjeta crédito,App móvil,Android,Barranquilla,8.0,5,No
TXN-0006531,2023-02-28,48444.0,Deportes,127663.0,Tarjeta crédito,Sitio web,,Cali,5.0,5,No
TXN-0006354,,21878.0,Hogar,202887.0,Tarjeta débito,Sitio web,Android,PEREIRA,4.0,5,No
TXN-0007308,2024-02-19,54373.0,Belleza,74917.0,Billetera digital,App móvil,Desktop,Medellín,4.0,5,No
TXN-0007126,2022-03-16,53532.0,Deportes,105322.0,PSE,App móvil,Android,Bogotá,3.0,5,No
TXN-0007395,2023-12-16,18023.0,Mascotas,81358.0,Tarjeta crédito,Sitio web,Android,Pereira,4.0,5,Sí
TXN-0000457,2024-11-29,34430.0,Electrónica,700072.0,Tarjeta débito,Sitio web,Desktop,Manizales,4.0,5,No
TXN-0005776,2022-01-23,28693.0,Moda,198664.0,PSE,Sitio web,Android,Bogotá,7.0,5,No
TXN-0004902,2023-07-16,21827.0,Libros,15415.0,Billetera digital,App móvil,iOS,Cali,5.0,5,No
TXN-0005719,2022-06-05,17821.0,Moda,110504.0,Tarjeta crédito,App móvil,Android,Bogotá,6.0,5,No
,2024-02-19,58354.0,Hogar,81442.0,Tarjeta crédito,Sitio web,iOS,Ibagué,4.0,5,No
TXN-0001508,2024-03-22,46717.0,Electrónica,534406.0,Billetera digital,Sitio web,Android,Bucaramanga,4.0,5,No
TXN-0000235,2024-02-02,43231.0,Electrónica,437990.0,Contraentrega,Sitio web,Desktop,Ibagué,5.0,5,No
TXN-0006319,2023-01-06,17713.0,Moda,67446.0,PSE,App móvil,Android,Cartagena,7.0,5,No
TXN-0005642,2022-04-17,13875.0,Moda,60795.0,Tarjeta débito,App móvil,iOS,Barranquilla,3.0,5,No
TXN-0004050,2022-09-22,20124.0,Moda,199672.0,Contraentrega,Sitio web,Desktop,Bogotá,6.0,5,No
TXN-0003534,2024-04-07,,Hogar,154309.0,Tarjeta crédito,App móvil,Android,Cali,5.0,5,No
TXN-0003071,2023-10-31,44215.0,Electrónica,417482.0,Tarjeta crédito,Sitio web,Desktop,Cúcuta,9.0,5,No
TXN-0000627,2022-10-07,18796.0,Alimentos,54638.0,Tarjeta crédito,Sitio web,Android,Bogotá,2.0,5,No
TXN-0001570,2024-12-09,29464.0,Belleza,88287.0,Tarjeta débito,App móvil,iOS,Medellín,3.0,5,No
TXN-0003655,2024-01-12,13910.0,Electrónica,802959.0,Tarjeta débito,App móvil,Android,Bogotá,3.0,5,No
TXN-0001049,2022-04-08,45025.0,Electrónica,546835.0,Billetera digital,App móvil,Android,Cúcuta,1.0,5,No
TXN-0000179,2022-08-01,17226.0,Belleza,71420.0,PSE,App móvil,iOS,Cali,3.0,5,No
TXN-0002833,2023-11-02,22654.0,Alimentos,28464.0,Contraentrega,App móvil,Android,Cartagena,4.0,5,No
TXN-0002761,2022-02-04,29638.0,Deportes,283949.0,Contraentrega,App móvil,Android,Cartagena,4.0,5,No
TXN-0005540,2023-02-05,48827.0,Electrónica,820335.0,Contraentrega,Sitio web,Desktop,Pereira,6.0,5,No
TXN-0007705,2024-08-14,25752.0,Electrónica,829872.0,PSE,Sitio web,iOS,Medellín,3.0,5,No
TXN-0005513,2022-06-01,32850.0,Moda,112841.0,Tarjeta crédito,App móvil,Android,Cúcuta,6.0,5,No
TXN-0004439,2023-09-12,50979.0,Electrónica,515520.0,Contraentrega,App móvil,Android,Medellín,3.0,5,No
TXN-0005428,2023-06-04,54794.0,BELLEZA,83192.0,Billetera digital,Sitio web,Desktop,Bogotá,4.0,5,No
TXN-0006280,2024-12-20,36788.0,Alimentos,23826.0,Tarjeta crédito,App móvil,iOS,Cali,5.0,5,No
TXN-0002073,2024-07-10,36910.0,Libros,60087.0,PSE,Sitio web,Android,Bogotá,4.0,5,No
TXN-0007230,2023-07-27,53280.0,Moda,196571.0,Tarjeta débito,App móvil,iOS,Medellín,5.0,5,No
TXN-0000440,2022-12-08,37345.0,Belleza,66509.0,PSE,App móvil,iOS,Cartagena,7.0,5,No
TXN-0001104,2024-10-08,30967.0,Alimentos,54786.0,Billetera digital,App móvil,Desktop,Bogotá,7.0,5,No
TXN-0005517,2023-02-20,54798.0,Alimentos,35564.0,Tarjeta débito,Sitio web,Desktop,Cartagena,3.0,5,No
TXN-0007130,2024-10-29,39986.0,Deportes,119503.0,PSE,Sitio web,Desktop,Ibagué,5.0,5,No
TXN-0007273,2022-10-24,42771.0,Hogar,142783.0,Tarjeta crédito,App móvil,iOS,Bogotá,4.0,5,No
TXN-0001415,2024-06-18,57438.0,Juguetes,72383.0,Tarjeta crédito,App móvil,iOS,Cúcuta,7.0,5,No
TXN-0003931,2023-02-16,56198.0,Belleza,123714.0,Contraentrega,Sitio web,Desktop,Cali,6.0,5,No
TXN-0001275,,45853.0,Moda,66873.0,Tarjeta crédito,Sitio web,Desktop,Bogotá,4.0,5,No
TXN-0004415,2023-06-14,29096.0,Juguetes,137792.0,Contraentrega,Sitio web,Android,Bogotá,4.0,5,No
TXN-0005121,2022-08-23,48476.0,Moda,120542.0,Tarjeta crédito,Sitio web,Android,Cúcuta,4.0,5,No
TXN-0004950,2023-04-09,32358.0,Mascotas,44593.0,Tarjeta crédito,App móvil,Android,Barranquilla,2.0,5,No
TXN-0005249,2024-08-13,15165.0,Belleza,46259.0,Tarjeta débito,Sitio web,iOS,Bogotá,4.0,5,No
TXN-0006221,2023-09-13,43906.0,Tecnología,1244739.0,Contraentrega,Sitio web,iOS,Medellín,5.0,5,No
TXN-0001908,2024-04-05,42894.0,Juguetes,43547.0,PSE,Sitio web,Android,Cali,8.0,4,No
TXN-0004790,2022-06-21,55655.0,Alimentos,40493.0,PSE,Sitio web,Android,Bogotá,1.0,5,No
TXN-0006020,2022-02-04,37092.0,Mascotas,104337.0,Billetera digital,App móvil,Android,Pereira,2.0,5,No
TXN-0005385,2023-08-12,37938.0,Deportes,84371.0,Tarjeta crédito,Sitio web,Android,Barranquilla,1.0,5,No
,2024-11-28,14723.0,Libros,54822.0,PSE,Sitio web,Android,Bogotá,4.0,5,No
TXN-0001683,2024-12-08,41154.0,Hogar,203339.0,Tarjeta crédito,Sitio web,Desktop,Bucaramanga,5.0,5,No
TXN-0006298,2024-12-16,28658.0,Alimentos,18050.0,Tarjeta crédito,App móvil,Android,Medellín,1.0,5,No
TXN-0002884,2024-11-27,57261.0,Moda,80513.0,PSE,Sitio web,Android,Pereira,3.0,5,No
TXN-0003477,2024-03-29,37154.0,Deportes,12217.0,Tarjeta débito,App móvil,Desktop,Cúcuta,6.0,5,No
TXN-0006615,2023-01-19,35116.0,Alimentos,27784.0,Contraentrega,App móvil,Android,Bogotá,7.0,5,No
TXN-0001948,2022-01-22,52796.0,Moda,94867.0,Tarjeta crédito,App móvil,iOS,MEDELLÍN,2.0,5,No
TXN-0001013,2022-12-04,,Moda,89243.0,Contraentrega,Sitio web,Android,Cali,4.0,5,No
TXN-0007337,2022-06-09,23964.0,Moda,87306.0,Tarjeta débito,App móvil,Android,Medellín,2.0,5,No
TXN-0000388,2023-03-25,36760.0,Electrónica,1090321.0,Contraentrega,App móvil,iOS,Manizales,4.0,5,No
TXN-0007491,2024-09-20,58664.0,Hogar,109288.0,Tarjeta débito,Sitio web,Android,Manizales,5.0,5,No
TXN-0005660,2022-10-29,38118.0,Electrónica,551111.0,Tarjeta crédito,App móvil,Android,Bucaramanga,4.0,5,No
TXN-0007966,2022-01-20,,Hogar,154850.0,Contraentrega,Sitio web,Android,Medellín,8.0,3,No
TXN-0000384,2022-12-07,32550.0,Alimentos,72991.0,Tarjeta débito,App móvil,Android,Manizales,2.0,5,No
TXN-0007068,2023-04-08,22149.0,Juguetes,55364.0,Tarjeta débito,App móvil,Desktop,Bogotá,7.0,5,No
TXN-0004407,2024-08-05,30103.0,Belleza,55016.0,Tarjeta crédito,App móvil,,Cali,7.0,5,No
,2022-11-21,34002.0,Moda,107975.0,Tarjeta crédito,App móvil,Android,Bogotá,2.0,5,No
,2023-04-22,13610.0,Moda,192147.0,Tarjeta débito,App móvil,Android,Bucaramanga,4.0,5,No
TXN-0006380,2024-03-02,56797.0,Alimentos,48195.0,Contraentrega,App móvil,Android,Medellín,5.0,5,No
TXN-0006838,2022-01-11,29446.0,Hogar,86743.0,Billetera digital,App móvil,,Medellín,4.0,5,No
TXN-0000461,2023-08-28,34446.0,Belleza,104221.0,Tarjeta débito,App móvil,iOS,Barranquilla,3.0,5,No
TXN-0006944,2024-04-20,47223.0,Belleza,105474.0,Tarjeta débito,Sitio web,iOS,Bogotá,6.0,5,No
TXN-0000011,2022-08-09,47235.0,Alimentos,44505.0,Tarjeta crédito,Sitio web,Android,CALI,3.0,5,No
TXN-0006006,2024-11-29,,Deportes,147338.0,PSE,App móvil,Android,Bogotá,2.0,5,No
TXN-0003019,2023-03-30,50570.0,Moda,177928.0,Contraentrega,App móvil,Desktop,Medellín,4.0,5,No
TXN-0002364,2023-02-17,33882.0,Hogar,198688.0,PSE,App móvil,iOS,Bucaramanga,3.0,5,No
TXN-0001531,2022-11-07,49938.0,Moda,108819.0,PSE,Sitio web,Android,Cali,6.0,5,No
TXN-0000034,2023-01-23,37055.0,Belleza,50741.0,Billetera digital,App móvil,Desktop,MEDELLÍN,4.0,5,No
TXN-0002308,2024-02-10,28392.0,Deportes,163387.0,Tarjeta débito,App móvil,iOS,Medellín,2.0,5,No
TXN-0001186,2022-01-10,13503.0,Libros,53964.0,Billetera digital,App móvil,iOS,Medellín,3.0,5,No
TXN-0007275,2024-09-06,10883.0,Libros,57760.0,Tarjeta débito,Sitio web,iOS,Barranquilla,4.0,5,No
TXN-0004003,2022-10-26,49782.0,Tecnología,809722.0,Tarjeta débito,App móvil,Desktop,Cali,3.0,5,No
TXN-0006107,2023-01-21,18624.0,Belleza,18595.0,Tarjeta crédito,Sitio web,Desktop,Medellín,5.0,5,No
TXN-0005240,2023-09-07,57483.0,Moda,168402.0,Tarjeta débito,Sitio web,Android,Ibagué,2.0,5,No
TXN-0001032,2022-05-10,44286.0,Tecnología,966688.0,PSE,App móvil,Desktop,Cali,1.0,5,No
TXN-0006688,2022-02-03,31602.0,Juguetes,63630.0,Tarjeta crédito,Sitio web,Desktop,Bogotá,1.0,5,No
TXN-0002713,2024-12-21,14381.0,Moda,74186.0,Tarjeta débito,Sitio web,Android,Cartagena,6.0,5,No
TXN-0001763,2022-12-19,24913.0,Hogar,249044.0,Billetera digital,App móvil,Android,Barranquilla,2.0,5,No
TXN-0004824,2022-04-10,22553.0,Moda,136230.0,PSE,Sitio web,Android,Bogotá,4.0,5,No
TXN-0007002,2022-09-09,48975.0,Libros,55672.0,Contraentrega,App móvil,,Bogotá,4.0,5,No
TXN-0004816,2023-11-06,49655.0,Moda,218994.0,Tarjeta crédito,App móvil,Android,Manizales,8.0,4,No
TXN-0003570,2024-12-10,21488.0,Alimentos,64818.0,Tarjeta débito,App móvil,Android,Barranquilla,1.0,5,No
TXN-0006636,2022-01-12,47298.0,Mascotas,5000.0,Tarjeta crédito,App móvil,Desktop,Cali,4.0,5,No
TXN-0003372,2024-09-09,18503.0,Deportes,184300.0,Tarjeta crédito,App móvil,Android,Pereira,6.0,5,No
TXN-0006109,2022-10-26,22157.0,Electrónica,937542.0,Tarjeta crédito,Sitio web,Android,Bogotá,6.0,5,No
TXN-0002778,2023-05-30,22924.0,Electrónica,454954.0,Tarjeta crédito,App móvil,iOS,Cúcuta,5.0,5,No
TXN-0007956,2024-05-07,21324.0,Deportes,172775.0,PSE,App móvil,iOS,Bogotá,6.0,5,No
TXN-0005458,2024-06-05,49036.0,Electrónica,775724.0,Billetera digital,App móvil,Android,Manizales,4.0,5,No
TXN-0000266,2024-03-06,18531.0,Hogar,179192.0,Tarjeta crédito,Sitio web,Android,Bucaramanga,3.0,5,No
TXN-0001028,2022-02-08,11040.0,Tecnología,415270.0,PSE,App móvil,iOS,Barranquilla,5.0,5,No
TXN-0006601,2024-05-16,34059.0,Hogar,161798.0,Tarjeta crédito,App móvil,Android,Ibagué,6.0,5,No
TXN-0001279,2024-10-16,52125.0,Juguetes,123632.0,Billetera digital,App móvil,,Bogotá,4.0,5,No
TXN-0000860,2023-11-23,30425.0,Deportes,140271.0,Contraentrega,App móvil,iOS,Barranquilla,1.0,5,No
TXN-0000286,2024-06-05,12510.0,Deportes,190102.0,Tarjeta crédito,Sitio web,Desktop,Medellín,2.0,5,No
TXN-0001121,2022-06-10,44108.0,Moda,180539.0,Tarjeta débito,App móvil,Android,Cali,5.0,5,No
TXN-0002099,2023-05-13,21302.0,Hogar,88517.0,PSE,App móvil,Android,Bogotá,7.0,5,Sí
TXN-0004576,2022-05-09,22300.0,Mascotas,86525.0,Tarjeta débito,Sitio web,Android,Bogotá,5.0,5,No
TXN-0007534,2023-01-09,48610.0,Moda,101561.0,Contraentrega,App móvil,Android,Medellín,7.0,5,No
TXN-0006149,2023-05-08,44505.0,Hogar,57555.0,Contraentrega,App móvil,Android,Cúcuta,5.0,5,No
TXN-0002850,2024-05-21,38202.0,Electrónica,239691.0,Tarjeta crédito,App móvil,Android,Bogotá,7.0,5,No
TXN-0006985,2022-03-06,24794.0,Belleza,21331.0,Tarjeta crédito,App móvil,Desktop,Bogotá,5.0,5,No
TXN-0002262,2024-05-25,20631.0,Tecnología,977776.0,Contraentrega,App móvil,Android,Medellín,5.0,5,No
TXN-0003012,2024-04-06,49829.0,Juguetes,111943.0,Tarjeta crédito,App móvil,Android,Cali,2.0,5,No
TXN-0002022,2023-04-06,29136.0,Hogar,114434.0,PSE,App móvil,Android,Medellín,2.0,5,No
TXN-0000227,2022-05-30,58422.0,Alimentos,55002.0,Tarjeta crédito,App móvil,Android,Manizales,8.0,3,No
TXN-0006830,2024-10-15,43414.0,Belleza,75398.0,Billetera digital,Sitio web,Desktop,Bogotá,2.0,5,No
TXN-0001047,2023-10-31,52483.0,Belleza,32953.0,Tarjeta crédito,App móvil,iOS,Manizales,6.0,5,No
TXN-0001127,2022-06-10,30813.0,Hogar,247264.0,PSE,App móvil,Desktop,Manizales,5.0,5,No
TXN-0002446,2023-08-21,37242.0,Deportes,167547.0,Tarjeta crédito,App móvil,Android,Cali,4.0,5,Sí
TXN-0004419,2023-08-28,23245.0,Moda,73171.0,Tarjeta crédito,Sitio web,Android,Ibagué,4.0,5,No
TXN-0007609,2023-01-08,56118.0,Electrónica,686002.0,Contraentrega,Sitio web,Android,Bucaramanga,2.0,5,Sí
TXN-0005070,2022-08-22,,Moda,94654.0,Tarjeta crédito,App móvil,Android,Cali,2.0,5,No
TXN-0006233,2023-03-12,24683.0,Tecnología,1160491.0,Tarjeta débito,App móvil,Desktop,Cali,2.0,5,No
TXN-0005624,2023-08-08,37373.0,Hogar,261526.0,Tarjeta crédito,Sitio web,Desktop,Bogotá,8.0,4,No
TXN-0006635,2024-04-24,21921.0,Deportes,90158.0,PSE,App móvil,,Cali,7.0,5,No
TXN-0007148,2023-10-06,15993.0,Moda,129599.0,PSE,App móvil,iOS,Cartagena,5.0,5,No
TXN-0000992,,33329.0,Belleza,82297.0,Contraentrega,Sitio web,iOS,Bogotá,3.0,5,No
TXN-0004001,2023-08-19,30292.0,Electrónica,717778.0,Billetera digital,Sitio web,Android,Cúcuta,2.0,5,No
TXN-0001919,2022-07-10,16017.0,Juguetes,77684.0,Contraentrega,Sitio web,iOS,Barranquilla,3.0,5,No
TXN-0005679,2024-06-11,18594.0,Deportes,63180.0,Tarjeta débito,Sitio web,Android,Cali,4.0,5,No
,2023-10-20,42110.0,Libros,85048.0,PSE,App móvil,Android,Cúcuta,5.0,5,No
TXN-0003621,2022-04-28,22619.0,Alimentos,79059.0,Tarjeta crédito,App móvil,Android,Barranquilla,3.0,5,No
TXN-0007287,2023-12-25,10290.0,Electrónica,760745.0,Tarjeta crédito,Sitio web,Android,Bogotá,3.0,5,No
TXN-0006525,2024-11-22,34116.0,Electrónica,738823.0,Contraentrega,App móvil,Desktop,Pereira,10.0,3,No
TXN-0001116,2024-06-10,35471.0,Tecnología,1219227.0,Tarjeta débito,App móvil,Desktop,Bogotá,4.0,5,No
TXN-0007912,2022-04-12,42134.0,Moda,140061.0,Contraentrega,App móvil,,Bogotá,4.0,5,Sí
TXN-0005117,2024-03-23,16611.0,Moda,96860.0,Contraentrega,Sitio web,Android,Medellín,3.0,5,No
TXN-0005297,2023-11-26,48270.0,Hogar,257485.0,PSE,Sitio web,iOS,Pereira,5.0,5,No
TXN-0004976,2023-10-22,20025.0,Libros,74290.0,Tarjeta crédito,Sitio web,Desktop,Bucaramanga,3.0,5,No
TXN-0007852,2024-08-01,10207.0,MASCOTAS,85079.0,Contraentrega,App móvil,Android,Cali,9.0,4,No
TXN-0000464,2022-06-14,10206.0,Electrónica,472813.0,Tarjeta crédito,Sitio web,Desktop,Bogotá,4.0,5,No
TXN-0001615,2023-07-01,18936.0,Juguetes,83395.0,Tarjeta débito,Sitio web,Desktop,Barranquilla,5.0,5,No
TXN-0001229,2022-11-26,50225.0,ELECTRÓNICA,269858.0,Tarjeta débito,Sitio web,Android,Ibagué,7.0,5,No
TXN-0000975,2023-03-24,16149.0,Libros,48425.0,Tarjeta débito,Sitio web,Android,Bogotá,9.0,3,Sí
TXN-0003198,,12567.0,Electrónica,808174.0,PSE,App móvil,iOS,Bogotá,3.0,5,No
TXN-0000605,2023-09-29,21290.0,Moda,76208.0,Tarjeta crédito,App móvil,Android,Bogotá,3.0,5,No
TXN-0007948,2022-11-24,47959.0,Belleza,44188.0,Contraentrega,Sitio web,Android,Cali,3.0,5,No
TXN-0005151,2023-04-02,19779.0,Deportes,54081.0,Tarjeta crédito,Sitio web,Desktop,Barranquilla,3.0,5,No
TXN-0005905,2023-11-01,12598.0,Belleza,86234.0,Billetera digital,App móvil,Desktop,Cartagena,8.0,5,No
TXN-0001737,2023-11-23,38507.0,JUGUETES,86082.0,PSE,Sitio web,,Barranquilla,3.0,5,No
TXN-0003242,2022-09-22,31688.0,Electrónica,505897.0,Tarjeta débito,Sitio web,Android,Medellín,1.0,5,No
,2024-12-22,16059.0,Juguetes,52982.0,Contraentrega,App móvil,Desktop,Cúcuta,2.0,5,No
TXN-0006723,2024-07-23,50247.0,Libros,76084.0,PSE,App móvil,Android,Pereira,3.0,5,No
TXN-0007368,2023-07-25,25352.0,Mascotas,35484.0,Contraentrega,App móvil,Android,Barranquilla,5.0,5,No
TXN-0006686,2024-03-27,19792.0,Moda,133579.0,PSE,Sitio web,Desktop,Bogotá,8.0,3,No
TXN-0000264,2023-04-06,12206.0,Electrónica,1115557.0,PSE,App móvil,Android,Cúcuta,7.0,5,No
TXN-0001198,2024-04-28,41769.0,Deportes,126439.0,Billetera digital,App móvil,Android,Cali,10.0,3,No
TXN-0001932,2023-07-17,50611.0,Hogar,243879.0,Tarjeta crédito,App móvil,Android,Cartagena,3.0,5,No
TXN-0003528,2023-06-14,30580.0,Electrónica,946960.0,PSE,Sitio web,iOS,Barranquilla,3.0,5,No
,2024-10-19,22871.0,Libros,44424.0,Tarjeta crédito,Sitio web,Android,Cartagena,4.0,5,No
TXN-0005340,,39087.0,Deportes,183902.0,Tarjeta crédito,App móvil,Desktop,Bogotá,1.0,5,No
TXN-0000078,2023-02-04,58320.0,Alimentos,34774.0,Tarjeta débito,App móvil,Android,Bogotá,6.0,5,No
TXN-0000833,2024-12-29,54490.0,Deportes,146177.0,PSE,App móvil,iOS,Medellín,6.0,5,No
TXN-0003187,2023-04-01,59856.0,Belleza,139258.0,PSE,App móvil,Desktop,Bucaramanga,2.0,5,No
TXN-0001378,,33884.0,Electrónica,483016.0,Contraentrega,App móvil,Android,Cúcuta,3.0,5,No
TXN-0005250,2023-04-30,35191.0,Tecnología,995606.0,Tarjeta crédito,App móvil,iOS,Barranquilla,5.0,5,No
TXN-0001168,2023-10-20,15695.0,Libros,69755.0,Tarjeta débito,Sitio web,Android,Cartagena,5.0,5,No
TXN-0001611,2024-08-15,15193.0,Libros,60617.0,PSE,App móvil,iOS,Medellín,7.0,5,No
TXN-0003672,2024-02-20,19064.0,Electrónica,697779.0,PSE,App móvil,Android,Bogotá,3.0,5,No
TXN-0007220,2022-01-08,42976.0,Tecnología,408844.0,Tarjeta crédito,Sitio web,Android,Manizales,3.0,5,No
TXN-0006463,2022-12-18,50294.0,Belleza,119112.0,PSE,Sitio web,Android,Cali,5.0,5,No
TXN-0002783,2024-10-06,27469.0,Hogar,205302.0,PSE,App móvil,Android,Bucaramanga,6.0,5,No
TXN-0003179,2023-02-12,54325.0,Juguetes,98436.0,Tarjeta débito,App móvil,Android,Ibagué,2.0,5,No
TXN-0001821,2024-10-12,58183.0,Electrónica,807096.0,Tarjeta crédito,App móvil,Desktop,Ibagué,8.0,4,No
TXN-0002370,2022-08-01,35487.0,Belleza,102861.0,Tarjeta crédito,App móvil,iOS,Bogotá,3.0,5,No
TXN-0006414,2024-08-22,,ELECTRÓNICA,963729.0,PSE,App móvil,Android,Medellín,4.0,5,No
TXN-0007714,2022-07-20,28139.0,Hogar,230922.0,Tarjeta crédito,App móvil,Android,Cali,4.0,5,No
TXN-0000195,2024-08-31,59989.0,Moda,109005.0,PSE,App móvil,Android,Barranquilla,3.0,5,No
TXN-0007824,2023-04-09,24703.0,Alimentos,19595.0,PSE,App móvil,Android,Medellín,6.0,5,No
TXN-0002396,2024-08-20,53812.0,MODA,99092.0,Tarjeta crédito,Sitio web,Android,Cúcuta,3.0,5,No
TXN-0000930,2022-10-10,19693.0,Alimentos,24050.0,PSE,Sitio web,iOS,Medellín,4.0,5,No
TXN-0003345,2022-08-08,40104.0,Juguetes,80804.0,Tarjeta crédito,Sitio web,iOS,Cali,3.0,5,No
TXN-0002992,2023-06-01,12315.0,Deportes,252640.0,PSE,App móvil,Android,Medellín,5.0,5,No
TXN-0006887,2024-05-24,16731.0,Belleza,66320.0,Tarjeta débito,Sitio web,iOS,Bogotá,4.0,5,No
TXN-0006091,2023-04-14,20825.0,Juguetes,114932.0,Contraentrega,App móvil,Android,Manizales,3.0,5,No
TXN-0007758,2022-05-08,18625.0,Tecnología,503688.0,PSE,Sitio web,Android,Bogotá,6.0,5,No
TXN-0006940,2024-02-03,57662.0,Belleza,43070.0,Tarjeta crédito,App móvil,Desktop,Ibagué,2.0,5,No
TXN-0005456,,33270.0,Tecnología,917498.0,Billetera digital,App móvil,Android,Cali,6.0,5,No
TXN-0007164,2024-08-22,35267.0,Moda,209089.0,Tarjeta débito,App móvil,Desktop,Cúcuta,6.0,5,No
TXN-0007083,2024-01-28,45743.0,Moda,67009.0,Tarjeta débito,App móvil,Desktop,Bogotá,5.0,5,No
TXN-0001622,2024-03-13,19646.0,Electrónica,897412.0,Tarjeta crédito,App móvil,iOS,Bogotá,3.0,5,No
TXN-0003827,2024-07-30,46864.0,Moda,152130.0,Billetera digital,Sitio web,Android,Barranquilla,5.0,5,No
TXN-0006209,2024-08-19,19930.0,Juguetes,125295.0,Contraentrega,Sitio web,iOS,Bogotá,5.0,5,No
TXN-0005411,2024-04-13,36587.0,Moda,68806.0,Tarjeta crédito,Sitio web,iOS,Cali,4.0,5,No
TXN-0006687,2022-10-29,12059.0,Belleza,43490.0,Tarjeta crédito,App móvil,Desktop,Bogotá,5.0,5,No
TXN-0006831,2022-05-24,19388.0,Hogar,238144.0,Tarjeta crédito,App móvil,Desktop,Pereira,5.0,5,No
TXN-0004170,2024-03-14,55077.0,Moda,102546.0,Tarjeta crédito,App móvil,iOS,Bucaramanga,2.0,5,No
TXN-0002496,2022-09-02,55938.0,Electrónica,643634.0,Tarjeta débito,Sitio web,Android,Manizales,4.0,5,No
TXN-0001973,2022-02-27,11499.0,Moda,129893.0,PSE,App móvil,iOS,Cali,6.0,5,No
TXN-0001709,2024-09-03,23183.0,Hogar,222878.0,Billetera digital,App móvil,iOS,Ibagué,4.0,5,No
TXN-0000940,2024-06-18,47530.0,Alimentos,34400.0,PSE,App móvil,Android,Bogotá,3.0,5,No
TXN-0001286,2023-03-14,32283.0,Hogar,180412.0,PSE,Sitio web,Desktop,Bogotá,1.0,5,No
TXN-0006407,2023-04-15,,Hogar,229635.0,Tarjeta crédito,App móvil,Desktop,Bogotá,3.0,5,No
TXN-0005111,2022-01-10,57388.0,Mascotas,43699.0,Tarjeta crédito,Sitio web,Android,Bogotá,3.0,5,No
,2022-08-18,51537.0,Mascotas,20154.0,Tarjeta débito,App móvil,Android,Bogotá,4.0,5,No
TXN-0002202,2023-05-07,20627.0,Libros,65380.0,PSE,Sitio web,Android,Bogotá,2.0,5,No
TXN-0007493,2022-05-04,22380.0,HOGAR,312961.0,PSE,App móvil,iOS,Cali,6.0,5,No
TXN-0004308,2023-07-21,59305.0,Moda,88943.0,Contraentrega,App móvil,Android,Bogotá,5.0,5,No
TXN-0001501,2024-11-01,56569.0,Electrónica,755823.0,Contraentrega,Sitio web,Desktop,Cartagena,5.0,5,No
TXN-0002617,2024-12-19,13737.0,Hogar,137401.0,Contraentrega,Sitio web,Desktop,Barranquilla,7.0,5,No
TXN-0001133,2022-08-01,12899.0,Mascotas,99244.0,PSE,App móvil,iOS,Medellín,4.0,5,No
TXN-0001624,2023-06-27,27244.0,Libros,70460.0,Billetera digital,Sitio web,,Manizales,7.0,5,No
TXN-0000153,2024-01-15,45056.0,Libros,68788.0,Tarjeta débito,App móvil,iOS,Bogotá,5.0,5,No
TXN-0001453,2024-07-05,43355.0,Moda,98935.0,PSE,App móvil,Android,Pereira,9.0,3,No
TXN-0004358,2023-05-12,40783.0,Libros,36027.0,PSE,Sitio web,Desktop,Cali,3.0,5,No
TXN-0000886,2022-05-18,,Tecnología,1373860.0,Contraentrega,App móvil,Android,Bogotá,3.0,5,No
TXN-0004910,2022-03-08,17854.0,Hogar,171096.0,Tarjeta débito,Sitio web,Android,Bucaramanga,4.0,5,No
TXN-0005368,2024-08-22,57449.0,Electrónica,795405.0,PSE,Sitio web,Android,Cartagena,4.0,5,No
TXN-0003118,2024-01-07,19015.0,Deportes,226112.0,PSE,App móvil,Android,Bucaramanga,4.0,5,No
TXN-0002297,2022-05-19,10643.0,Alimentos,73516.0,Tarjeta crédito,App móvil,Desktop,Bogotá,5.0,5,No
TXN-0000568,2024-08-17,41785.0,Electrónica,818705.0,Tarjeta crédito,Sitio web,iOS,Ibagué,3.0,5,No
TXN-0006313,2022-09-06,10499.0,Alimentos,15840.0,PSE,App móvil,iOS,Barranquilla,5.0,5,No
,2024-12-06,32994.0,Hogar,208850.0,Tarjeta crédito,App móvil,Android,Bucaramanga,5.0,5,No
TXN-0005062,2023-05-16,36239.0,Juguetes,84845.0,Billetera digital,App móvil,Desktop,Bogotá,2.0,5,No
TXN-0003496,2023-10-16,23750.0,Alimentos,43204.0,PSE,App móvil,Android,Bogotá,4.0,5,No
TXN-0006227,2022-12-27,53471.0,Mascotas,58393.0,Tarjeta crédito,App móvil,Android,Cali,4.0,5,No
TXN-0004735,2024-02-22,47808.0,Electrónica,340947.0,Billetera digital,App móvil,Android,Medellín,4.0,5,No
TXN-0000120,2022-09-24,16129.0,Hogar,113194.0,Contraentrega,App móvil,iOS,Manizales,4.0,5,No
TXN-0005974,2022-09-29,14076.0,Moda,117071.0,PSE,App móvil,iOS,Pereira,7.0,5,No
TXN-0003453,2022-02-24,41633.0,Hogar,240350.0,PSE,App móvil,iOS,Bogotá,2.0,5,No
TXN-0003522,2023-10-30,14120.0,Deportes,178194.0,Tarjeta débito,App móvil,Android,Ibagué,3.0,5,No
TXN-0002419,2024-03-15,32822.0,Moda,100902.0,Contraentrega,App móvil,iOS,IBAGUÉ,5.0,5,No
TXN-0006432,2022-10-05,30325.0,Libros,77879.0,Tarjeta crédito,App móvil,iOS,Medellín,3.0,5,No
TXN-0001101,2022-12-06,35896.0,Alimentos,35216.0,Tarjeta crédito,Sitio web,Android,Barranquilla,2.0,5,No
TXN-0000677,2023-11-11,37154.0,Hogar,177794.0,PSE,App móvil,Android,Manizales,3.0,5,No
TXN-0002005,2022-10-09,38603.0,Moda,174428.0,Contraentrega,Sitio web,Android,Cali,1.0,5,No
TXN-0002562,2022-11-18,44938.0,Juguetes,77396.0,Tarjeta débito,Sitio web,Android,Pereira,1.0,5,No
TXN-0006515,2024-01-26,13057.0,Moda,5000.0,Tarjeta crédito,Sitio web,Desktop,Bogotá,5.0,5,No
TXN-0006511,2024-02-20,40270.0,Juguetes,60449.0,Contraentrega,App móvil,iOS,Bogotá,2.0,5,Sí
TXN-0003257,2024-07-28,27007.0,Mascotas,35407.0,Contraentrega,App móvil,Desktop,Bogotá,5.0,5,No
TXN-0006867,2023-09-08,23482.0,Electrónica,339887.0,PSE,App móvil,Desktop,Cúcuta,2.0,5,No
TXN-0005895,2022-03-02,40441.0,Juguetes,124474.0,Tarjeta crédito,Sitio web,,Bogotá,5.0,5,No
TXN-0006645,2023-12-20,19956.0,Deportes,230928.0,Tarjeta débito,App móvil,Android,Ibagué,1.0,5,No
TXN-0002126,2022-06-15,13969.0,Moda,100295.0,Tarjeta crédito,App móvil,iOS,Bucaramanga,4.0,5,Sí
TXN-0002774,2022-05-06,39354.0,Moda,89875.0,PSE,Sitio web,Desktop,Medellín,3.0,5,No
TXN-0004678,2023-08-04,12074.0,Libros,35751.0,Contraentrega,Sitio web,Desktop,Barranquilla,7.0,5,No
TXN-0001254,2022-07-15,43465.0,Alimentos,25855.0,Contraentrega,Sitio web,Android,Cali,2.0,5,No
TXN-0001169,2024-08-07,58089.0,Mascotas,5000.0,Tarjeta crédito,App móvil,Android,Bucaramanga,4.0,5,No
TXN-0005963,2023-02-19,49736.0,Juguetes,87576.0,Tarjeta débito,Sitio web,Android,Medellín,2.0,5,No
TXN-0003168,2024-04-25,43825.0,Deportes,161936.0,Tarjeta crédito,Sitio web,iOS,Bogotá,2.0,5,No
TXN-0006131,2022-09-09,51946.0,Belleza,109830.0,Tarjeta crédito,App móvil,Android,Medellín,4.0,5,No
TXN-0003284,2022-11-14,12496.0,Moda,89622.0,Tarjeta crédito,Sitio web,iOS,Medellín,3.0,5,No
TXN-0007713,2023-05-12,41946.0,Mascotas,51970.0,Tarjeta débito,Sitio web,Android,Medellín,5.0,5,No
TXN-0005307,2023-05-24,43894.0,Moda,135123.0,Billetera digital,App móvil,Android,Bogotá,4.0,5,No
TXN-0004484,2022-06-02,34076.0,Moda,149698.0,PSE,App móvil,Desktop,Bogotá,4.0,5,No
TXN-0001621,2024-03-11,54793.0,Belleza,146710.0,Tarjeta crédito,App móvil,Android,Cali,5.0,5,No
TXN-0002896,2024-04-18,37846.0,Moda,189884.0,Tarjeta crédito,Sitio web,Android,Cali,3.0,5,No
TXN-0005789,2023-06-01,45715.0,Hogar,5000.0,Billetera digital,Sitio web,Android,Bogotá,7.0,5,No
TXN-0004612,2023-09-02,55956.0,Deportes,119880.0,Tarjeta débito,App móvil,Android,Bogotá,5.0,5,No
TXN-0006797,2022-11-27,39779.0,Electrónica,515641.0,Tarjeta débito,App móvil,iOS,Cali,4.0,5,No
TXN-0003085,2024-11-26,29015.0,Electrónica,529862.0,Billetera digital,App móvil,iOS,Medellín,2.0,5,No
TXN-0007890,2024-08-21,50101.0,Electrónica,651805.0,Tarjeta débito,App móvil,Android,Cúcuta,2.0,5,No
TXN-0006965,2024-06-11,25676.0,Electrónica,643273.0,PSE,App móvil,iOS,MEDELLÍN,6.0,5,No
TXN-0005928,2023-04-19,44296.0,Electrónica,728110.0,Billetera digital,App móvil,Desktop,Bogotá,4.0,5,No
TXN-0000539,2024-07-26,57006.0,Electrónica,392618.0,Tarjeta crédito,App móvil,Android,Medellín,5.0,5,No
TXN-0001482,2023-11-25,31433.0,Belleza,74533.0,Tarjeta crédito,Sitio web,iOS,Medellín,2.0,5,No
TXN-0004847,2024-03-18,58880.0,Hogar,132986.0,Tarjeta débito,Sitio web,iOS,Cali,4.0,5,No
TXN-0007900,,35002.0,Electrónica,293709.0,Tarjeta débito,App móvil,iOS,Bucaramanga,2.0,5,Sí
TXN-0002326,2024-05-06,39826.0,Libros,48655.0,Billetera digital,Sitio web,iOS,Cali,4.0,5,No
TXN-0004742,2023-03-29,29918.0,Electrónica,882999.0,Billetera digital,App móvil,Android,Barranquilla,3.0,5,No
TXN-0002651,2023-05-17,30982.0,Alimentos,65761.0,Tarjeta crédito,Sitio web,Android,Medellín,4.0,5,No
TXN-0005900,2024-08-08,23537.0,Electrónica,974698.0,Tarjeta débito,Sitio web,Android,PEREIRA,3.0,5,No
TXN-0006142,2022-11-30,43365.0,Juguetes,133133.0,Tarjeta débito,Sitio web,iOS,Barranquilla,8.0,4,No
TXN-0007359,2022-04-29,54330.0,Electrónica,299259.0,Tarjeta crédito,App móvil,Android,Bogotá,6.0,5,No
TXN-0003268,2023-07-06,51924.0,DEPORTES,223434.0,PSE,App móvil,Android,CALI,7.0,5,No
TXN-0003376,2022-03-11,57413.0,Juguetes,46184.0,Contraentrega,App móvil,Android,Bogotá,1.0,5,No
TXN-0000248,2022-10-20,50416.0,Moda,130929.0,Tarjeta crédito,App móvil,Android,Cali,4.0,5,No
TXN-0000892,2022-04-22,29778.0,Electrónica,746383.0,PSE,App móvil,Desktop,Barranquilla,2.0,5,No
TXN-0003654,2023-01-27,53315.0,Libros,40960.0,Tarjeta débito,App móvil,Android,Medellín,5.0,5,No
TXN-0006808,2023-05-30,,Alimentos,55149.0,Tarjeta crédito,App móvil,Desktop,Cartagena,2.0,5,No
TXN-0004181,2024-08-10,47123.0,Electrónica,714625.0,Tarjeta crédito,App móvil,Android,Bogotá,1.0,5,No
TXN-0004327,2023-10-17,36902.0,Moda,109709.0,Contraentrega,Sitio web,iOS,Medellín,1.0,5,No
TXN-0005747,2023-01-17,25538.0,Electrónica,481199.0,Billetera digital,Sitio web,Android,Medellín,6.0,5,No
TXN-0002327,2023-03-17,31828.0,Juguetes,73961.0,Tarjeta débito,Sitio web,Android,Medellín,6.0,5,No
TXN-0004777,2022-08-03,44069.0,Deportes,75142.0,Tarjeta débito,App móvil,Android,Bogotá,2.0,5,No
TXN-0004259,2023-01-08,26506.0,Alimentos,26087.0,Billetera digital,App móvil,iOS,Bogotá,4.0,5,No
TXN-0000712,2024-07-13,22081.0,Hogar,160367.0,Contraentrega,App móvil,Android,Bogotá,5.0,5,No
TXN-0004025,2023-12-16,26614.0,HOGAR,98582.0,PSE,App móvil,Android,Medellín,2.0,5,No
TXN-0003499,2022-05-17,59171.0,Electrónica,401834.0,Tarjeta crédito,Sitio web,,Cúcuta,4.0,5,No
TXN-0007454,,54910.0,Hogar,35890.0,Tarjeta crédito,Sitio web,Android,Barranquilla,3.0,5,No
TXN-0003791,2023-02-01,16378.0,Deportes,179196.0,PSE,Sitio web,Android,Bogotá,5.0,5,No
TXN-0001746,2022-10-16,58198.0,Belleza,120334.0,Tarjeta crédito,Sitio web,Desktop,Bogotá,4.0,5,No
TXN-0007215,2023-10-28,27777.0,Belleza,50910.0,Contraentrega,App móvil,iOS,BOGOTÁ,3.0,5,No
TXN-0007597,2022-07-22,12137.0,Electrónica,391193.0,Contraentrega,App móvil,iOS,Barranquilla,8.0,3,No
TXN-0004502,2023-09-12,22214.0,Moda,20944.0,Contraentrega,App móvil,iOS,Cali,4.0,5,No
TXN-0000204,2022-08-15,38390.0,Electrónica,604926.0,Tarjeta crédito,Sitio web,Android,Cali,3.0,5,No
TXN-0001182,2022-05-23,23683.0,Alimentos,55789.0,Tarjeta débito,App móvil,iOS,Manizales,3.0,5,No
TXN-0006066,2024-08-13,,Electrónica,395454.0,Contraentrega,Sitio web,Android,Cali,4.0,5,No
TXN-0000492,2022-12-31,57362.0,HOGAR,167789.0,Tarjeta débito,App móvil,Android,Bogotá,9.0,3,No
TXN-0003794,2022-07-28,12213.0,Juguetes,114659.0,Contraentrega,Sitio web,Android,Medellín,4.0,5,No
TXN-0006918,2024-06-29,51450.0,Belleza,98673.0,Contraentrega,App móvil,Desktop,Bogotá,2.0,5,No
TXN-0004530,2023-12-28,22652.0,Electrónica,170321.0,Tarjeta débito,App móvil,Android,Medellín,3.0,5,No
TXN-0004254,2023-03-04,50196.0,Belleza,97421.0,Tarjeta débito,App móvil,Android,Bogotá,6.0,5,No
TXN-0002959,2024-10-29,39372.0,Electrónica,1014262.0,Tarjeta débito,App móvil,Android,Barranquilla,5.0,5,No
TXN-0007689,2022-01-08,10301.0,Electrónica,1090237.0,Contraentrega,Sitio web,iOS,Bucaramanga,2.0,5,No
TXN-0001385,2024-07-24,59960.0,Libros,79442.0,Contraentrega,App móvil,Android,Bogotá,5.0,5,No
TXN-0001320,2023-10-07,13705.0,Libros,42135.0,Contraentrega,App móvil,iOS,Bogotá,7.0,5,No
TXN-0004382,2022-02-24,26053.0,MODA,133851.0,PSE,App móvil,Android,Bogotá,5.0,5,No
TXN-0000669,2023-04-18,29841.0,Mascotas,44555.0,Tarjeta crédito,App móvil,Android,Bogotá,4.0,5,No
TXN-0005659,,25487.0,Juguetes,102808.0,Contraentrega,Sitio web,iOS,Cartagena,3.0,5,No
TXN-0002054,2023-04-13,16697.0,Belleza,91637.0,PSE,App móvil,,Bogotá,4.0,5,No
TXN-0001876,2023-09-30,27728.0,Belleza,137178.0,Contraentrega,App móvil,iOS,Medellín,8.0,5,No
TXN-0000540,2024-10-29,58172.0,Deportes,98050.0,Tarjeta débito,App móvil,Android,Bogotá,2.0,5,No
TXN-0006028,2023-06-22,25123.0,Hogar,165094.0,Billetera digital,App móvil,iOS,Cúcuta,6.0,5,No
TXN-0006748,2022-05-22,35061.0,Deportes,139306.0,PSE,Sitio web,Desktop,Medellín,5.0,5,No
TXN-0004029,2023-08-26,20205.0,Deportes,105378.0,Tarjeta crédito,App móvil,iOS,Ibagué,7.0,5,No
TXN-0007296,,27165.0,Moda,88118.0,Billetera digital,App móvil,iOS,Bogotá,7.0,5,No
TXN-0000022,2023-07-11,41929.0,Hogar,372594.0,Tarjeta crédito,App móvil,Android,Barranquilla,3.0,5,No
TXN-0005751,2024-07-07,49337.0,Hogar,186059.0,Tarjeta crédito,App móvil,Desktop,Bogotá,3.0,5,No
TXN-0003658,2022-01-08,21427.0,Alimentos,27960.0,Tarjeta crédito,App móvil,Android,Cúcuta,5.0,5,No
TXN-0007851,2023-04-12,42586.0,Alimentos,37124.0,Tarjeta crédito,App móvil,iOS,Bogotá,4.0,5,No
TXN-0002749,2024-06-14,11047.0,Juguetes,118668.0,Tarjeta crédito,App móvil,Android,Cartagena,9.0,5,No
TXN-0005832,2023-04-24,56040.0,Deportes,78903.0,PSE,App móvil,Android,Cali,6.0,5,No
TXN-0007369,2022-07-02,57053.0,Alimentos,34237.0,PSE,App móvil,Desktop,Cali,3.0,5,No
TXN-0006566,2022-05-23,52849.0,Hogar,168668.0,Contraentrega,Sitio web,Android,Medellín,2.0,5,No
TXN-0003987,2024-12-22,15994.0,Tecnología,493148.0,Contraentrega,App móvil,Desktop,Cali,7.0,5,No
TXN-0004514,2024-10-25,54163.0,Moda,124459.0,Contraentrega,Sitio web,Android,Medellín,4.0,5,No
TXN-0003744,2023-04-16,18478.0,Libros,58253.0,PSE,App móvil,Android,Cali,7.0,5,Sí
TXN-0000821,2023-05-01,34721.0,Hogar,206450.0,Tarjeta crédito,App móvil,Desktop,BOGOTÁ,5.0,5,No
TXN-0001089,2023-02-17,58197.0,Deportes,67977.0,Tarjeta crédito,App móvil,iOS,Bogotá,5.0,5,No
TXN-0001879,2022-02-05,23677.0,Belleza,123228.0,Billetera digital,App móvil,Android,Cúcuta,2.0,5,No
TXN-0000744,2022-10-22,34551.0,Juguetes,128890.0,Tarjeta débito,App móvil,,Bogotá,4.0,5,No
TXN-0006419,2022-06-18,51185.0,Hogar,184876.0,Tarjeta débito,Sitio web,Android,BOGOTÁ,8.0,3,No
TXN-0005216,2024-02-13,40423.0,Alimentos,26235.0,Contraentrega,App móvil,Desktop,Cali,7.0,5,No
TXN-0002472,2024-03-07,55056.0,Belleza,72367.0,Billetera digital,App móvil,Desktop,MEDELLÍN,6.0,5,No
TXN-0007753,2022-09-08,13303.0,Libros,52723.0,Tarjeta crédito,App móvil,Android,Pereira,4.0,5,No
TXN-0005053,2022-08-18,38591.0,Moda,178395.0,Tarjeta crédito,Sitio web,Desktop,Bogotá,7.0,5,No
TXN-0007040,2023-06-28,46118.0,Electrónica,663248.0,PSE,App móvil,Desktop,Bucaramanga,6.0,5,No
TXN-0007562,2024-07-25,56079.0,Hogar,295386.0,Billetera digital,App móvil,Android,Cali,6.0,5,No
TXN-0000167,2023-12-25,36779.0,DEPORTES,182977.0,Tarjeta crédito,App móvil,Android,Bogotá,6.0,5,No
TXN-0007971,2022-03-18,55198.0,Belleza,60504.0,Tarjeta crédito,App móvil,iOS,Ibagué,6.0,5,No
TXN-0005414,2024-03-17,32276.0,Tecnología,168414.0,Tarjeta crédito,Sitio web,iOS,Cartagena,7.0,5,No
TXN-0003451,2022-03-20,37183.0,Hogar,253467.0,Tarjeta débito,Sitio web,Android,Medellín,4.0,5,Sí
TXN-0005445,2022-11-29,17820.0,Belleza,130887.0,Tarjeta débito,Sitio web,iOS,Bogotá,6.0,5,No
TXN-0000247,2023-12-30,15248.0,Tecnología,952524.0,Tarjeta débito,App móvil,Android,Cali,5.0,5,No
TXN-0007954,2023-01-22,50713.0,Electrónica,732843.0,Tarjeta crédito,App móvil,Android,Cali,3.0,5,No
TXN-0001741,2022-09-15,47606.0,Moda,95581.0,Billetera digital,App móvil,Android,Cartagena,5.0,5,No
TXN-0006701,2024-03-28,52021.0,Moda,135047.0,Contraentrega,App móvil,Android,Medellín,4.0,5,No
TXN-0006018,2023-08-19,44803.0,Deportes,250871.0,Tarjeta crédito,App móvil,Android,Medellín,5.0,5,No
TXN-0004541,2023-03-21,58949.0,Moda,69425.0,Tarjeta crédito,App móvil,Desktop,Medellín,6.0,5,No
TXN-0007189,2024-01-11,33214.0,Belleza,78185.0,Tarjeta crédito,Sitio web,Android,Ibagué,2.0,5,Sí
TXN-0004200,2023-08-17,17871.0,Moda,192612.0,Billetera digital,App móvil,Desktop,Manizales,5.0,5,No
TXN-0004251,2024-01-29,24386.0,Electrónica,592012.0,Tarjeta crédito,Sitio web,Android,Bogotá,4.0,5,No
TXN-0001304,2023-08-30,50846.0,Deportes,175056.0,Tarjeta crédito,Sitio web,Android,Bogotá,6.0,5,No
TXN-0000956,2023-05-19,10605.0,JUGUETES,140704.0,Tarjeta crédito,App móvil,Desktop,Bogotá,1.0,5,No
TXN-0007865,2024-05-01,14486.0,Deportes,105798.0,Billetera digital,Sitio web,Android,Cali,4.0,5,No
TXN-0005962,2024-04-12,55056.0,Moda,126573.0,PSE,App móvil,Android,Barranquilla,2.0,5,No
TXN-0003786,2023-09-23,11495.0,Mascotas,48983.0,Tarjeta débito,Sitio web,Desktop,Cartagena,2.0,5,No
TXN-0002043,2024-01-27,22160.0,Alimentos,29174.0,PSE,App móvil,,Bogotá,5.0,5,No
TXN-0003294,2022-02-11,50912.0,Libros,62158.0,Billetera digital,App móvil,iOS,Barranquilla,4.0,5,No
TXN-0003065,2024-01-31,15509.0,Electrónica,948939.0,PSE,Sitio web,iOS,Pereira,6.0,5,No
TXN-0005950,2024-04-02,57544.0,Belleza,37288.0,Tarjeta crédito,App móvil,Desktop,Bucaramanga,4.0,5,No
TXN-0003267,2023-01-27,24051.0,Tecnología,763234.0,PSE,App móvil,Desktop,Cali,6.0,5,No
TXN-0005424,2024-07-19,53205.0,Juguetes,98282.0,PSE,App móvil,iOS,MANIZALES,3.0,5,No
TXN-0007387,2024-06-03,48730.0,Alimentos,44217.0,Contraentrega,Sitio web,Android,Bogotá,2.0,5,No
TXN-0007641,2023-11-19,42197.0,Moda,94573.0,Tarjeta crédito,App móvil,Android,Cartagena,2.0,5,No
TXN-0002132,2022-10-30,31708.0,Moda,191415.0,PSE,App móvil,Android,Pereira,3.0,5,Sí
TXN-0002937,2023-10-04,11145.0,Hogar,158429.0,Tarjeta crédito,App móvil,Android,Pereira,9.0,3,No
TXN-0005182,2022-10-12,51673.0,Deportes,24623.0,Tarjeta crédito,App móvil,Android,Cali,2.0,5,No
TXN-0000603,2024-10-22,19302.0,Deportes,107189.0,PSE,App móvil,Android,Bogotá,4.0,5,No
TXN-0005626,2024-10-19,20654.0,Moda,65355.0,PSE,App móvil,iOS,Cali,2.0,5,No
TXN-0001628,2023-06-11,23777.0,Moda,189559.0,Tarjeta crédito,Sitio web,Android,Bogotá,4.0,5,No
TXN-0002724,2023-08-07,29979.0,LIBROS,30841.0,Contraentrega,App móvil,Desktop,Barranquilla,6.0,5,No
TXN-0000696,2022-09-20,36663.0,Electrónica,541732.0,Contraentrega,App móvil,Android,Medellín,5.0,5,No
TXN-0007053,2022-11-18,25467.0,Moda,92152.0,Tarjeta débito,App móvil,iOS,Ibagué,2.0,5,No
TXN-0001466,2023-12-08,34129.0,Hogar,258566.0,Tarjeta crédito,App móvil,Android,Bogotá,5.0,5,No
TXN-0007755,2022-08-23,36275.0,Belleza,65821.0,Tarjeta crédito,App móvil,,Cúcuta,6.0,5,No
TXN-0004405,2024-03-17,53242.0,Moda,144294.0,Tarjeta crédito,App móvil,Android,Ibagué,7.0,5,No
TXN-0005691,2022-12-24,47622.0,Mascotas,69107.0,Tarjeta crédito,App móvil,Android,Cali,7.0,5,No
TXN-0006911,2022-03-07,57660.0,Belleza,15380.0,Tarjeta débito,Sitio web,Android,Cartagena,1.0,5,No
TXN-0002013,2022-08-29,18316.0,Alimentos,37985.0,Contraentrega,App móvil,iOS,Manizales,6.0,5,No
TXN-0004361,2023-10-04,34271.0,Tecnología,536725.0,Tarjeta crédito,App móvil,Desktop,Ibagué,3.0,5,No
TXN-0003305,2024-01-02,38903.0,MASCOTAS,5000.0,Tarjeta crédito,Sitio web,Android,Medellín,6.0,5,Sí
TXN-0005129,2024-12-30,45535.0,Electrónica,677343.0,PSE,App móvil,Android,Cali,3.0,5,No
TXN-0002618,2023-04-21,34424.0,Electrónica,920794.0,Contraentrega,App móvil,Android,Medellín,5.0,5,No
TXN-0000482,2022-06-26,48150.0,Belleza,105378.0,Contraentrega,App móvil,Android,Bogotá,5.0,5,No
TXN-0001819,2024-10-11,12651.0,Alimentos,82867.0,Tarjeta débito,Sitio web,Android,Manizales,5.0,5,No
TXN-0004467,2022-03-04,51368.0,DEPORTES,233004.0,Tarjeta débito,Sitio web,iOS,Bucaramanga,6.0,5,No
TXN-0001129,2024-09-22,15400.0,Tecnología,1902012.0,PSE,App móvil,Desktop,Bogotá,7.0,5,No
TXN-0003030,2022-03-01,39147.0,Hogar,153842.0,Tarjeta débito,App móvil,iOS,Manizales,6.0,5,No
TXN-0006437,2022-12-16,22633.0,Moda,84546.0,PSE,App móvil,iOS,Barranquilla,3.0,5,No
TXN-0004608,2022-05-10,31600.0,Juguetes,89368.0,Contraentrega,App móvil,Desktop,Bogotá,5.0,5,No
TXN-0002932,2024-11-23,37319.0,Electrónica,448055.0,Billetera digital,Sitio web,Desktop,Cartagena,3.0,5,No
TXN-0000618,2023-01-03,17722.0,Hogar,16243.0,Tarjeta crédito,App móvil,iOS,Medellín,4.0,5,No
,2023-11-28,30548.0,Hogar,189912.0,Billetera digital,Sitio web,Desktop,Barranquilla,1.0,5,No
TXN-0000653,2024-12-04,46495.0,Moda,104699.0,Billetera digital,Sitio web,Desktop,Cali,2.0,5,No
TXN-0004779,2022-02-01,53254.0,Electrónica,714606.0,Tarjeta crédito,Sitio web,Android,Bogotá,6.0,5,No
TXN-0006906,2023-06-10,57585.0,Belleza,69729.0,PSE,App móvil,Desktop,Bogotá,3.0,5,No
TXN-0006446,2022-10-28,20427.0,Hogar,188914.0,Tarjeta crédito,App móvil,,Medellín,7.0,5,No
TXN-0004194,2022-08-26,,ELECTRÓNICA,150506.0,Tarjeta crédito,App móvil,Android,Bucaramanga,9.0,4,No
TXN-0003725,2023-08-29,,Belleza,125892.0,PSE,App móvil,Android,Barranquilla,3.0,5,No
TXN-0006257,2024-08-30,26761.0,Deportes,192749.0,Tarjeta crédito,Sitio web,Android,Ibagué,4.0,5,No
TXN-0007441,2024-02-04,53900.0,Electrónica,685666.0,Tarjeta crédito,Sitio web,iOS,Cúcuta,6.0,5,No
TXN-0000633,2024-07-21,35263.0,Hogar,115137.0,Tarjeta crédito,App móvil,Android,CARTAGENA,8.0,5,No
TXN-0002393,2023-05-23,19864.0,Moda,119685.0,Tarjeta crédito,App móvil,iOS,Medellín,1.0,5,No
TXN-0001735,2024-03-09,59382.0,Alimentos,54248.0,Tarjeta crédito,Sitio web,Desktop,Manizales,5.0,5,No
TXN-0004018,2024-04-14,53925.0,Moda,168712.0,Billetera digital,App móvil,Android,Medellín,2.0,5,No
TXN-0005732,2024-05-18,12614.0,Belleza,79127.0,Tarjeta crédito,Sitio web,Android,Barranquilla,1.0,5,No
TXN-0001092,2022-09-10,10820.0,Deportes,85047.0,Tarjeta crédito,Sitio web,Android,Cúcuta,6.0,5,No
TXN-0006296,2022-01-26,43802.0,Belleza,101221.0,Tarjeta crédito,Sitio web,Desktop,Barranquilla,4.0,5,No
TXN-0006367,2024-01-20,59827.0,Alimentos,58159.0,Tarjeta crédito,App móvil,Android,Cali,8.0,5,No
TXN-0007523,2022-09-13,32071.0,Hogar,123572.0,Tarjeta débito,Sitio web,Android,Medellín,3.0,5,No
TXN-0000917,2022-07-30,34407.0,Tecnología,953046.0,Tarjeta crédito,App móvil,iOS,Bogotá,5.0,5,No
TXN-0000520,2024-04-26,40299.0,Electrónica,1040124.0,PSE,App móvil,Android,Manizales,6.0,5,No
TXN-0003385,2022-01-17,35747.0,Juguetes,150192.0,Contraentrega,App móvil,iOS,Bogotá,1.0,5,No
TXN-0003365,2024-04-16,43412.0,BELLEZA,45299.0,PSE,Sitio web,Android,Cali,4.0,5,No
TXN-0005706,2022-09-16,12027.0,Mascotas,124490.0,Tarjeta débito,App móvil,Android,Cartagena,6.0,5,No
TXN-0006300,2023-06-04,35189.0,Juguetes,157650.0,Tarjeta crédito,App móvil,Android,Cartagena,3.0,5,No
TXN-0004455,2023-07-14,44927.0,Hogar,221034.0,Tarjeta débito,App móvil,Desktop,Cartagena,5.0,5,No
TXN-0007284,2023-10-28,24354.0,Juguetes,54526.0,Tarjeta crédito,App móvil,iOS,Bogotá,1.0,5,No
TXN-0007249,2023-01-24,54051.0,Tecnología,934738.0,Tarjeta crédito,Sitio web,Desktop,Bogotá,5.0,5,No
TXN-0002890,2024-01-13,17087.0,Tecnología,1358315.0,Tarjeta crédito,App móvil,Android,Pereira,9.0,3,No
TXN-0003140,2024-06-28,11584.0,Tecnología,1491854.0,Tarjeta crédito,Sitio web,Desktop,Bucaramanga,8.0,3,No
TXN-0005640,2024-03-19,33006.0,Deportes,61172.0,Tarjeta débito,App móvil,,Cúcuta,7.0,5,No
TXN-0001424,2023-09-27,23174.0,Deportes,133136.0,PSE,Sitio web,iOS,Medellín,4.0,5,No
TXN-0005838,2022-08-25,20051.0,Electrónica,583034.0,Tarjeta crédito,Sitio web,Android,Barranquilla,4.0,5,No
TXN-0004137,2023-11-27,18079.0,Belleza,122122.0,Tarjeta débito,Sitio web,Android,Cúcuta,4.0,5,No
TXN-0003193,2024-03-21,41528.0,Mascotas,34093.0,PSE,App móvil,Android,Manizales,7.0,5,No
TXN-0000849,2022-11-26,27265.0,Moda,120282.0,Tarjeta crédito,Sitio web,iOS,Bogotá,5.0,5,No
TXN-0006063,2024-05-13,29652.0,Moda,5000.0,Tarjeta crédito,App móvil,Android,Cali,5.0,5,No
TXN-0005592,2024-06-11,32166.0,Hogar,199888.0,Tarjeta crédito,Sitio web,Android,Medellín,6.0,5,No
TXN-0006461,2024-09-25,22907.0,Alimentos,66842.0,Tarjeta débito,App móvil,Android,Cali,5.0,5,No
TXN-0002481,2022-08-07,11985.0,Hogar,302334.0,PSE,App móvil,iOS,Medellín,5.0,5,No
TXN-0002065,2024-06-14,18982.0,Deportes,75213.0,Tarjeta crédito,Sitio web,iOS,Bogotá,3.0,5,No
TXN-0001916,2024-11-17,36905.0,Electrónica,331061.0,Tarjeta crédito,App móvil,Android,Medellín,5.0,5,No
TXN-0003648,2022-01-11,52714.0,Mascotas,94928.0,Tarjeta crédito,Sitio web,iOS,Barranquilla,3.0,5,No
TXN-0002417,2024-04-24,16688.0,Deportes,154784.0,Tarjeta crédito,App móvil,Desktop,Bogotá,3.0,5,Sí
TXN-0004590,2023-09-03,50917.0,Mascotas,58052.0,Tarjeta débito,App móvil,Desktop,Barranquilla,4.0,5,No
TXN-0006135,2024-05-24,27232.0,HOGAR,120814.0,Tarjeta débito,App móvil,Android,Medellín,1.0,5,No
TXN-0001863,2023-12-19,47090.0,Moda,113486.0,Contraentrega,App móvil,Android,Bogotá,3.0,5,No
TXN-0002473,2022-02-06,20456.0,Alimentos,24060.0,Tarjeta crédito,App móvil,iOS,Bogotá,8.0,4,No
TXN-0002315,2022-02-15,12367.0,Belleza,97992.0,Tarjeta crédito,App móvil,Android,Bogotá,5.0,5,No
TXN-0000280,2024-05-22,16777.0,Belleza,110696.0,Contraentrega,App móvil,Android,Bogotá,6.0,5,No
TXN-0005688,2024-03-04,54847.0,Mascotas,63795.0,Tarjeta crédito,App móvil,Android,Manizales,6.0,5,No
TXN-0000032,2022-07-29,19957.0,Moda,99106.0,Contraentrega,App móvil,iOS,Pereira,4.0,5,No
TXN-0006116,2022-02-13,52734.0,Juguetes,69812.0,PSE,App móvil,Desktop,Bogotá,3.0,5,No
TXN-0000616,2023-10-06,34243.0,Deportes,109590.0,Tarjeta crédito,Sitio web,Android,Cartagena,3.0,5,No
TXN-0002371,2023-02-28,27782.0,Alimentos,39244.0,Tarjeta crédito,App móvil,Android,Bucaramanga,3.0,5,No
,2024-05-20,31297.0,Moda,103181.0,Tarjeta débito,App móvil,,Bucaramanga,8.0,5,No
TXN-0002220,2022-05-25,59812.0,Moda,123939.0,Tarjeta débito,App móvil,Desktop,Cali,4.0,5,No
TXN-0003287,2024-05-23,43443.0,Tecnología,836604.0,PSE,Sitio web,Android,Cali,2.0,5,No
TXN-0005064,2023-12-16,17815.0,Tecnología,988095.0,Contraentrega,App móvil,Desktop,Medellín,6.0,5,No
TXN-0002771,2024-01-13,,Moda,122275.0,Tarjeta crédito,App móvil,iOS,Barranquilla,9.0,3,No
TXN-0000051,2024-02-05,21730.0,Electrónica,336051.0,Billetera digital,Sitio web,Desktop,BARRANQUILLA,2.0,5,No
TXN-0004085,2023-12-27,41852.0,Moda,129942.0,Tarjeta débito,Sitio web,Android,Cali,6.0,5,No
TXN-0004508,2022-08-02,24735.0,Belleza,43800.0,Tarjeta débito,Sitio web,iOS,Bogotá,6.0,5,No
TXN-0000588,2024-05-19,44785.0,Libros,41999.0,Tarjeta crédito,Sitio web,Android,Medellín,6.0,5,No
TXN-0004291,2023-01-27,50817.0,Belleza,69855.0,Billetera digital,Sitio web,Android,Barranquilla,1.0,5,No
TXN-0007107,2024-12-19,19203.0,Juguetes,115698.0,Tarjeta crédito,App móvil,iOS,Cali,5.0,5,No
TXN-0004546,2023-02-22,45309.0,Tecnología,1135667.0,Tarjeta crédito,Sitio web,Desktop,Bogotá,2.0,5,No
TXN-0004213,2024-05-16,28392.0,Moda,92650.0,Billetera digital,Sitio web,iOS,Cartagena,3.0,5,No
TXN-0004245,2023-07-07,21031.0,Juguetes,80746.0,PSE,Sitio web,iOS,Manizales,8.0,4,No
TXN-0007114,2022-08-18,19911.0,Alimentos,82887.0,Contraentrega,App móvil,Desktop,Bogotá,7.0,5,No
TXN-0002885,2023-10-19,,Electrónica,579366.0,Tarjeta crédito,Sitio web,Android,Pereira,2.0,5,No
TXN-0006475,2024-07-06,35714.0,Alimentos,46265.0,Billetera digital,App móvil,Android,Medellín,2.0,5,No
TXN-0007418,2023-05-02,10301.0,Belleza,38694.0,Billetera digital,Sitio web,Android,BOGOTÁ,3.0,5,No
TXN-0005763,2022-04-24,32808.0,Juguetes,114421.0,Tarjeta débito,Sitio web,Desktop,Medellín,7.0,5,No
TXN-0004398,2024-01-03,26247.0,Alimentos,30048.0,PSE,Sitio web,Desktop,Pereira,6.0,5,No
TXN-0001861,2024-06-02,54066.0,Hogar,157903.0,Tarjeta crédito,App móvil,iOS,Manizales,2.0,5,No
,2024-05-23,39007.0,Alimentos,48588.0,PSE,Sitio web,Android,Pereira,3.0,5,No
TXN-0006396,2023-12-08,52520.0,Deportes,134932.0,Tarjeta débito,App móvil,Android,Bucaramanga,7.0,5,No
TXN-0005462,2022-04-15,23010.0,Moda,160228.0,Tarjeta crédito,App móvil,Android,Pereira,3.0,5,No
TXN-0004721,,13254.0,JUGUETES,64501.0,Contraentrega,App móvil,Android,Bogotá,5.0,5,No
TXN-0004457,2022-04-13,53019.0,Alimentos,51338.0,Tarjeta débito,App móvil,Desktop,Bogotá,5.0,5,No
TXN-0001777,2023-08-19,54519.0,Alimentos,51733.0,Tarjeta crédito,App móvil,Desktop,Bogotá,5.0,5,No
TXN-0005025,2022-08-05,35807.0,Moda,65790.0,Contraentrega,App móvil,Android,Bogotá,5.0,5,No
TXN-0000207,2024-11-05,37656.0,Electrónica,594435.0,Billetera digital,Sitio web,Android,Bogotá,5.0,5,No
TXN-0007584,2024-10-11,44784.0,Libros,70563.0,PSE,Sitio web,Desktop,Cali,2.0,5,No
TXN-0002304,2022-09-21,56565.0,Libros,38449.0,Tarjeta crédito,App móvil,Desktop,Manizales,2.0,5,No
TXN-0002887,,49149.0,Belleza,104697.0,PSE,Sitio web,Android,MEDELLÍN,8.0,3,No
TXN-0006518,2024-07-23,42418.0,Moda,82553.0,Billetera digital,App móvil,Desktop,Bucaramanga,2.0,5,Sí
TXN-0001787,2024-04-25,41759.0,Mascotas,81898.0,Billetera digital,App móvil,Android,Bogotá,4.0,5,No
TXN-0004325,2022-03-16,29578.0,Juguetes,93989.0,Billetera digital,App móvil,Android,Bogotá,9.0,3,No
TXN-0002877,2023-04-22,,Moda,192738.0,PSE,Sitio web,Android,Medellín,5.0,5,No
TXN-0001029,2024-03-29,28665.0,Alimentos,43816.0,PSE,Sitio web,Android,Cali,3.0,5,No
TXN-0001080,2022-02-11,56465.0,Mascotas,107432.0,Tarjeta crédito,App móvil,Desktop,Barranquilla,7.0,5,No
TXN-0001936,2022-03-14,25758.0,Moda,66434.0,Tarjeta crédito,App móvil,Android,Cali,3.0,5,No
TXN-0004253,2022-12-14,44616.0,Mascotas,69625.0,Tarjeta débito,App móvil,Desktop,Bogotá,2.0,5,No
TXN-0001230,2023-04-03,45893.0,Moda,175824.0,Tarjeta crédito,App móvil,Android,Cali,2.0,5,No
TXN-0004620,2022-10-05,,Tecnología,445546.0,Tarjeta débito,App móvil,iOS,Medellín,2.0,5,No
TXN-0003789,2024-10-10,56842.0,Juguetes,173332.0,Tarjeta crédito,Sitio web,Android,Bogotá,2.0,5,No
TXN-0005357,2022-08-27,15875.0,Deportes,75157.0,PSE,App móvil,Desktop,Bucaramanga,6.0,5,No
TXN-0002247,2023-10-07,12330.0,Moda,134186.0,Tarjeta débito,Sitio web,Android,Cartagena,4.0,5,No
TXN-0001225,2023-08-15,16935.0,Moda,34550.0,Tarjeta crédito,App móvil,Android,Medellín,8.0,3,No
TXN-0007100,2024-02-09,24303.0,Alimentos,47052.0,Tarjeta débito,Sitio web,Android,Bucaramanga,6.0,5,No
TXN-0000466,2024-01-17,38397.0,Libros,30935.0,Tarjeta crédito,App móvil,iOS,Bucaramanga,5.0,5,No
TXN-0006230,2024-06-02,28024.0,Alimentos,23023.0,Contraentrega,Sitio web,Android,BOGOTÁ,7.0,5,No
TXN-0005741,2023-11-04,58116.0,Moda,99009.0,Tarjeta débito,Sitio web,Android,Bogotá,4.0,5,No
TXN-0007867,2022-10-13,28367.0,Electrónica,161133.0,PSE,Sitio web,Desktop,Manizales,2.0,5,No
TXN-0007347,2023-07-20,13118.0,Belleza,89164.0,Tarjeta crédito,App móvil,Android,Ibagué,4.0,5,No
TXN-0000612,2022-12-18,37844.0,Moda,170684.0,PSE,Sitio web,Android,Bogotá,6.0,5,No
TXN-0001844,2022-11-18,56400.0,Electrónica,470583.0,Billetera digital,App móvil,iOS,Cali,4.0,5,No
TXN-0007142,2023-05-15,14930.0,Libros,98306.0,Billetera digital,App móvil,Desktop,Cúcuta,7.0,5,No
TXN-0003130,2022-12-16,27134.0,Hogar,82883.0,PSE,App móvil,Desktop,Bogotá,4.0,5,No
TXN-0003584,,29539.0,Electrónica,268120.0,Tarjeta crédito,Sitio web,Android,Cartagena,7.0,5,No
TXN-0001758,2023-11-10,40739.0,Libros,17543.0,Tarjeta débito,App móvil,Android,Bogotá,6.0,5,No
TXN-0005401,2022-09-20,53216.0,Moda,122796.0,Tarjeta crédito,App móvil,iOS,Medellín,6.0,5,No
TXN-0003741,2022-09-29,53651.0,Moda,147509.0,Tarjeta crédito,Sitio web,Desktop,Medellín,9.0,5,No
TXN-0000905,2022-05-24,25216.0,Hogar,168557.0,Contraentrega,Sitio web,iOS,Bucaramanga,4.0,5,No
TXN-0003080,2022-08-04,51282.0,Mascotas,95042.0,PSE,Sitio web,,Cartagena,6.0,5,No
TXN-0001073,2023-02-02,27780.0,Mascotas,66309.0,Tarjeta débito,Sitio web,,Medellín,6.0,5,No
TXN-0001345,2022-04-27,40685.0,Belleza,87374.0,Contraentrega,App móvil,Android,BOGOTÁ,6.0,5,No
TXN-0003079,2024-07-11,14752.0,Moda,146535.0,Tarjeta crédito,Sitio web,Android,Bogotá,3.0,5,No
TXN-0005754,2022-04-15,12442.0,Deportes,131992.0,Tarjeta crédito,App móvil,Android,Ibagué,3.0,5,No
,2024-06-02,55954.0,Belleza,56597.0,Billetera digital,App móvil,Android,Bogotá,4.0,5,No
TXN-0000529,2023-06-21,32571.0,Juguetes,84141.0,Tarjeta débito,Sitio web,Android,Medellín,4.0,5,No
TXN-0002874,2023-10-30,49513.0,Alimentos,21885.0,PSE,App móvil,Android,Barranquilla,4.0,5,No
TXN-0000239,2024-07-08,45869.0,Belleza,120147.0,Tarjeta crédito,Sitio web,iOS,Cali,5.0,5,No
TXN-0003060,2023-01-03,24217.0,Moda,109503.0,Contraentrega,App móvil,iOS,Ibagué,6.0,5,No
TXN-0007229,2023-08-07,48157.0,Alimentos,28106.0,Contraentrega,Sitio web,Android,Barranquilla,3.0,5,No
TXN-0002819,2024-06-23,11867.0,Electrónica,760277.0,Tarjeta débito,App móvil,Desktop,BOGOTÁ,6.0,5,No
TXN-0004833,2022-04-14,52392.0,Moda,151496.0,Billetera digital,App móvil,Desktop,Medellín,2.0,5,No
TXN-0001668,2024-09-08,47592.0,Alimentos,41941.0,Contraentrega,App móvil,iOS,Bucaramanga,7.0,5,No
TXN-0006991,2022-12-01,11171.0,Moda,50948.0,PSE,App móvil,,Bogotá,4.0,5,Sí
TXN-0003170,2024-08-23,46018.0,Electrónica,458267.0,Contraentrega,App móvil,Android,Cali,7.0,5,No
TXN-0003602,2023-05-30,29450.0,Tecnología,483776.0,Tarjeta débito,App móvil,iOS,Bogotá,5.0,5,No
TXN-0005323,2023-03-29,34608.0,Moda,57102.0,PSE,App móvil,,Cali,1.0,5,No
TXN-0003417,2022-04-18,37471.0,Hogar,83571.0,Tarjeta débito,Sitio web,Android,Barranquilla,4.0,5,No
TXN-0004195,2022-09-21,45364.0,Electrónica,591656.0,Tarjeta débito,Sitio web,Android,Bogotá,7.0,5,No
TXN-0002982,2024-05-30,33614.0,Electrónica,707247.0,Tarjeta crédito,App móvil,Android,Bucaramanga,4.0,5,No
TXN-0002290,2023-01-07,41917.0,Hogar,120106.0,Tarjeta débito,App móvil,Desktop,Medellín,4.0,5,No
TXN-0001371,2024-04-29,20773.0,HOGAR,231318.0,Contraentrega,App móvil,Android,Pereira,3.0,5,No
TXN-0000778,2022-10-02,44645.0,Moda,134870.0,Tarjeta débito,App móvil,Android,Barranquilla,2.0,5,Sí
TXN-0000978,2023-10-29,48712.0,Hogar,176088.0,Contraentrega,App móvil,Android,Pereira,4.0,5,No
TXN-0004993,2023-11-09,20329.0,Belleza,108591.0,Billetera digital,App móvil,iOS,Cali,7.0,5,No
TXN-0000720,2022-07-10,15120.0,Hogar,181876.0,Billetera digital,App móvil,Android,Barranquilla,6.0,5,No
TXN-0003883,2023-03-01,23853.0,Mascotas,76272.0,Contraentrega,App móvil,iOS,Bogotá,6.0,5,No
TXN-0005123,2022-10-26,51163.0,Juguetes,105499.0,Tarjeta crédito,Sitio web,Desktop,Cartagena,3.0,5,No
TXN-0005531,2024-10-14,10721.0,Electrónica,785515.0,Tarjeta débito,Sitio web,Android,Barranquilla,4.0,5,No
TXN-0006438,2023-12-13,44496.0,Electrónica,949099.0,Tarjeta crédito,App móvil,Android,Pereira,2.0,5,No
TXN-0001316,2024-02-12,11261.0,Hogar,283469.0,PSE,App móvil,iOS,MEDELLÍN,6.0,5,No
TXN-0007947,2024-01-15,30965.0,Electrónica,957896.0,Contraentrega,App móvil,Android,Medellín,4.0,5,No
TXN-0004506,2023-06-30,46053.0,Electrónica,311633.0,Tarjeta débito,App móvil,iOS,Medellín,1.0,5,No
TXN-0003429,2022-11-08,50844.0,Moda,85327.0,Tarjeta crédito,Sitio web,Desktop,Bogotá,5.0,5,No
TXN-0005106,2022-09-22,20020.0,Electrónica,249887.0,Tarjeta crédito,Sitio web,Android,Bucaramanga,9.0,5,No
TXN-0003911,2024-03-03,23959.0,Moda,107294.0,Tarjeta crédito,Sitio web,Android,Cartagena,5.0,5,No
TXN-0004481,2022-12-31,22917.0,Electrónica,671380.0,PSE,App móvil,Desktop,Pereira,7.0,5,No
TXN-0002903,2023-05-30,48630.0,Belleza,30787.0,Tarjeta débito,App móvil,iOS,Cali,7.0,5,No
TXN-0001960,2023-09-26,13080.0,Hogar,241989.0,Contraentrega,App móvil,iOS,Medellín,3.0,5,No
TXN-0003538,2024-03-30,42762.0,Moda,107404.0,Tarjeta crédito,Sitio web,Android,Bucaramanga,4.0,5,No
TXN-0001774,2024-11-04,29984.0,Deportes,123489.0,Tarjeta crédito,App móvil,iOS,Ibagué,4.0,5,No
TXN-0002905,2022-12-24,36023.0,Juguetes,86233.0,PSE,App móvil,Android,Barranquilla,5.0,5,No
TXN-0006841,2024-11-03,42200.0,Deportes,89713.0,Tarjeta crédito,App móvil,Android,Bogotá,5.0,5,No
,,15009.0,Moda,47513.0,Tarjeta crédito,Sitio web,iOS,Cartagena,7.0,5,No
TXN-0002257,2023-01-31,28625.0,Hogar,261252.0,Tarjeta crédito,App móvil,Desktop,Cali,4.0,5,No
TXN-0001273,2024-05-04,43392.0,Moda,98082.0,Tarjeta débito,Sitio web,Android,Medellín,6.0,5,No
TXN-0001651,2023-03-29,36694.0,HOGAR,226411.0,Billetera digital,App móvil,Desktop,Cartagena,4.0,5,No
,2023-06-03,38981.0,Deportes,70902.0,Tarjeta crédito,App móvil,iOS,Bogotá,3.0,5,No
TXN-0002578,2024-12-17,49633.0,Hogar,279297.0,Billetera digital,App móvil,Android,Medellín,5.0,5,No
TXN-0002171,2023-09-17,34152.0,Tecnología,1187063.0,Contraentrega,Sitio web,Desktop,Bogotá,7.0,5,No
TXN-0002941,2024-04-25,14140.0,Electrónica,472145.0,PSE,Sitio web,iOS,Cúcuta,3.0,5,No
TXN-0005446,2022-01-01,38593.0,Alimentos,32364.0,PSE,App móvil,iOS,Bogotá,5.0,5,No
TXN-0007490,2023-03-18,45066.0,Electrónica,1088490.0,Contraentrega,App móvil,Desktop,BARRANQUILLA,4.0,5,No
TXN-0003502,2022-04-06,46012.0,Moda,224414.0,Contraentrega,Sitio web,Android,Bogotá,2.0,5,No
TXN-0004787,2024-05-19,20796.0,ELECTRÓNICA,751163.0,Billetera digital,Sitio web,,Bogotá,8.0,3,No
TXN-0002411,2023-06-28,29771.0,Hogar,144209.0,Tarjeta crédito,App móvil,Android,Cúcuta,3.0,5,No
TXN-0000602,2022-09-30,45431.0,Hogar,152733.0,Tarjeta débito,App móvil,iOS,Cali,4.0,5,No
TXN-0001183,2024-12-17,12706.0,Tecnología,930719.0,Billetera digital,Sitio web,Android,Bogotá,2.0,5,No
TXN-0006737,2022-11-08,12736.0,Hogar,154806.0,PSE,App móvil,Android,Medellín,3.0,5,No
TXN-0000801,2023-05-26,45362.0,Belleza,52929.0,Contraentrega,App móvil,Android,Ibagué,5.0,5,No
TXN-0007417,2023-10-08,42472.0,JUGUETES,55156.0,Contraentrega,Sitio web,iOS,Ibagué,7.0,5,No
TXN-0004333,2022-06-02,22187.0,Moda,162121.0,Tarjeta débito,Sitio web,,Cartagena,3.0,5,No
,2023-11-10,54833.0,Belleza,92432.0,Tarjeta crédito,App móvil,iOS,Bucaramanga,7.0,5,No
TXN-0003730,2022-07-14,15908.0,Belleza,60607.0,PSE,Sitio web,Android,Cali,6.0,5,No
TXN-0001365,2023-12-21,27405.0,Moda,157129.0,Billetera digital,App móvil,Desktop,Cúcuta,3.0,5,No
TXN-0003078,2023-12-14,12191.0,HOGAR,98853.0,Contraentrega,App móvil,Desktop,Cali,6.0,5,No
TXN-0004414,2023-05-16,30716.0,Deportes,252393.0,Tarjeta crédito,App móvil,Android,Medellín,4.0,5,No
TXN-0000224,2024-10-20,16177.0,Deportes,59192.0,Contraentrega,App móvil,iOS,Barranquilla,7.0,5,No
TXN-0002606,2023-02-27,39616.0,Tecnología,595911.0,Tarjeta débito,App móvil,Android,Pereira,6.0,5,No
TXN-0003537,2023-08-02,47639.0,Belleza,91185.0,PSE,Sitio web,Android,Ibagué,4.0,5,No
TXN-0000810,2023-03-20,52214.0,Hogar,351692.0,Tarjeta crédito,Sitio web,iOS,Bogotá,1.0,5,No
TXN-0005484,2023-12-01,14117.0,Juguetes,132589.0,Contraentrega,Sitio web,Android,Barranquilla,5.0,5,No
,2024-11-07,45219.0,Deportes,213062.0,Tarjeta débito,App móvil,Android,Cali,5.0,5,No
TXN-0002728,2023-05-01,54331.0,Tecnología,1082707.0,Contraentrega,Sitio web,Android,IBAGUÉ,4.0,5,No
TXN-0003276,2024-09-19,32921.0,Tecnología,986419.0,Tarjeta crédito,App móvil,Desktop,Cúcuta,7.0,5,No
TXN-0007450,2024-01-18,46630.0,Moda,23500.0,Tarjeta crédito,Sitio web,Android,Medellín,7.0,5,No
TXN-0000739,2024-05-31,35281.0,Belleza,13253.0,PSE,Sitio web,Android,MEDELLÍN,2.0,5,No
TXN-0007690,2023-02-18,19599.0,Deportes,178722.0,Tarjeta débito,Sitio web,Android,Manizales,4.0,5,No
TXN-0006640,2024-07-30,12120.0,Moda,147732.0,Tarjeta crédito,App móvil,Android,Cali,7.0,5,No
TXN-0003339,2024-04-03,33445.0,Hogar,114231.0,Billetera digital,Sitio web,Android,Bogotá,11.0,3,No
TXN-0005427,2024-08-29,,Electrónica,845678.0,Tarjeta crédito,Sitio web,iOS,Cali,7.0,5,No
TXN-0003337,2023-08-29,22865.0,Juguetes,94384.0,Tarjeta crédito,App móvil,Android,Barranquilla,6.0,5,No
TXN-0007092,2022-10-21,10605.0,Moda,65889.0,PSE,App móvil,iOS,Bogotá,5.0,5,No
TXN-0000780,2022-04-26,37016.0,Hogar,150946.0,Billetera digital,App móvil,Desktop,CALI,6.0,5,No
TXN-0001261,2022-07-19,32650.0,Hogar,233740.0,Tarjeta crédito,App móvil,iOS,Manizales,5.0,5,No
TXN-0007282,,46141.0,Juguetes,71041.0,Tarjeta crédito,Sitio web,iOS,Medellín,1.0,5,No
TXN-0003359,2024-04-05,50985.0,Moda,6320.0,Tarjeta débito,App móvil,Android,Cali,6.0,5,No
TXN-0005065,2024-06-13,43473.0,Deportes,29251.0,PSE,App móvil,Android,Bogotá,5.0,5,No
TXN-0005693,2024-04-01,55373.0,Electrónica,384562.0,Tarjeta crédito,App móvil,Android,Ibagué,5.0,5,No
TXN-0002685,2024-02-22,31883.0,Juguetes,64059.0,PSE,App móvil,Android,Bucaramanga,5.0,5,No
TXN-0002110,2022-11-30,42935.0,Electrónica,452575.0,PSE,App móvil,Desktop,Cali,1.0,5,No
TXN-0006427,2022-10-28,49161.0,Juguetes,71663.0,Contraentrega,App móvil,Android,Barranquilla,5.0,5,No
TXN-0004938,2024-05-16,21245.0,Alimentos,30220.0,Tarjeta crédito,App móvil,Android,Barranquilla,8.0,3,No
TXN-0002558,2022-06-24,40740.0,Juguetes,88549.0,Tarjeta débito,App móvil,Android,Medellín,7.0,5,Sí
TXN-0007435,2023-04-09,59864.0,Mascotas,29381.0,PSE,App móvil,Desktop,Cali,4.0,5,No
TXN-0006176,2024-11-10,29264.0,Electrónica,751509.0,Billetera digital,App móvil,Android,Cúcuta,5.0,5,No
TXN-0002038,2023-09-07,18390.0,Hogar,267816.0,Tarjeta crédito,App móvil,Android,Bogotá,1.0,5,No
TXN-0004586,2024-04-29,16859.0,Moda,110939.0,Tarjeta crédito,App móvil,Android,MEDELLÍN,3.0,5,No
TXN-0007136,2022-06-05,21297.0,Alimentos,32172.0,Contraentrega,Sitio web,Android,MEDELLÍN,5.0,5,No
TXN-0004660,2023-01-30,19716.0,MASCOTAS,89119.0,Contraentrega,App móvil,iOS,Bogotá,7.0,5,No
TXN-0007938,2022-06-26,43482.0,Moda,27168.0,PSE,Sitio web,Android,Bogotá,6.0,5,No
TXN-0007806,,15734.0,Tecnología,905956.0,Tarjeta débito,App móvil,Desktop,Bogotá,4.0,5,No
TXN-0004941,2023-02-09,54828.0,Libros,71059.0,Tarjeta débito,App móvil,Android,Cali,8.0,5,No
TXN-0006740,2024-11-09,31064.0,Alimentos,47805.0,Tarjeta crédito,App móvil,Desktop,Bogotá,4.0,5,No
TXN-0007110,2023-01-12,50961.0,Hogar,224044.0,Tarjeta crédito,App móvil,Desktop,MEDELLÍN,2.0,5,No
TXN-0001840,2022-03-04,46045.0,Juguetes,65887.0,Tarjeta crédito,App móvil,Android,Bogotá,4.0,5,No
TXN-0005708,2022-04-04,49636.0,Deportes,53517.0,Contraentrega,App móvil,iOS,MEDELLÍN,8.0,4,No
TXN-0001510,2024-01-05,35628.0,Moda,8977.0,Contraentrega,App móvil,iOS,Medellín,6.0,5,No
TXN-0000297,2022-12-14,21905.0,Electrónica,519309.0,Tarjeta crédito,Sitio web,Desktop,Manizales,2.0,5,No
TXN-0006134,2022-01-02,18747.0,Moda,96457.0,PSE,Sitio web,Android,Barranquilla,7.0,5,No
TXN-0006559,2023-02-26,11197.0,Tecnología,303915.0,Tarjeta débito,App móvil,Desktop,Cali,6.0,5,No
TXN-0002287,2024-03-17,12510.0,Belleza,97970.0,Tarjeta débito,Sitio web,iOS,Barranquilla,5.0,5,No
TXN-0006876,2022-11-23,15011.0,Moda,154051.0,PSE,Sitio web,Android,Bogotá,5.0,5,No
TXN-0006090,2024-01-21,21145.0,Mascotas,19801.0,Tarjeta débito,App móvil,Desktop,Bogotá,6.0,5,No
TXN-0007535,2024-06-23,12555.0,Deportes,115389.0,Billetera digital,App móvil,Android,Medellín,4.0,5,No
TXN-0007538,2023-04-10,43068.0,Alimentos,42624.0,PSE,Sitio web,Android,Bucaramanga,4.0,5,No
TXN-0002930,2022-02-24,20044.0,Electrónica,466883.0,PSE,App móvil,iOS,Cali,5.0,5,No
,2023-09-10,50687.0,Electrónica,772088.0,Contraentrega,Sitio web,Android,Bogotá,5.0,5,No
TXN-0000010,2022-08-02,28982.0,Belleza,38171.0,Billetera digital,Sitio web,Desktop,Barranquilla,5.0,5,No
TXN-0006617,2023-03-15,10538.0,Moda,100326.0,Tarjeta crédito,Sitio web,Android,BOGOTÁ,3.0,5,No
TXN-0004199,2024-06-13,56021.0,Electrónica,548404.0,Contraentrega,App móvil,iOS,Bogotá,4.0,5,No
TXN-0001339,2023-07-07,40227.0,Belleza,106119.0,Billetera digital,Sitio web,Android,Barranquilla,4.0,5,No
TXN-0005869,2023-02-15,13923.0,Electrónica,652867.0,Tarjeta débito,App móvil,iOS,Medellín,7.0,5,No
TXN-0004688,2022-06-19,53191.0,Electrónica,755009.0,Tarjeta crédito,App móvil,Android,Medellín,6.0,5,No
TXN-0006963,2024-08-20,53249.0,Hogar,30676.0,Tarjeta crédito,App móvil,iOS,Barranquilla,4.0,5,No
TXN-0005956,2024-04-19,32379.0,Mascotas,105798.0,PSE,App móvil,iOS,CALI,4.0,5,No
TXN-0003960,2023-06-28,27264.0,Deportes,224589.0,Tarjeta crédito,Sitio web,Android,Medellín,5.0,5,No
TXN-0004667,2023-09-08,,Electrónica,415226.0,Tarjeta crédito,App móvil,Desktop,Medellín,5.0,5,No
TXN-0005794,2023-10-19,14439.0,Juguetes,115588.0,Tarjeta crédito,Sitio web,Android,Barranquilla,2.0,5,No
,2024-06-08,26263.0,Libros,14057.0,Contraentrega,App móvil,Android,Medellín,6.0,5,No
TXN-0007448,2024-08-15,37474.0,Mascotas,87733.0,Contraentrega,Sitio web,iOS,Cartagena,4.0,5,No
TXN-0007587,2023-10-19,26978.0,Electrónica,631786.0,PSE,App móvil,iOS,Medellín,4.0,5,Sí
TXN-0003705,2023-01-25,21946.0,Hogar,52384.0,Tarjeta crédito,App móvil,Android,Bogotá,5.0,5,No
TXN-0004751,2024-01-15,20795.0,Deportes,196972.0,Tarjeta crédito,Sitio web,iOS,Pereira,5.0,5,No
TXN-0000340,2022-01-24,53571.0,Juguetes,140298.0,Billetera digital,App móvil,Desktop,Cartagena,3.0,5,No
TXN-0007563,2022-07-22,54809.0,Moda,180092.0,Tarjeta débito,Sitio web,Android,Cali,4.0,5,No
TXN-0002227,2023-01-28,22031.0,Moda,73622.0,Tarjeta crédito,App móvil,Android,Bogotá,3.0,5,No
TXN-0003814,2023-09-02,42290.0,Deportes,94035.0,PSE,Sitio web,Android,Bogotá,4.0,5,No
TXN-0001325,2023-06-23,27591.0,Moda,201814.0,Billetera digital,App móvil,Android,Pereira,5.0,5,No
TXN-0002495,2024-04-14,45881.0,Belleza,124069.0,Tarjeta crédito,App móvil,iOS,Cali,7.0,5,No
TXN-0005438,2023-06-30,30071.0,Tecnología,859253.0,PSE,Sitio web,Desktop,Bogotá,5.0,5,No
TXN-0006817,2023-02-09,59972.0,Belleza,68992.0,Tarjeta crédito,App móvil,Android,Pereira,5.0,5,No
TXN-0000347,2024-03-22,26367.0,Juguetes,83884.0,PSE,App móvil,Android,Bogotá,2.0,5,No
TXN-0000139,2024-09-17,36120.0,Mascotas,92656.0,Tarjeta crédito,App móvil,Android,Ibagué,4.0,5,No
TXN-0005468,2023-04-26,46033.0,Deportes,144101.0,Tarjeta crédito,Sitio web,Android,Bogotá,6.0,5,No
TXN-0003524,2024-05-02,10364.0,Belleza,95685.0,Tarjeta crédito,Sitio web,Android,Medellín,2.0,5,No
TXN-0007213,2022-07-20,32832.0,DEPORTES,83333.0,Billetera digital,App móvil,iOS,Manizales,8.0,5,No
TXN-0004793,2024-07-08,39510.0,HOGAR,112695.0,Tarjeta débito,App móvil,iOS,Pereira,1.0,5,No
TXN-0002946,2022-03-21,14744.0,Belleza,110896.0,Tarjeta crédito,App móvil,Android,Manizales,4.0,5,No
TXN-0003568,2023-06-21,58113.0,Mascotas,88179.0,Tarjeta crédito,Sitio web,,Bogotá,1.0,5,No
TXN-0002698,2023-03-10,35208.0,DEPORTES,140997.0,Contraentrega,App móvil,Desktop,Medellín,6.0,5,No
TXN-0003970,2023-05-06,49321.0,Deportes,115846.0,PSE,Sitio web,Android,Cúcuta,6.0,5,No
TXN-0005362,2024-04-07,34388.0,Alimentos,33210.0,Tarjeta crédito,Sitio web,Android,Medellín,6.0,5,No
TXN-0007702,2023-04-23,47648.0,Juguetes,40705.0,Tarjeta débito,App móvil,Android,BUCARAMANGA,6.0,5,No
TXN-0004587,2024-09-03,34405.0,Electrónica,986420.0,Billetera digital,App móvil,iOS,Cúcuta,8.0,4,No
TXN-0003043,2023-10-22,44582.0,Hogar,320479.0,PSE,App móvil,iOS,Cúcuta,4.0,5,No
TXN-0004916,2023-09-07,51030.0,Libros,15234.0,Tarjeta débito,App móvil,iOS,BUCARAMANGA,6.0,5,No
TXN-0007830,2022-06-01,24319.0,Belleza,82573.0,Tarjeta crédito,App móvil,iOS,Manizales,4.0,5,No
TXN-0001392,2022-10-17,51629.0,Belleza,11992.0,Billetera digital,App móvil,Android,Bogotá,4.0,5,No
TXN-0007132,,41292.0,ALIMENTOS,49617.0,Tarjeta crédito,App móvil,Android,Bogotá,8.0,5,No
TXN-0004312,2022-03-20,32529.0,ELECTRÓNICA,638266.0,Billetera digital,App móvil,Desktop,Bucaramanga,7.0,5,No
TXN-0007596,2024-02-19,58872.0,Moda,177320.0,Tarjeta crédito,App móvil,Android,CALI,3.0,5,No
TXN-0005976,2022-11-11,49763.0,Hogar,125037.0,Contraentrega,App móvil,iOS,Cali,5.0,5,No
TXN-0007572,2024-06-29,46765.0,Belleza,62942.0,Tarjeta crédito,App móvil,Android,Pereira,7.0,5,No
TXN-0003733,2024-09-16,12849.0,Libros,47226.0,Tarjeta débito,Sitio web,Desktop,Bogotá,3.0,5,No
TXN-0006369,2022-02-26,31831.0,Electrónica,582454.0,Billetera digital,Sitio web,Android,Medellín,2.0,5,No
TXN-0002010,2023-01-16,51742.0,Moda,191326.0,Contraentrega,App móvil,Desktop,Bogotá,5.0,5,No
TXN-0006750,2023-06-18,28141.0,Moda,232120.0,Contraentrega,App móvil,Android,Cartagena,6.0,5,No
TXN-0007943,2023-02-22,49993.0,Deportes,218700.0,Tarjeta crédito,Sitio web,Android,Medellín,3.0,5,Sí
TXN-0004538,2022-03-23,38359.0,Libros,59296.0,PSE,App móvil,Android,Cali,6.0,5,No
TXN-0007853,2024-06-01,11593.0,Belleza,58620.0,PSE,App móvil,Desktop,Bogotá,1.0,5,No
TXN-0005681,2022-06-19,26676.0,Deportes,29447.0,Tarjeta débito,App móvil,iOS,Bogotá,1.0,5,No
TXN-0007810,2024-08-21,58442.0,Hogar,208982.0,Tarjeta crédito,Sitio web,Android,Bogotá,5.0,5,No
TXN-0000538,2024-11-01,48323.0,Deportes,66266.0,Billetera digital,Sitio web,Android,Medellín,6.0,5,No
TXN-0006374,2022-12-21,54051.0,Libros,87385.0,Billetera digital,App móvil,Android,MEDELLÍN,1.0,5,No
,2022-02-02,54711.0,Belleza,110724.0,Tarjeta débito,App móvil,iOS,Bogotá,4.0,5,No
TXN-0006345,2023-05-10,13780.0,Alimentos,32361.0,Tarjeta crédito,Sitio web,Desktop,Bogotá,3.0,5,No
TXN-0005551,2024-07-10,17355.0,Electrónica,392146.0,Contraentrega,Sitio web,Desktop,Medellín,6.0,5,No
TXN-0002457,2024-07-02,45524.0,Libros,49249.0,Tarjeta crédito,App móvil,iOS,Cartagena,8.0,3,No
TXN-0000704,2023-05-27,41146.0,Deportes,155948.0,Tarjeta débito,App móvil,Android,Pereira,1.0,5,No
TXN-0002661,2022-11-18,48577.0,Juguetes,86401.0,Tarjeta débito,App móvil,iOS,Pereira,4.0,5,No
TXN-0003044,2023-04-11,38642.0,Moda,73596.0,Billetera digital,App móvil,,Medellín,6.0,5,No
TXN-0007992,2023-09-11,12196.0,Hogar,161476.0,PSE,Sitio web,Android,Bogotá,6.0,5,No
TXN-0002404,2022-10-22,18606.0,Moda,116581.0,PSE,Sitio web,Android,Cali,1.0,5,No
TXN-0000668,2022-01-28,20578.0,Electrónica,483281.0,Billetera digital,Sitio web,Android,Medellín,1.0,5,No
TXN-0002158,2024-09-21,46668.0,Juguetes,111193.0,Billetera digital,App móvil,Android,Cartagena,7.0,5,No
TXN-0004471,2022-07-13,18651.0,Alimentos,55408.0,Tarjeta débito,Sitio web,Android,Medellín,6.0,5,No
TXN-0002739,2024-07-28,24817.0,Electrónica,325910.0,Billetera digital,Sitio web,iOS,Medellín,1.0,5,No
TXN-0007593,2023-08-03,56172.0,Belleza,62000.0,Tarjeta crédito,App móvil,Android,Barranquilla,3.0,5,No
TXN-0005422,2022-07-10,55666.0,Hogar,228320.0,Billetera digital,Sitio web,iOS,Pereira,3.0,5,No
TXN-0000242,2022-04-22,16729.0,Alimentos,5000.0,Tarjeta débito,Sitio web,Android,Cali,5.0,5,No
TXN-0005380,2023-02-10,46079.0,Deportes,259066.0,PSE,Sitio web,iOS,Bogotá,2.0,5,No
TXN-0002846,2023-11-01,43643.0,Belleza,37833.0,Tarjeta débito,Sitio web,iOS,Barranquilla,2.0,5,No
TXN-0005809,2022-07-25,22145.0,Alimentos,64447.0,Tarjeta crédito,App móvil,Android,Cali,5.0,5,No
TXN-0005309,2023-07-02,10002.0,Deportes,165907.0,Tarjeta crédito,App móvil,iOS,Bogotá,1.0,5,No
TXN-0006250,2024-02-15,34560.0,Moda,81605.0,Tarjeta crédito,App móvil,Android,Medellín,3.0,5,No
TXN-0005831,2023-12-24,27542.0,Moda,86014.0,Tarjeta crédito,Sitio web,Android,Manizales,4.0,5,No
TXN-0001095,2023-10-07,29345.0,Deportes,177304.0,Tarjeta débito,Sitio web,iOS,Medellín,1.0,5,No
TXN-0004672,2023-04-02,28306.0,Electrónica,632780.0,PSE,App móvil,Android,Barranquilla,7.0,5,No
TXN-0007949,2022-05-21,45034.0,Moda,152541.0,Contraentrega,App móvil,Android,Barranquilla,3.0,5,No
TXN-0004841,2022-03-21,,Alimentos,26799.0,PSE,App móvil,iOS,Bogotá,2.0,5,No
TXN-0003906,,24712.0,Mascotas,55766.0,PSE,Sitio web,Desktop,Bogotá,2.0,5,No
TXN-0002438,2023-05-29,52298.0,Electrónica,570077.0,PSE,Sitio web,Android,Barranquilla,5.0,5,No
TXN-0006657,2024-12-31,51258.0,Electrónica,133076.0,Tarjeta débito,App móvil,Android,Bogotá,5.0,5,No
TXN-0003674,2024-08-30,42939.0,HOGAR,142152.0,Tarjeta crédito,App móvil,Android,Medellín,1.0,5,No
TXN-0005507,2024-06-18,40312.0,Alimentos,64000.0,Tarjeta crédito,App móvil,Android,Bogotá,1.0,5,No
TXN-0002162,2022-09-04,48974.0,Deportes,148834.0,Tarjeta débito,Sitio web,Android,Medellín,7.0,5,No
TXN-0004969,2023-07-11,50180.0,Moda,185776.0,Contraentrega,Sitio web,iOS,Medellín,5.0,5,No
TXN-0001994,2024-07-25,40133.0,Electrónica,851331.0,Tarjeta crédito,App móvil,iOS,BOGOTÁ,5.0,5,No
TXN-0007808,2022-03-19,36402.0,Electrónica,363311.0,Tarjeta débito,App móvil,iOS,Medellín,4.0,5,No
TXN-0002285,2022-01-13,41051.0,Alimentos,43037.0,Tarjeta débito,Sitio web,iOS,Cali,5.0,5,No
TXN-0005843,2024-05-21,44000.0,Moda,75287.0,PSE,Sitio web,Android,Barranquilla,4.0,5,No
TXN-0001593,2024-02-22,21724.0,Libros,69885.0,PSE,Sitio web,Desktop,Medellín,5.0,5,No
,2024-07-19,48317.0,Electrónica,615736.0,Tarjeta crédito,App móvil,Android,Barranquilla,3.0,5,No
TXN-0005257,2024-07-09,42027.0,Belleza,84359.0,Tarjeta crédito,App móvil,Android,Ibagué,4.0,5,No
TXN-0007809,2022-04-25,29882.0,Juguetes,80059.0,PSE,Sitio web,Android,Manizales,4.0,5,No
TXN-0007234,2022-08-22,20889.0,Libros,86928.0,Tarjeta crédito,App móvil,Android,Pereira,9.0,5,No
TXN-0001868,2023-09-02,34667.0,Belleza,118478.0,PSE,App móvil,Android,Ibagué,4.0,5,No
TXN-0002255,2023-08-19,,Hogar,245706.0,PSE,App móvil,Android,Bogotá,4.0,5,No
TXN-0005856,2024-11-06,,Electrónica,894064.0,PSE,App móvil,Android,Bogotá,3.0,5,No
TXN-0005675,2023-08-14,18058.0,Electrónica,705667.0,Tarjeta crédito,Sitio web,Android,Pereira,5.0,5,No
TXN-0003974,2022-07-21,,Juguetes,98215.0,PSE,Sitio web,Android,Ibagué,2.0,5,No
TXN-0004187,2023-05-16,27803.0,Moda,119912.0,PSE,Sitio web,iOS,Cúcuta,3.0,5,No
TXN-0001258,2023-11-28,37683.0,Mascotas,134347.0,Tarjeta débito,App móvil,Android,Barranquilla,3.0,5,No
TXN-0003617,2022-05-14,55779.0,Moda,80033.0,Tarjeta crédito,App móvil,Android,Pereira,7.0,5,No
TXN-0001686,2023-12-28,34810.0,Libros,44296.0,PSE,App móvil,Android,BUCARAMANGA,4.0,5,No
,2024-06-07,25926.0,Deportes,227062.0,Tarjeta débito,Sitio web,Android,Cúcuta,9.0,4,No
TXN-0002309,2023-03-15,14901.0,Belleza,103804.0,Tarjeta crédito,Sitio web,iOS,Bucaramanga,6.0,5,No
TXN-0003783,2024-03-30,39180.0,ELECTRÓNICA,395457.0,Tarjeta crédito,App móvil,Android,Bogotá,6.0,5,No
TXN-0005886,2023-10-27,43052.0,Alimentos,43084.0,Tarjeta crédito,Sitio web,Desktop,Bogotá,3.0,5,No
TXN-0005671,2023-03-26,20468.0,BELLEZA,131776.0,PSE,Sitio web,Android,Medellín,4.0,5,No
TXN-0002550,2022-03-10,45476.0,Mascotas,99918.0,Tarjeta débito,App móvil,Android,Ibagué,2.0,5,No
TXN-0004604,2023-05-23,11747.0,Belleza,30370.0,Tarjeta crédito,App móvil,Android,Bogotá,4.0,5,No
TXN-0006104,2024-12-17,35475.0,Moda,177381.0,Contraentrega,App móvil,Android,Bogotá,2.0,5,No
TXN-0003400,2024-12-03,41455.0,Alimentos,41833.0,Tarjeta débito,Sitio web,Desktop,Medellín,1.0,5,No
TXN-0001395,2022-04-15,10977.0,JUGUETES,64974.0,Tarjeta débito,Sitio web,,Manizales,2.0,5,No
TXN-0001118,2022-09-10,23576.0,Hogar,134086.0,PSE,App móvil,Android,Cali,3.0,5,No
TXN-0004663,2023-10-26,,Electrónica,667549.0,Tarjeta crédito,App móvil,Desktop,Bogotá,5.0,5,No
TXN-0001962,2023-11-25,30546.0,Mascotas,63623.0,Contraentrega,App móvil,Desktop,Bogotá,3.0,5,No
TXN-0000650,2023-06-23,10093.0,Moda,166048.0,Billetera digital,Sitio web,Android,Medellín,5.0,5,No
TXN-0007839,2023-09-06,25118.0,Belleza,114111.0,PSE,App móvil,Android,Barranquilla,3.0,5,No
TXN-0006492,2023-09-25,44483.0,Alimentos,74277.0,Billetera digital,Sitio web,Android,Bogotá,1.0,5,No
TXN-0000135,2024-02-17,39161.0,Electrónica,897259.0,Contraentrega,Sitio web,iOS,Bogotá,6.0,5,No
TXN-0004947,2024-09-05,16330.0,Moda,99433.0,Tarjeta crédito,App móvil,iOS,Manizales,1.0,5,No
TXN-0006533,2024-04-25,33644.0,Moda,47188.0,Tarjeta crédito,App móvil,Android,Cali,6.0,5,No
TXN-0005712,2022-11-23,14678.0,Electrónica,931151.0,Tarjeta débito,App móvil,Android,Bucaramanga,7.0,5,No
TXN-0001197,2023-04-24,41730.0,Deportes,157614.0,Tarjeta crédito,Sitio web,,Cartagena,4.0,5,No
TXN-0003348,2022-01-31,44505.0,Electrónica,89759.0,Tarjeta crédito,App móvil,iOS,Cali,4.0,5,No
TXN-0006932,2022-07-30,57351.0,Tecnología,1471417.0,Tarjeta crédito,App móvil,iOS,Medellín,1.0,5,No
TXN-0007615,2023-10-15,43557.0,Libros,45207.0,PSE,App móvil,Android,Bogotá,7.0,5,No
TXN-0007570,2023-02-16,16403.0,Mascotas,43517.0,Tarjeta débito,Sitio web,Android,Barranquilla,3.0,5,No
TXN-0005622,2022-11-15,17329.0,Moda,105992.0,Tarjeta crédito,Sitio web,Android,Medellín,4.0,5,No
TXN-0004725,2022-11-04,35131.0,Tecnología,799042.0,Tarjeta débito,Sitio web,Android,Bucaramanga,7.0,5,No
TXN-0003833,2024-02-03,37261.0,Belleza,133332.0,Tarjeta crédito,App móvil,iOS,Bogotá,6.0,5,No
TXN-0000421,2022-02-20,39183.0,Belleza,35177.0,Tarjeta débito,App móvil,Android,Cali,4.0,5,No
TXN-0005523,2023-06-21,57806.0,Moda,131360.0,Tarjeta crédito,App móvil,,Medellín,7.0,5,No
TXN-0002794,2024-05-20,25225.0,Electrónica,268440.0,Tarjeta débito,Sitio web,Android,Bogotá,2.0,5,No
TXN-0000193,2023-10-01,32628.0,Belleza,23959.0,Tarjeta crédito,Sitio web,iOS,Bogotá,5.0,5,No
TXN-0003437,2024-09-09,18649.0,Moda,137333.0,PSE,Sitio web,iOS,Bogotá,6.0,5,No
TXN-0003020,2024-10-10,45496.0,Tecnología,1443528.0,Contraentrega,App móvil,Android,Ibagué,1.0,5,No
TXN-0003382,2022-05-20,48677.0,Electrónica,771729.0,Tarjeta crédito,App móvil,Android,Cali,2.0,5,No
TXN-0002575,2023-09-13,52272.0,Alimentos,6029.0,Contraentrega,App móvil,Android,Cali,5.0,5,No
TXN-0000839,2023-06-19,,Libros,75136.0,Tarjeta débito,App móvil,Desktop,Barranquilla,4.0,5,No
TXN-0001477,2023-03-22,27623.0,Belleza,103615.0,Tarjeta crédito,App móvil,Android,Bogotá,8.0,4,No
TXN-0002476,2024-11-11,23378.0,Moda,78492.0,Tarjeta débito,App móvil,Android,Barranquilla,5.0,5,No
TXN-0001252,2023-01-08,37475.0,Electrónica,821404.0,Billetera digital,Sitio web,,Cali,5.0,5,Sí
TXN-0006509,2023-12-08,51748.0,Alimentos,47302.0,Tarjeta débito,App móvil,iOS,Medellín,6.0,5,No
TXN-0003748,2022-01-09,55148.0,Mascotas,26945.0,Tarjeta crédito,Sitio web,iOS,Bucaramanga,3.0,5,No
TXN-0003599,2024-02-29,16152.0,Electrónica,788851.0,Tarjeta crédito,App móvil,Android,Bogotá,4.0,5,No
TXN-0002380,2023-04-26,25915.0,Moda,100615.0,PSE,App móvil,Android,Bogotá,6.0,5,No
TXN-0005952,2023-12-17,26854.0,Moda,153639.0,Tarjeta crédito,Sitio web,Android,Medellín,5.0,5,No
TXN-0006012,2022-05-20,22094.0,Juguetes,151469.0,Billetera digital,Sitio web,Android,Manizales,1.0,5,No
TXN-0001626,2024-09-22,47136.0,Deportes,95945.0,Contraentrega,App móvil,Android,Cartagena,7.0,5,Sí
TXN-0003369,2024-03-19,51259.0,MASCOTAS,64305.0,Tarjeta débito,App móvil,Android,Bogotá,3.0,5,No
TXN-0003341,2022-10-22,58875.0,Electrónica,698751.0,Tarjeta crédito,Sitio web,Android,Bogotá,1.0,5,No
TXN-0001270,2022-04-27,42807.0,Electrónica,945213.0,Tarjeta crédito,Sitio web,Android,Cali,9.0,5,No
TXN-0007516,2023-09-18,39805.0,Electrónica,534490.0,Tarjeta crédito,App móvil,Android,Bogotá,4.0,5,No
TXN-0004853,2023-01-23,20726.0,Alimentos,28566.0,Tarjeta débito,Sitio web,Android,CÚCUTA,8.0,5,No
TXN-0007582,2024-01-25,25075.0,Moda,155863.0,Tarjeta crédito,Sitio web,Android,Bucaramanga,4.0,5,Sí
TXN-0002832,2024-10-24,10090.0,Moda,70022.0,Contraentrega,Sitio web,Android,Cartagena,3.0,5,No
TXN-0003577,2024-02-23,20217.0,Moda,120106.0,Tarjeta crédito,App móvil,iOS,Manizales,8.0,4,No
TXN-0005649,2024-08-09,16630.0,Alimentos,28170.0,PSE,App móvil,Desktop,Bogotá,3.0,5,No
TXN-0000838,2024-02-06,36120.0,Moda,116283.0,Contraentrega,App móvil,Android,Bucaramanga,4.0,5,No
TXN-0002754,2022-06-11,13373.0,Libros,93795.0,Tarjeta crédito,App móvil,Desktop,Medellín,2.0,5,No
TXN-0002631,2022-11-26,32252.0,Mascotas,68454.0,Billetera digital,Sitio web,Desktop,Medellín,3.0,5,No
TXN-0000380,2022-03-09,30387.0,Electrónica,1002372.0,Tarjeta débito,App móvil,Desktop,Bucaramanga,5.0,5,No
TXN-0005341,2022-05-12,21157.0,Moda,105018.0,Tarjeta crédito,App móvil,Desktop,Bogotá,5.0,5,No
TXN-0007429,2024-01-31,36222.0,Libros,73721.0,Tarjeta débito,App móvil,Android,Barranquilla,6.0,5,No
TXN-0006044,2022-02-20,59844.0,Libros,76808.0,Tarjeta crédito,App móvil,Android,Pereira,6.0,5,No
TXN-0006325,2022-05-02,42017.0,Electrónica,809864.0,Contraentrega,App móvil,Android,Bogotá,6.0,5,No
TXN-0001541,2023-07-21,28409.0,Electrónica,876956.0,Billetera digital,App móvil,Android,Manizales,7.0,5,No
TXN-0007820,2024-08-22,,Libros,90934.0,Tarjeta débito,Sitio web,Desktop,Cartagena,4.0,5,No
TXN-0001547,2022-10-07,56555.0,Moda,78286.0,Tarjeta crédito,App móvil,Android,Medellín,2.0,5,Sí
TXN-0005471,2023-06-25,20492.0,MODA,48380.0,Contraentrega,Sitio web,Desktop,Bogotá,5.0,5,No
TXN-0002454,2022-04-04,57802.0,Deportes,129481.0,Tarjeta crédito,App móvil,Desktop,Manizales,6.0,5,No
TXN-0002557,2023-07-19,48771.0,Electrónica,600374.0,Tarjeta débito,App móvil,Android,Bucaramanga,4.0,5,No
TXN-0003404,2023-12-05,26392.0,Tecnología,772532.0,Tarjeta débito,Sitio web,Android,Bogotá,5.0,5,No
TXN-0004454,2023-07-19,11983.0,Electrónica,418075.0,Tarjeta crédito,Sitio web,iOS,Bucaramanga,2.0,5,No
TXN-0006180,2023-09-29,13076.0,Deportes,30995.0,PSE,App móvil,Android,Pereira,4.0,5,No
TXN-0000977,,57076.0,BELLEZA,80695.0,Tarjeta crédito,Sitio web,iOS,Barranquilla,7.0,5,No
TXN-0004394,2024-09-01,21673.0,Moda,134186.0,PSE,Sitio web,iOS,Barranquilla,6.0,5,No
TXN-0007512,2022-04-15,41871.0,Electrónica,816881.0,Tarjeta crédito,App móvil,iOS,Barranquilla,5.0,5,No
TXN-0002358,2024-08-22,50572.0,Alimentos,66380.0,Tarjeta crédito,App móvil,Desktop,Medellín,5.0,5,No
TXN-0006143,2022-09-21,12393.0,Alimentos,37420.0,Tarjeta crédito,App móvil,Android,Medellín,2.0,5,No
TXN-0005317,2022-06-21,52910.0,Juguetes,93296.0,Tarjeta débito,Sitio web,iOS,Bogotá,6.0,5,No
TXN-0007548,2022-04-08,42399.0,Electrónica,656423.0,Tarjeta crédito,Sitio web,Desktop,Bogotá,4.0,5,No
TXN-0007349,2022-09-09,28476.0,Belleza,71645.0,Tarjeta débito,App móvil,Android,Pereira,6.0,5,No
TXN-0002206,2022-04-10,50773.0,Belleza,55534.0,Tarjeta débito,App móvil,Android,Cali,5.0,5,No
TXN-0007210,2023-11-04,44142.0,Libros,24153.0,Contraentrega,Sitio web,Android,Barranquilla,6.0,5,No
TXN-0002815,2022-12-15,33525.0,Libros,40399.0,Billetera digital,App móvil,Desktop,Medellín,1.0,5,No
TXN-0005840,2022-04-10,55949.0,Moda,147171.0,Contraentrega,App móvil,Desktop,Barranquilla,3.0,5,No
TXN-0007225,2024-10-29,49488.0,Electrónica,554365.0,Tarjeta crédito,Sitio web,Android,Bogotá,1.0,5,No
TXN-0005946,2023-10-12,38061.0,LIBROS,35540.0,Tarjeta crédito,Sitio web,Android,Pereira,5.0,5,No
,2023-01-30,15456.0,Hogar,159784.0,Contraentrega,App móvil,iOS,Cali,4.0,5,No
TXN-0002873,2023-10-13,44385.0,Hogar,287380.0,PSE,Sitio web,Desktop,Bogotá,6.0,5,No
TXN-0007620,2023-10-06,35273.0,Tecnología,34640.0,PSE,App móvil,Android,Bogotá,3.0,5,No
TXN-0005156,2024-03-31,22672.0,Moda,89276.0,Contraentrega,App móvil,Android,Bucaramanga,5.0,5,No
TXN-0001556,2024-04-14,26134.0,Libros,31659.0,Contraentrega,App móvil,Desktop,Bucaramanga,3.0,5,No
TXN-0003708,2024-04-16,52788.0,Libros,45942.0,Tarjeta crédito,App móvil,Android,Bucaramanga,4.0,5,No
TXN-0002324,2023-04-08,51908.0,Moda,128717.0,Contraentrega,Sitio web,Android,Bogotá,3.0,5,No
TXN-0000915,2022-02-14,24588.0,Mascotas,63121.0,Contraentrega,Sitio web,Android,Barranquilla,4.0,5,No
TXN-0003612,2023-03-31,22421.0,Electrónica,543859.0,Tarjeta crédito,App móvil,Android,Cali,2.0,5,No
TXN-0001504,2024-07-16,29481.0,Electrónica,942646.0,PSE,Sitio web,Android,Pereira,6.0,5,No
TXN-0007574,2022-03-25,34200.0,Mascotas,134772.0,Contraentrega,Sitio web,Android,Ibagué,6.0,5,No
TXN-0006802,2023-06-16,36364.0,Moda,150194.0,PSE,Sitio web,Android,Cali,5.0,5,No
TXN-0001407,2022-09-25,34642.0,Electrónica,406882.0,Billetera digital,App móvil,Desktop,Cali,6.0,5,Sí
TXN-0002625,2024-01-01,35512.0,Hogar,318494.0,Tarjeta débito,Sitio web,iOS,Barranquilla,1.0,5,No
TXN-0001803,2022-06-15,38423.0,Deportes,147443.0,Billetera digital,App móvil,Android,Bogotá,5.0,5,No
TXN-0002055,2022-06-09,54959.0,Hogar,189705.0,Tarjeta crédito,App móvil,Android,Cali,4.0,5,No
TXN-0007027,2023-12-11,27256.0,Moda,122345.0,Billetera digital,App móvil,Android,Cali,5.0,5,No
TXN-0000009,2023-09-05,51309.0,Libros,43643.0,Tarjeta débito,App móvil,Android,Bogotá,6.0,5,No
TXN-0003377,2023-12-03,43190.0,Moda,71019.0,Contraentrega,App móvil,Android,Bogotá,5.0,5,No
TXN-0004092,2022-10-18,42690.0,Libros,95938.0,PSE,Sitio web,iOS,Pereira,3.0,5,Sí
TXN-0005394,2022-12-18,41799.0,ELECTRÓNICA,629741.0,Tarjeta crédito,Sitio web,Desktop,Bucaramanga,4.0,5,No
TXN-0002837,2022-11-09,12259.0,Deportes,184562.0,Contraentrega,Sitio web,Android,Pereira,5.0,5,No
TXN-0007333,2024-05-09,37577.0,Libros,95186.0,Tarjeta débito,App móvil,iOS,Cartagena,2.0,5,No
TXN-0004080,2024-03-07,53626.0,Belleza,108965.0,Tarjeta crédito,Sitio web,iOS,Medellín,2.0,5,No
TXN-0001634,2024-12-09,34369.0,Alimentos,31918.0,Billetera digital,App móvil,Android,Cúcuta,2.0,5,No
TXN-0005259,2024-06-20,47784.0,Libros,78529.0,Billetera digital,App móvil,Android,Cartagena,2.0,5,No
TXN-0002087,2024-09-15,54321.0,Hogar,182949.0,PSE,App móvil,Desktop,Ibagué,2.0,5,No
TXN-0000217,2022-10-19,33522.0,Moda,150474.0,Tarjeta crédito,App móvil,iOS,Bucaramanga,2.0,5,No
TXN-0005104,2022-05-01,12641.0,Hogar,212838.0,Tarjeta débito,Sitio web,Android,Medellín,4.0,5,No
TXN-0002080,2022-06-24,37704.0,DEPORTES,225995.0,Tarjeta débito,App móvil,Android,Bucaramanga,1.0,5,Sí
TXN-0007195,2022-05-19,19674.0,Juguetes,56336.0,Tarjeta crédito,App móvil,iOS,Medellín,8.0,4,No
TXN-0005378,2023-03-30,20654.0,Hogar,34604.0,Tarjeta crédito,App móvil,Android,Cúcuta,5.0,5,No
TXN-0001253,2023-12-03,21394.0,Mascotas,95790.0,Contraentrega,Sitio web,Android,Barranquilla,4.0,5,No
TXN-0007463,,56284.0,BELLEZA,92050.0,PSE,App móvil,Android,Bogotá,6.0,5,No
TXN-0004693,2023-12-11,52486.0,Hogar,180473.0,Tarjeta débito,App móvil,Android,Bogotá,4.0,5,No
TXN-0007039,2023-12-04,27834.0,Mascotas,26792.0,PSE,Sitio web,Android,Bogotá,7.0,5,No
TXN-0004899,2023-07-29,34132.0,Alimentos,14744.0,Tarjeta crédito,Sitio web,Android,Cali,3.0,5,No
TXN-0001966,2024-02-03,13041.0,Deportes,50129.0,Contraentrega,Sitio web,Desktop,Cúcuta,3.0,5,No
TXN-0002210,2024-08-21,26550.0,Tecnología,675940.0,Tarjeta débito,App móvil,Android,Ibagué,4.0,5,No
TXN-0000313,2022-09-28,47240.0,Electrónica,737020.0,Tarjeta crédito,App móvil,Android,Cali,4.0,5,No
TXN-0007465,2024-02-03,10494.0,Hogar,286416.0,Tarjeta crédito,Sitio web,Android,Ibagué,4.0,5,No
TXN-0001038,2023-12-24,44693.0,Moda,79924.0,Tarjeta débito,App móvil,iOS,Cali,6.0,5,No
TXN-0001451,2022-10-31,40310.0,Alimentos,29720.0,Contraentrega,Sitio web,Android,Bucaramanga,8.0,3,No
TXN-0007086,2022-06-14,25044.0,Electrónica,671286.0,Tarjeta crédito,App móvil,Android,Bogotá,5.0,5,No
,2022-01-09,43755.0,Hogar,139725.0,PSE,Sitio web,iOS,Bogotá,1.0,5,No
TXN-0003082,2022-09-08,50031.0,Moda,36193.0,Tarjeta crédito,Sitio web,iOS,Bogotá,6.0,5,No
TXN-0005350,2023-12-10,44569.0,Deportes,203578.0,Tarjeta crédito,App móvil,Android,Cali,6.0,5,No
TXN-0002101,2024-08-02,,Juguetes,119782.0,Tarjeta crédito,App móvil,Android,Cali,6.0,5,No
TXN-0001902,2023-03-28,44517.0,Mascotas,76352.0,Tarjeta crédito,App móvil,Desktop,Barranquilla,5.0,5,No
,2023-06-01,14830.0,HOGAR,207853.0,Tarjeta crédito,Sitio web,iOS,Medellín,4.0,5,No
TXN-0000840,2024-08-12,21911.0,Alimentos,54339.0,Contraentrega,App móvil,Desktop,Cartagena,4.0,5,No
TXN-0004744,2024-09-03,28389.0,Juguetes,47835.0,Contraentrega,App móvil,Android,Barranquilla,4.0,5,No
TXN-0003603,2024-07-03,54840.0,Electrónica,560381.0,Tarjeta débito,Sitio web,Android,Bogotá,1.0,5,No
TXN-0006069,2022-04-17,,Alimentos,5000.0,Contraentrega,App móvil,Android,Bogotá,8.0,3,No
TXN-0007479,2023-08-17,53073.0,Mascotas,91164.0,Contraentrega,App móvil,iOS,Bogotá,6.0,5,No
TXN-0001920,2023-06-05,50064.0,Hogar,236817.0,Billetera digital,App móvil,iOS,Bogotá,5.0,5,No
TXN-0000229,,52789.0,MODA,97760.0,Billetera digital,Sitio web,iOS,Bogotá,2.0,5,No
TXN-0005008,2024-01-06,,Moda,79182.0,Tarjeta crédito,App móvil,Desktop,BOGOTÁ,3.0,5,No
TXN-0007364,2024-06-25,10976.0,Moda,110655.0,Tarjeta crédito,Sitio web,Android,BARRANQUILLA,2.0,5,No
TXN-0002867,2023-12-18,56388.0,Moda,83361.0,Billetera digital,App móvil,iOS,Bogotá,3.0,5,No
TXN-0004370,2022-03-04,52124.0,Hogar,370300.0,Tarjeta crédito,Sitio web,Android,Bogotá,4.0,5,No
TXN-0007247,2023-01-19,19119.0,Electrónica,330625.0,Tarjeta débito,Sitio web,iOS,Cali,4.0,5,No
TXN-0004913,2024-11-21,17893.0,Tecnología,753920.0,PSE,App móvil,Desktop,Cali,6.0,5,No
TXN-0006175,2023-06-27,36247.0,Alimentos,58124.0,PSE,App móvil,Android,Bogotá,6.0,5,Sí
TXN-0005542,2024-10-01,23496.0,Juguetes,103422.0,Tarjeta crédito,Sitio web,Desktop,Medellín,4.0,5,No
TXN-0005743,2024-04-30,58324.0,Tecnología,580760.0,Tarjeta débito,Sitio web,iOS,Cúcuta,5.0,5,No
TXN-0002146,2023-08-14,25451.0,Moda,136633.0,Tarjeta crédito,Sitio web,iOS,Bogotá,3.0,5,No
TXN-0005147,2024-07-07,28517.0,Electrónica,233951.0,Tarjeta débito,App móvil,iOS,Cali,5.0,5,No
TXN-0001514,2023-11-23,10826.0,Deportes,163924.0,Billetera digital,App móvil,Android,Bogotá,4.0,5,No
TXN-0005875,2024-03-05,42111.0,Tecnología,229031.0,PSE,Sitio web,iOS,Medellín,6.0,5,No
TXN-0000016,2022-01-13,12127.0,Electrónica,606087.0,Tarjeta débito,Sitio web,Android,Bogotá,4.0,5,No
TXN-0004626,2022-03-31,10007.0,TECNOLOGÍA,814789.0,PSE,Sitio web,iOS,Cali,6.0,5,No
TXN-0004122,2023-04-21,21025.0,Electrónica,491618.0,Tarjeta débito,App móvil,iOS,Cali,4.0,5,No
TXN-0006777,2023-09-03,53290.0,Deportes,172996.0,Tarjeta crédito,Sitio web,Android,Manizales,4.0,5,No
TXN-0006995,2023-01-30,45746.0,Alimentos,60332.0,Tarjeta crédito,App móvil,Desktop,Cali,1.0,5,No
TXN-0003763,2024-06-19,49286.0,Moda,23306.0,Contraentrega,App móvil,Android,Cartagena,8.0,3,No
TXN-0005467,,41043.0,Tecnología,769798.0,Tarjeta débito,App móvil,Android,Cúcuta,4.0,5,No
,2023-04-19,42371.0,Electrónica,1018103.0,Tarjeta crédito,App móvil,Desktop,Bogotá,7.0,5,No
TXN-0001391,2024-07-30,40468.0,Moda,33527.0,Tarjeta crédito,App móvil,Desktop,Pereira,1.0,5,No
TXN-0003662,2023-03-29,33567.0,Alimentos,25953.0,Tarjeta crédito,App móvil,Android,Medellín,6.0,5,No
TXN-0005677,2022-10-01,32790.0,Tecnología,961635.0,Tarjeta débito,Sitio web,Desktop,Bogotá,5.0,5,No
TXN-0000129,2022-10-10,55497.0,Moda,209665.0,Tarjeta crédito,App móvil,Android,Cartagena,4.0,5,No
TXN-0006271,2022-11-10,30890.0,JUGUETES,152141.0,PSE,App móvil,iOS,Bogotá,1.0,5,No
TXN-0000719,2024-12-12,16001.0,Juguetes,60030.0,Tarjeta crédito,App móvil,Android,Bucaramanga,8.0,4,No
TXN-0000322,2022-11-25,43399.0,Mascotas,51107.0,Tarjeta débito,Sitio web,Android,Bogotá,4.0,5,No
TXN-0002467,2023-08-16,59971.0,Electrónica,540399.0,Tarjeta débito,App móvil,Desktop,Bogotá,2.0,5,No
TXN-0007529,2022-08-31,51829.0,Hogar,140067.0,Contraentrega,Sitio web,Android,Barranquilla,6.0,5,No
TXN-0002528,2024-04-16,30556.0,Belleza,78996.0,Tarjeta débito,Sitio web,Desktop,Bogotá,6.0,5,No
TXN-0001704,2024-06-09,41274.0,Belleza,88083.0,Tarjeta crédito,Sitio web,,Barranquilla,6.0,5,No
TXN-0007886,2023-08-24,19706.0,Tecnología,514735.0,Tarjeta crédito,Sitio web,iOS,Pereira,2.0,5,No
TXN-0003052,2022-09-25,25995.0,Moda,173585.0,Tarjeta crédito,Sitio web,Desktop,Cali,3.0,5,No
TXN-0002208,2024-11-25,,Libros,64390.0,Tarjeta débito,Sitio web,iOS,Pereira,5.0,5,No
TXN-0006503,2022-05-18,54595.0,Deportes,198786.0,Billetera digital,Sitio web,Android,Ibagué,4.0,5,No
TXN-0004699,2024-10-03,11338.0,Hogar,126583.0,Contraentrega,Sitio web,Android,Cali,9.0,4,No
TXN-0007797,,40778.0,Libros,68574.0,Contraentrega,Sitio web,Android,Ibagué,6.0,5,No
TXN-0003393,2023-01-23,30782.0,Moda,136409.0,PSE,App móvil,iOS,CALI,5.0,5,No
TXN-0002245,2023-12-09,,Belleza,102022.0,Tarjeta débito,App móvil,Android,Medellín,3.0,5,No
TXN-0002655,2022-03-08,16134.0,Alimentos,77313.0,Tarjeta crédito,Sitio web,Android,Medellín,9.0,3,No
TXN-0005082,2023-12-22,23377.0,Electrónica,639845.0,Contraentrega,App móvil,iOS,Cali,3.0,5,No
TXN-0005813,2022-02-03,15962.0,Alimentos,23428.0,Contraentrega,App móvil,Android,Bogotá,4.0,5,No
TXN-0007105,2023-03-26,12973.0,Moda,146372.0,PSE,App móvil,iOS,BOGOTÁ,2.0,5,No
TXN-0001750,2023-07-31,28715.0,Moda,66789.0,Tarjeta crédito,Sitio web,Android,Medellín,6.0,5,No
TXN-0001362,2023-12-24,15450.0,Moda,5000.0,Billetera digital,App móvil,Android,Bogotá,3.0,5,No
TXN-0006303,2023-12-23,43964.0,Mascotas,104837.0,Contraentrega,App móvil,iOS,BOGOTÁ,2.0,5,No
TXN-0003557,2022-07-17,26279.0,Belleza,51225.0,Contraentrega,Sitio web,iOS,Barranquilla,3.0,5,No
TXN-0001404,2022-10-10,22775.0,Deportes,183328.0,Billetera digital,App móvil,Android,Barranquilla,4.0,5,No
TXN-0001438,2022-06-11,21864.0,Belleza,71724.0,Billetera digital,App móvil,Desktop,Medellín,5.0,5,No
TXN-0004797,2024-03-23,42937.0,Hogar,178216.0,Tarjeta crédito,Sitio web,Desktop,Bogotá,4.0,5,No
TXN-0003504,2023-12-29,26985.0,Belleza,66477.0,Contraentrega,App móvil,iOS,Bogotá,3.0,5,No
TXN-0001413,2022-11-21,41564.0,Alimentos,9627.0,Tarjeta débito,Sitio web,Desktop,Bogotá,5.0,5,No
TXN-0002409,2023-02-24,28772.0,Juguetes,91994.0,PSE,Sitio web,Android,Bogotá,5.0,5,No
TXN-0001795,2023-03-19,49134.0,Mascotas,49380.0,Contraentrega,App móvil,Android,Bucaramanga,2.0,5,No
TXN-0003459,2023-04-27,43755.0,Moda,119153.0,Tarjeta crédito,Sitio web,,Medellín,1.0,5,No
TXN-0006476,2023-07-05,48061.0,Deportes,129569.0,Tarjeta débito,App móvil,Android,Cali,3.0,5,No
TXN-0002144,2023-10-04,26031.0,Deportes,155331.0,Tarjeta crédito,App móvil,Android,Ibagué,2.0,5,No
TXN-0004768,2022-11-19,15078.0,Electrónica,416201.0,Tarjeta débito,App móvil,Desktop,Cali,4.0,5,Sí
TXN-0004453,2024-06-28,30593.0,Libros,43831.0,PSE,App móvil,Android,Bogotá,7.0,5,No
TXN-0000124,2023-03-29,12039.0,Moda,160648.0,PSE,App móvil,Android,Bogotá,6.0,5,No
TXN-0006868,2022-02-25,,Deportes,174097.0,PSE,App móvil,,Pereira,6.0,5,No
TXN-0001542,2023-02-01,,Deportes,261292.0,Tarjeta débito,App móvil,Desktop,Bogotá,3.0,5,No
TXN-0000031,2022-08-15,55590.0,Electrónica,849895.0,Billetera digital,App móvil,Android,Medellín,3.0,5,No
TXN-0000935,2024-02-29,34267.0,Tecnología,1017078.0,Billetera digital,App móvil,Android,Manizales,2.0,5,No
TXN-0007973,2024-08-30,49096.0,Tecnología,1030067.0,Tarjeta crédito,App móvil,,Bogotá,1.0,5,No
TXN-0006496,2024-06-05,50505.0,MODA,143342.0,Tarjeta crédito,App móvil,iOS,Manizales,4.0,5,No
TXN-0006901,2024-07-02,55118.0,Moda,101200.0,PSE,Sitio web,iOS,Bogotá,3.0,5,No
TXN-0005363,2024-07-27,21402.0,Libros,9502.0,Contraentrega,App móvil,Android,Pereira,2.0,5,No
TXN-0004924,2024-10-22,55189.0,Deportes,75077.0,Tarjeta crédito,Sitio web,Android,Manizales,6.0,5,No
TXN-0004136,2023-10-14,25688.0,Belleza,60420.0,Contraentrega,App móvil,Android,MEDELLÍN,7.0,5,No
TXN-0005641,2024-12-30,40629.0,Electrónica,625008.0,Billetera digital,Sitio web,iOS,Medellín,4.0,5,No
TXN-0006593,2022-06-17,58410.0,Libros,110007.0,PSE,App móvil,Android,Cartagena,2.0,5,No
,2022-11-22,48764.0,ELECTRÓNICA,29686.0,Tarjeta crédito,Sitio web,,Cali,7.0,5,No
TXN-0001189,2023-09-16,33579.0,Deportes,275363.0,Tarjeta crédito,Sitio web,Android,Cartagena,8.0,4,No
TXN-0007278,2024-01-29,10527.0,Juguetes,128090.0,Tarjeta crédito,App móvil,Android,Medellín,1.0,5,No
TXN-0001627,2024-11-02,24539.0,Juguetes,143757.0,Tarjeta crédito,App móvil,Android,Bucaramanga,4.0,5,No
TXN-0001562,2022-01-30,53915.0,Mascotas,31133.0,Billetera digital,Sitio web,Android,Medellín,3.0,5,No
TXN-0004670,2024-05-28,48118.0,Electrónica,1113891.0,PSE,Sitio web,Android,Bogotá,7.0,5,No
TXN-0004954,2023-05-11,46598.0,Belleza,111085.0,Tarjeta crédito,App móvil,Android,Barranquilla,8.0,4,No
TXN-0002056,2023-08-17,49159.0,Hogar,199024.0,Contraentrega,App móvil,Android,Cali,2.0,5,No
TXN-0001778,2023-08-23,43425.0,Belleza,42584.0,Tarjeta crédito,Sitio web,Android,BOGOTÁ,5.0,5,No
TXN-0001772,2024-04-10,14253.0,Moda,140762.0,Tarjeta débito,Sitio web,Desktop,Medellín,7.0,5,No
TXN-0006548,2024-08-22,43894.0,Juguetes,5000.0,Tarjeta crédito,App móvil,Android,Bogotá,4.0,5,No
TXN-0003547,2023-11-12,,Libros,67294.0,Tarjeta crédito,App móvil,iOS,Pereira,4.0,5,No
TXN-0000039,2022-07-02,28514.0,Moda,79462.0,Tarjeta crédito,App móvil,Android,Cali,3.0,5,No
TXN-0007005,2023-09-12,39618.0,Electrónica,860778.0,PSE,App móvil,Android,Manizales,1.0,5,No
TXN-0004753,2022-04-19,53309.0,Mascotas,81205.0,PSE,App móvil,Android,CALI,3.0,5,No
TXN-0004579,2022-03-20,43866.0,Moda,115127.0,Tarjeta crédito,App móvil,iOS,Bogotá,2.0,5,No
TXN-0003319,2023-07-04,20071.0,Moda,135966.0,PSE,Sitio web,Android,Medellín,6.0,5,No
TXN-0005935,2023-10-28,31716.0,MODA,100824.0,Billetera digital,App móvil,Android,Bucaramanga,3.0,5,No
TXN-0000854,2024-03-24,31527.0,Hogar,247764.0,PSE,App móvil,Desktop,Barranquilla,1.0,5,No
TXN-0000779,2022-04-23,12144.0,Moda,69794.0,Tarjeta crédito,Sitio web,Android,Bogotá,7.0,5,No
TXN-0002238,2024-01-30,49070.0,Moda,153523.0,Billetera digital,App móvil,iOS,Barranquilla,3.0,5,No
TXN-0002104,2022-08-30,30957.0,Alimentos,5000.0,Tarjeta débito,App móvil,Android,Bogotá,2.0,5,No
TXN-0000946,2024-08-04,,Libros,71292.0,Tarjeta crédito,App móvil,iOS,Pereira,6.0,5,No
TXN-0002529,2022-08-23,37304.0,Belleza,82191.0,Tarjeta crédito,App móvil,Android,BARRANQUILLA,3.0,5,No
TXN-0006433,2022-12-16,40757.0,Hogar,170727.0,Tarjeta crédito,App móvil,Android,Cali,4.0,5,No
TXN-0006182,2023-05-24,22119.0,Hogar,135114.0,Billetera digital,Sitio web,Android,Bucaramanga,10.0,4,No
TXN-0001706,2023-06-17,21006.0,Alimentos,22653.0,Tarjeta crédito,Sitio web,Android,Cali,2.0,5,No
TXN-0004068,2024-05-02,36481.0,Electrónica,422081.0,PSE,App móvil,Android,CÚCUTA,2.0,5,No
TXN-0000423,2023-06-05,31342.0,Electrónica,996144.0,PSE,Sitio web,Android,Pereira,3.0,5,No
TXN-0002923,2022-07-27,37720.0,Moda,237383.0,Billetera digital,Sitio web,Android,Bogotá,3.0,5,Sí
TXN-0004008,2022-01-26,36050.0,Libros,40384.0,Tarjeta débito,Sitio web,Android,Cali,7.0,5,No
TXN-0002766,2022-06-17,44824.0,Alimentos,81572.0,Contraentrega,App móvil,Desktop,Bogotá,5.0,5,No
TXN-0005088,2024-01-21,42843.0,Libros,62670.0,Tarjeta débito,Sitio web,iOS,Cali,3.0,5,No
TXN-0004624,2023-05-14,11800.0,Hogar,126774.0,Contraentrega,Sitio web,Android,Bogotá,6.0,5,No
TXN-0003893,2022-01-13,22594.0,Tecnología,1191275.0,PSE,App móvil,Android,Manizales,6.0,5,Sí
,2022-06-12,28979.0,Moda,145458.0,PSE,App móvil,Android,Cartagena,8.0,3,No
TXN-0003101,2024-01-27,22495.0,Juguetes,81224.0,Tarjeta crédito,Sitio web,iOS,Medellín,2.0,5,No
TXN-0000390,2023-01-05,10652.0,HOGAR,167293.0,Tarjeta crédito,App móvil,Android,Bogotá,2.0,5,No
TXN-0001494,2023-10-30,19033.0,Belleza,91115.0,Tarjeta crédito,Sitio web,iOS,Bogotá,5.0,5,No
TXN-0006097,2022-02-16,41283.0,ELECTRÓNICA,674952.0,Tarjeta crédito,App móvil,iOS,Cartagena,6.0,5,No
TXN-0007478,2022-06-21,25682.0,Alimentos,49704.0,Tarjeta débito,App móvil,iOS,Medellín,5.0,5,No
,2022-11-02,10253.0,Hogar,187275.0,Billetera digital,App móvil,Android,Bucaramanga,1.0,5,No
TXN-0004655,2023-12-28,36453.0,Hogar,189597.0,Tarjeta débito,App móvil,Android,Bogotá,4.0,5,No
TXN-0000374,2024-08-16,27827.0,Libros,53595.0,Billetera digital,Sitio web,Android,Bogotá,2.0,5,No
TXN-0007469,2023-11-17,12596.0,Tecnología,1034317.0,Billetera digital,App móvil,Desktop,Medellín,6.0,5,No
,,53768.0,Alimentos,45849.0,Tarjeta débito,Sitio web,Android,Bogotá,7.0,5,No
TXN-0005590,2022-05-21,38044.0,Hogar,207449.0,Billetera digital,Sitio web,Android,Medellín,5.0,5,Sí
TXN-0005684,2022-05-23,50963.0,Electrónica,822053.0,Tarjeta débito,App móvil,Android,Cali,1.0,5,No
TXN-0003894,2022-09-26,24594.0,Mascotas,106737.0,Tarjeta crédito,App móvil,Android,Bucaramanga,5.0,5,No
TXN-0002059,2024-06-09,43428.0,Moda,193540.0,PSE,App móvil,Android,Barranquilla,1.0,5,No
TXN-0000558,2023-12-14,11793.0,Alimentos,44203.0,Contraentrega,App móvil,Android,Barranquilla,3.0,5,No
TXN-0003523,2022-05-22,48488.0,Moda,111946.0,Tarjeta débito,App móvil,Android,Cartagena,4.0,5,No
TXN-0003472,2024-08-31,32750.0,Electrónica,473105.0,Tarjeta crédito,Sitio web,Android,Ibagué,3.0,5,No
TXN-0003922,2022-02-17,51579.0,Tecnología,881359.0,Contraentrega,App móvil,Android,Bucaramanga,2.0,5,No
TXN-0006852,2024-10-31,32578.0,Deportes,241902.0,Tarjeta crédito,Sitio web,Android,Bogotá,8.0,4,No
TXN-0000381,2022-06-22,23610.0,Belleza,32197.0,Tarjeta crédito,Sitio web,Desktop,Cali,7.0,5,No
TXN-0004209,2024-12-07,22646.0,DEPORTES,187376.0,PSE,Sitio web,Android,Bucaramanga,9.0,5,No
TXN-0001880,2024-09-11,14149.0,Belleza,84452.0,Contraentrega,Sitio web,Desktop,Ibagué,3.0,5,No
TXN-0004578,2023-10-20,48546.0,Libros,92994.0,PSE,App móvil,Android,Bucaramanga,4.0,5,No
TXN-0005788,2023-10-19,20785.0,Deportes,161336.0,Tarjeta crédito,Sitio web,Desktop,Cúcuta,4.0,5,No
TXN-0001060,2023-05-23,53276.0,Libros,34905.0,PSE,Sitio web,Android,Bucaramanga,6.0,5,No
TXN-0002555,2024-06-05,35520.0,Mascotas,13390.0,Tarjeta crédito,App móvil,Android,Medellín,4.0,5,No
TXN-0005058,2022-06-18,10546.0,Libros,58233.0,Billetera digital,Sitio web,Android,Bogotá,3.0,5,No
TXN-0003387,2022-07-08,20109.0,Belleza,115286.0,Tarjeta débito,Sitio web,Android,Cartagena,6.0,5,No
,2022-10-04,44851.0,Electrónica,401492.0,Tarjeta débito,App móvil,iOS,Cali,6.0,5,No
TXN-0005637,2022-03-07,,Deportes,290021.0,Contraentrega,App móvil,Android,Barranquilla,4.0,5,No
TXN-0005425,2024-09-16,50589.0,Libros,33170.0,Tarjeta crédito,App móvil,Android,MEDELLÍN,3.0,5,No
TXN-0004878,2023-07-12,43590.0,Juguetes,162944.0,Tarjeta crédito,App móvil,Android,Medellín,6.0,5,No
TXN-0003669,2022-06-15,,Mascotas,92259.0,Billetera digital,App móvil,iOS,Pereira,2.0,5,No
TXN-0002406,2023-10-07,21625.0,Deportes,130346.0,Tarjeta crédito,App móvil,iOS,Bucaramanga,6.0,5,No
TXN-0002621,2023-04-03,38320.0,Electrónica,940298.0,Tarjeta crédito,App móvil,Android,Bogotá,8.0,3,No
TXN-0000565,2023-04-24,27732.0,Juguetes,99069.0,PSE,App móvil,Android,Cali,3.0,5,No
TXN-0004045,2023-05-17,48442.0,Moda,150913.0,Billetera digital,App móvil,Android,Bogotá,6.0,5,No
TXN-0005544,2022-01-24,52859.0,Juguetes,69141.0,Tarjeta crédito,Sitio web,Desktop,Bogotá,5.0,5,No
TXN-0001718,2022-01-07,38185.0,Moda,88812.0,Contraentrega,Sitio web,Android,Pereira,8.0,3,No
TXN-0004425,2022-06-04,46172.0,Electrónica,1150634.0,PSE,App móvil,iOS,Barranquilla,5.0,5,No
TXN-0001987,2022-09-27,19080.0,Moda,190689.0,Contraentrega,App móvil,Android,Bogotá,4.0,5,No
TXN-0004397,2024-09-06,13424.0,Hogar,177268.0,Billetera digital,App móvil,iOS,Manizales,4.0,5,No
TXN-0005066,2024-07-21,12326.0,Libros,21586.0,Tarjeta débito,App móvil,,Cali,2.0,5,No
TXN-0007180,2022-01-13,43929.0,Electrónica,1018732.0,Billetera digital,App móvil,Android,Bogotá,7.0,5,No
TXN-0000030,2024-11-18,47975.0,BELLEZA,107666.0,Tarjeta crédito,App móvil,Android,Medellín,4.0,5,No
TXN-0007950,2023-05-14,11216.0,Hogar,76824.0,Tarjeta débito,Sitio web,Android,Barranquilla,1.0,5,No
TXN-0003868,2022-08-18,39521.0,Mascotas,39734.0,Contraentrega,App móvil,Android,Manizales,2.0,5,No
TXN-0000769,2022-06-08,30653.0,Electrónica,1002010.0,PSE,App móvil,Android,Bogotá,5.0,5,No
TXN-0002152,2023-06-12,12805.0,Moda,85104.0,PSE,App móvil,Desktop,Cali,1.0,5,No
TXN-0004296,2023-02-16,51253.0,Hogar,167704.0,PSE,Sitio web,Android,Bogotá,3.0,5,No
TXN-0002673,2024-02-21,,Alimentos,21863.0,Tarjeta débito,Sitio web,Desktop,BOGOTÁ,3.0,5,No
TXN-0001204,2024-04-10,59824.0,Libros,61193.0,Tarjeta crédito,App móvil,Desktop,Bucaramanga,3.0,5,No
TXN-0001807,2023-06-22,48128.0,Hogar,213368.0,Tarjeta crédito,App móvil,Desktop,Bucaramanga,5.0,5,No
TXN-0001505,2024-12-04,,Libros,65710.0,Tarjeta débito,App móvil,Android,Medellín,7.0,5,No
,2022-10-03,15469.0,Libros,17642.0,Tarjeta crédito,Sitio web,Android,Cali,11.0,3,No
TXN-0005798,2023-11-14,,Moda,58080.0,Contraentrega,Sitio web,Android,Medellín,2.0,5,No
,2024-05-24,25302.0,MODA,146629.0,Tarjeta débito,App móvil,Desktop,Cartagena,3.0,5,No
TXN-0000127,2024-10-22,14208.0,Juguetes,84565.0,Tarjeta crédito,Sitio web,Desktop,Cali,5.0,5,No
TXN-0005470,2023-11-15,25636.0,Belleza,81874.0,Tarjeta crédito,App móvil,iOS,Bogotá,3.0,5,No
TXN-0002561,2024-05-04,51095.0,Alimentos,50900.0,Tarjeta débito,Sitio web,iOS,Bogotá,1.0,5,No
TXN-0007840,2022-09-18,17299.0,Deportes,102039.0,PSE,Sitio web,Desktop,Barranquilla,7.0,5,No
TXN-0001674,2023-01-11,15818.0,JUGUETES,69534.0,Tarjeta crédito,Sitio web,Android,Bogotá,3.0,5,No
TXN-0001232,2023-03-01,28272.0,Mascotas,28165.0,Tarjeta débito,App móvil,Android,Bogotá,4.0,5,No
TXN-0002587,2024-10-14,59446.0,Juguetes,79020.0,Contraentrega,Sitio web,iOS,Medellín,4.0,5,No
TXN-0001359,2022-05-22,37887.0,ELECTRÓNICA,530858.0,Tarjeta crédito,Sitio web,Desktop,Bogotá,1.0,5,No
TXN-0004981,2024-08-21,17437.0,DEPORTES,320088.0,Tarjeta crédito,App móvil,Android,Medellín,4.0,5,No
TXN-0002033,2024-09-05,47792.0,Moda,147131.0,Tarjeta débito,App móvil,iOS,Bogotá,8.0,5,No
TXN-0001444,2024-10-02,32268.0,Libros,27595.0,Tarjeta crédito,Sitio web,Desktop,Ibagué,2.0,5,No
TXN-0006565,2022-10-13,55308.0,Electrónica,5000.0,Tarjeta crédito,App móvil,Android,Medellín,5.0,5,No
TXN-0007145,2022-03-16,28710.0,Mascotas,75660.0,Tarjeta crédito,App móvil,Android,Bogotá,6.0,5,No
TXN-0001625,2024-05-20,56210.0,Hogar,176783.0,Tarjeta crédito,Sitio web,Desktop,Ibagué,6.0,5,No
TXN-0002547,2023-10-04,23378.0,Belleza,64524.0,Tarjeta débito,App móvil,Android,Bogotá,1.0,5,No
TXN-0004197,2023-04-22,49272.0,Electrónica,768930.0,Tarjeta crédito,App móvil,Android,Bogotá,5.0,5,No
TXN-0005019,2022-05-29,40220.0,Moda,218412.0,Tarjeta crédito,App móvil,iOS,Medellín,3.0,5,No
TXN-0001014,2024-02-28,10965.0,Belleza,60016.0,PSE,Sitio web,Android,Ibagué,3.0,5,No
TXN-0004767,2023-06-23,10174.0,Moda,39547.0,Tarjeta crédito,Sitio web,Android,Pereira,1.0,5,No
TXN-0003367,2022-09-16,28442.0,Tecnología,1564503.0,Tarjeta crédito,Sitio web,Desktop,Cartagena,2.0,5,No
TXN-0003252,2023-03-11,17968.0,Alimentos,52658.0,PSE,App móvil,Desktop,Cali,6.0,5,No
TXN-0007354,2024-07-12,10252.0,Deportes,193223.0,PSE,App móvil,iOS,Bogotá,1.0,5,No
TXN-0005539,2024-08-08,46079.0,MASCOTAS,109205.0,PSE,App móvil,iOS,Cali,6.0,5,No
TXN-0002548,2023-04-01,54157.0,Electrónica,285546.0,Tarjeta crédito,Sitio web,Android,Bogotá,4.0,5,No
TXN-0002276,2024-09-04,41975.0,Electrónica,566658.0,Tarjeta débito,App móvil,iOS,Bucaramanga,5.0,5,No
TXN-0004986,2024-10-16,33669.0,ALIMENTOS,70128.0,Tarjeta crédito,Sitio web,Desktop,Cartagena,8.0,3,No
TXN-0001724,2024-01-15,36620.0,Belleza,98492.0,Tarjeta débito,Sitio web,iOS,Barranquilla,3.0,5,No
TXN-0007784,2024-05-19,,Moda,63511.0,Tarjeta crédito,App móvil,Android,Cali,4.0,5,No
TXN-0000419,2022-12-19,52672.0,Deportes,52721.0,Tarjeta débito,App móvil,Android,Bogotá,5.0,5,No
TXN-0007929,2023-03-11,27230.0,Hogar,145007.0,Tarjeta débito,App móvil,iOS,Cali,8.0,3,No
TXN-0002823,2022-06-20,13973.0,Deportes,188544.0,Tarjeta crédito,Sitio web,Android,Cali,5.0,5,No
TXN-0007181,2023-12-27,12158.0,Deportes,102719.0,Billetera digital,App móvil,Android,Medellín,3.0,5,No
TXN-0005519,2024-12-22,14852.0,Moda,171236.0,Tarjeta crédito,Sitio web,iOS,Bogotá,3.0,5,No
TXN-0000916,2022-07-12,10635.0,Moda,142278.0,Tarjeta débito,App móvil,iOS,Cali,3.0,5,No
TXN-0001010,2023-08-10,39214.0,Libros,61476.0,PSE,App móvil,,Cali,5.0,5,No
,2022-08-25,27797.0,Hogar,125424.0,Contraentrega,App móvil,Desktop,Cartagena,7.0,5,No
,2022-08-19,40134.0,Libros,59056.0,Billetera digital,App móvil,Desktop,Manizales,6.0,5,No
TXN-0007073,2023-01-26,13136.0,Moda,5000.0,Tarjeta crédito,Sitio web,Desktop,Cartagena,3.0,5,No
TXN-0006122,2023-04-04,,Hogar,91764.0,PSE,Sitio web,iOS,Medellín,6.0,5,No
TXN-0006609,2024-02-17,36325.0,Hogar,104699.0,Tarjeta crédito,Sitio web,Android,Bogotá,4.0,5,No
TXN-0004090,2022-09-29,55998.0,Mascotas,27488.0,Contraentrega,App móvil,iOS,Cali,3.0,5,No
TXN-0007427,,34353.0,Alimentos,75828.0,PSE,Sitio web,iOS,Ibagué,6.0,5,No
TXN-0007610,2024-04-19,15461.0,Deportes,140390.0,Tarjeta crédito,Sitio web,Android,Bogotá,4.0,5,No
TXN-0007976,2023-04-01,30581.0,Hogar,38092.0,Tarjeta débito,App móvil,iOS,Bogotá,4.0,5,No
TXN-0005593,2024-08-11,57706.0,Alimentos,76610.0,Tarjeta crédito,Sitio web,iOS,Pereira,8.0,5,No
TXN-0003159,2024-09-23,23132.0,Hogar,147501.0,Tarjeta débito,App móvil,Android,Bucaramanga,7.0,5,No
TXN-0006981,2024-07-04,14129.0,Moda,74569.0,Tarjeta crédito,App móvil,iOS,Cali,2.0,5,No
TXN-0001527,2024-09-28,16441.0,Belleza,80348.0,Contraentrega,Sitio web,Android,Bogotá,5.0,5,No
TXN-0003352,2023-04-13,16914.0,Moda,82698.0,PSE,Sitio web,Android,Barranquilla,6.0,5,No
TXN-0005450,2022-12-10,14419.0,Belleza,108432.0,Billetera digital,App móvil,Android,Medellín,2.0,5,No
TXN-0000171,2024-11-13,19042.0,Belleza,113163.0,Tarjeta crédito,Sitio web,Android,Medellín,6.0,5,No
TXN-0004074,2024-02-25,12023.0,Electrónica,278366.0,Contraentrega,Sitio web,,Bogotá,1.0,5,No
TXN-0001213,2024-05-05,49049.0,Tecnología,806605.0,PSE,Sitio web,Android,Cali,6.0,5,No
TXN-0002012,2022-09-25,32273.0,Electrónica,521258.0,PSE,App móvil,iOS,Bogotá,7.0,5,Sí
TXN-0003435,2024-01-18,26650.0,Electrónica,934960.0,Contraentrega,Sitio web,Desktop,MEDELLÍN,7.0,5,No
TXN-0005685,2022-05-28,10929.0,Juguetes,168053.0,Billetera digital,Sitio web,Desktop,Ibagué,4.0,5,No
TXN-0002118,2024-02-28,32987.0,Electrónica,531330.0,Contraentrega,Sitio web,iOS,Pereira,3.0,5,No
TXN-0004834,2023-11-24,34671.0,Moda,128422.0,Tarjeta crédito,App móvil,iOS,Bogotá,1.0,5,No
TXN-0003360,2024-02-03,26711.0,Moda,209977.0,Tarjeta débito,Sitio web,Desktop,Bucaramanga,4.0,5,No
TXN-0000949,2023-12-22,11907.0,Belleza,152471.0,PSE,Sitio web,Desktop,Medellín,2.0,5,No
TXN-0005966,2024-02-15,26428.0,Alimentos,65004.0,Tarjeta débito,App móvil,Android,Cali,4.0,5,No
TXN-0002813,2024-11-24,44973.0,Belleza,71831.0,Billetera digital,App móvil,Android,Bucaramanga,6.0,5,No
TXN-0005487,2022-11-10,36133.0,Alimentos,60032.0,Tarjeta débito,App móvil,Desktop,Cúcuta,4.0,5,No
TXN-0006913,2023-04-04,36414.0,Juguetes,84623.0,Tarjeta crédito,App móvil,iOS,Bogotá,6.0,5,No
TXN-0006571,2023-12-30,18053.0,Juguetes,109888.0,Billetera digital,App móvil,Android,Cali,2.0,5,No
TXN-0001729,2022-11-01,35022.0,Alimentos,24669.0,PSE,Sitio web,Desktop,Cartagena,4.0,5,No
TXN-0003567,2022-10-01,33616.0,Alimentos,67453.0,Billetera digital,App móvil,Desktop,Bogotá,4.0,5,No
TXN-0002878,2024-11-01,,Deportes,180210.0,Tarjeta crédito,App móvil,Android,Pereira,8.0,3,No
TXN-0003005,2022-02-24,46655.0,Alimentos,34229.0,Tarjeta crédito,Sitio web,Android,Barranquilla,1.0,5,No
TXN-0000741,2024-03-10,47775.0,Hogar,273084.0,Tarjeta débito,App móvil,Android,Medellín,5.0,5,No
TXN-0002079,2022-05-21,33550.0,Deportes,185966.0,Contraentrega,App móvil,Android,Bogotá,4.0,5,No
TXN-0006309,2022-12-09,57675.0,MODA,99043.0,Tarjeta crédito,App móvil,Android,Cúcuta,5.0,5,No
TXN-0007052,2023-03-03,47448.0,Deportes,157460.0,Tarjeta crédito,Sitio web,Android,Bogotá,4.0,5,No
TXN-0004244,2023-07-17,48881.0,ELECTRÓNICA,1250756.0,Billetera digital,Sitio web,Android,Manizales,5.0,5,No
TXN-0007495,2023-06-13,42336.0,Hogar,292248.0,Tarjeta crédito,App móvil,Android,Cartagena,7.0,5,No
TXN-0003867,2023-04-22,10146.0,Hogar,184822.0,Contraentrega,Sitio web,Android,Manizales,9.0,4,No
TXN-0001162,2023-04-10,31934.0,Tecnología,699905.0,Tarjeta débito,App móvil,iOS,Cartagena,4.0,5,No
TXN-0003237,2024-05-06,46626.0,Mascotas,89104.0,PSE,App móvil,Android,Bogotá,4.0,5,No
TXN-0004596,2024-07-10,49019.0,MASCOTAS,99017.0,Contraentrega,App móvil,Desktop,Barranquilla,4.0,5,No
TXN-0003361,2023-05-26,43322.0,Alimentos,38780.0,PSE,Sitio web,iOS,Bogotá,6.0,5,No
TXN-0002825,2023-01-28,36255.0,Hogar,176130.0,Tarjeta débito,App móvil,iOS,Medellín,6.0,5,No
TXN-0005506,2023-06-26,,Hogar,155991.0,PSE,App móvil,Android,Pereira,2.0,5,No
TXN-0005114,2022-07-16,48841.0,Electrónica,540078.0,Tarjeta débito,App móvil,Android,Cali,3.0,5,No
TXN-0000309,2023-06-19,27707.0,Electrónica,414164.0,Billetera digital,Sitio web,Desktop,Medellín,5.0,5,No
TXN-0006850,2023-11-12,30642.0,Juguetes,90166.0,Tarjeta débito,Sitio web,Android,Bogotá,4.0,5,No
TXN-0002243,2022-11-29,49159.0,ELECTRÓNICA,1008986.0,Tarjeta crédito,App móvil,iOS,Bucaramanga,3.0,5,No
TXN-0007141,2023-10-31,17525.0,Tecnología,528611.0,Tarjeta crédito,App móvil,Android,Pereira,2.0,5,No
TXN-0003696,2024-05-24,47422.0,Electrónica,657924.0,Tarjeta crédito,Sitio web,Android,Medellín,6.0,5,No
TXN-0003959,2022-11-15,46093.0,Moda,113967.0,Tarjeta débito,App móvil,Android,Cali,3.0,5,No
TXN-0004449,2023-02-17,21817.0,Moda,109197.0,Tarjeta crédito,App móvil,Android,Cali,5.0,5,No
TXN-0002725,2023-03-10,30176.0,Deportes,236785.0,Tarjeta crédito,App móvil,Android,Bogotá,2.0,5,Sí
TXN-0001387,2023-11-23,31813.0,Moda,55171.0,PSE,Sitio web,Desktop,Bucaramanga,1.0,5,No
TXN-0007688,,22781.0,Electrónica,549225.0,Tarjeta crédito,Sitio web,Android,MEDELLÍN,5.0,5,No
TXN-0004076,2022-01-03,24331.0,Libros,83569.0,Tarjeta crédito,App móvil,Android,Barranquilla,4.0,5,No
TXN-0004973,2024-11-25,55220.0,BELLEZA,80578.0,PSE,App móvil,iOS,Bogotá,3.0,5,No
TXN-0007155,2023-01-19,26989.0,Electrónica,432131.0,PSE,Sitio web,Android,Medellín,4.0,5,No
TXN-0004239,,23985.0,Juguetes,91640.0,Tarjeta débito,Sitio web,Android,Cali,2.0,5,No
TXN-0002464,2022-10-22,15635.0,Tecnología,1884097.0,Tarjeta crédito,Sitio web,Android,Pereira,4.0,5,No
TXN-0004226,2024-09-25,25366.0,Tecnología,636288.0,Contraentrega,App móvil,Android,Bucaramanga,4.0,5,No
TXN-0000972,2022-12-10,29687.0,Moda,106632.0,PSE,App móvil,Desktop,Bogotá,5.0,5,No
TXN-0004676,2023-04-21,19769.0,Libros,55192.0,Tarjeta crédito,Sitio web,iOS,Bucaramanga,7.0,5,No
TXN-0005880,2024-05-17,11530.0,JUGUETES,61097.0,Tarjeta crédito,Sitio web,Desktop,Pereira,3.0,5,No
TXN-0007871,2023-09-20,18335.0,Electrónica,403494.0,Tarjeta crédito,App móvil,iOS,Cali,6.0,5,No
,2023-05-19,15077.0,Alimentos,51633.0,PSE,App móvil,iOS,Medellín,6.0,5,No
TXN-0003301,2022-02-04,38778.0,Electrónica,813943.0,Tarjeta crédito,Sitio web,Android,Bogotá,1.0,5,No
TXN-0003483,2023-04-26,53768.0,Moda,112969.0,PSE,App móvil,Desktop,Barranquilla,1.0,5,No
TXN-0005466,2024-02-04,52166.0,Belleza,90465.0,Tarjeta crédito,App móvil,iOS,Barranquilla,1.0,5,No
TXN-0004851,2023-06-09,46024.0,Moda,176588.0,Tarjeta crédito,App móvil,Android,BOGOTÁ,2.0,5,No
TXN-0001241,2024-08-25,53966.0,Hogar,206272.0,Tarjeta crédito,App móvil,Android,Bogotá,4.0,5,No
TXN-0005461,2023-11-24,39116.0,Electrónica,263406.0,Contraentrega,Sitio web,Android,Bogotá,1.0,5,No
TXN-0007927,2023-03-31,56820.0,Hogar,122171.0,Contraentrega,App móvil,iOS,Bogotá,4.0,5,No
TXN-0003169,2023-07-01,13289.0,Belleza,42814.0,PSE,App móvil,Android,Bucaramanga,7.0,5,No
TXN-0004313,2022-05-13,26094.0,Alimentos,33733.0,Tarjeta crédito,App móvil,iOS,Cali,1.0,5,No
TXN-0006891,2023-02-24,17126.0,Juguetes,89753.0,PSE,App móvil,Android,Bogotá,4.0,5,No
TXN-0001657,2022-05-06,48218.0,Moda,95955.0,Billetera digital,Sitio web,Android,Bucaramanga,3.0,5,No
TXN-0007071,2023-03-11,52503.0,Hogar,251593.0,PSE,App móvil,Android,Bucaramanga,2.0,5,No
TXN-0007859,2023-04-01,35531.0,Juguetes,93413.0,Tarjeta débito,App móvil,Android,Bogotá,4.0,5,No
TXN-0001293,2022-11-21,31186.0,Tecnología,966851.0,Tarjeta crédito,Sitio web,iOS,Cali,7.0,5,No
TXN-0003273,2023-01-24,47046.0,HOGAR,96827.0,Tarjeta débito,App móvil,Desktop,Bogotá,1.0,5,No
TXN-0001054,2022-02-24,56018.0,Juguetes,116895.0,Contraentrega,Sitio web,Android,Bogotá,9.0,4,No
TXN-0007796,2022-02-13,54206.0,Hogar,168019.0,Tarjeta crédito,Sitio web,iOS,Bogotá,5.0,5,No
TXN-0001140,2022-08-04,57564.0,Electrónica,843127.0,Contraentrega,App móvil,Desktop,Medellín,9.0,5,No
TXN-0001602,2022-06-03,31432.0,Mascotas,27266.0,Tarjeta crédito,Sitio web,Android,Cúcuta,4.0,5,No
TXN-0004597,2022-06-13,15920.0,Moda,78503.0,PSE,App móvil,Android,Barranquilla,5.0,5,No
TXN-0003032,2022-05-05,34523.0,BELLEZA,79635.0,Tarjeta crédito,App móvil,Android,Ibagué,5.0,5,No
TXN-0000671,2022-03-30,13274.0,Juguetes,110033.0,Tarjeta crédito,App móvil,Android,Cali,4.0,5,No
TXN-0001637,2022-12-11,13098.0,Hogar,57715.0,Tarjeta crédito,App móvil,Android,Bogotá,5.0,5,Sí
TXN-0001554,2024-06-11,,Belleza,66800.0,Contraentrega,Sitio web,Android,Pereira,5.0,5,No
TXN-0007555,2023-09-14,45246.0,Electrónica,409710.0,Billetera digital,Sitio web,iOS,Bogotá,2.0,5,No
TXN-0001145,2023-07-19,34736.0,Moda,155132.0,Contraentrega,Sitio web,iOS,Medellín,6.0,5,No
TXN-0007995,2022-08-25,22067.0,Alimentos,33911.0,Tarjeta débito,Sitio web,Android,Pereira,1.0,5,No
TXN-0002511,2023-10-20,44404.0,Electrónica,409193.0,Tarjeta crédito,Sitio web,Android,Medellín,6.0,5,No
TXN-0005511,2023-08-06,21044.0,Electrónica,418335.0,Contraentrega,App móvil,Desktop,Bogotá,5.0,5,No
TXN-0004783,2022-02-11,,Electrónica,607881.0,Contraentrega,Sitio web,Android,Cúcuta,7.0,5,No
TXN-0006554,2022-08-23,36715.0,Tecnología,899888.0,PSE,Sitio web,Android,Cali,5.0,5,No
TXN-0003029,2022-04-25,50930.0,Juguetes,106847.0,PSE,App móvil,Android,Barranquilla,4.0,5,No
TXN-0000688,2022-01-16,50002.0,Deportes,144784.0,Contraentrega,App móvil,Desktop,Ibagué,2.0,5,No
TXN-0000823,2024-06-21,47292.0,Hogar,178846.0,PSE,App móvil,Android,Medellín,4.0,5,No
TXN-0000550,2022-09-27,28680.0,Juguetes,99743.0,Tarjeta crédito,Sitio web,Android,Bogotá,5.0,5,No
TXN-0007635,2023-03-29,46837.0,Electrónica,559196.0,Tarjeta débito,App móvil,iOS,Cali,6.0,5,No
TXN-0004206,2023-10-02,48597.0,Deportes,187783.0,Tarjeta débito,App móvil,Android,Cúcuta,5.0,5,No
TXN-0002050,2023-04-25,44376.0,Belleza,54489.0,PSE,App móvil,,Barranquilla,2.0,5,No
TXN-0000900,2023-11-06,31527.0,Libros,43515.0,Billetera digital,App móvil,Desktop,Cúcuta,4.0,5,No
TXN-0004884,2022-09-28,39418.0,Electrónica,732146.0,PSE,Sitio web,Android,Cali,5.0,5,No
TXN-0006314,2023-03-04,22139.0,Alimentos,15453.0,PSE,App móvil,Desktop,Cali,4.0,5,No
TXN-0007497,2024-06-13,46872.0,Hogar,194236.0,Tarjeta crédito,Sitio web,Android,Cali,6.0,5,No
TXN-0003634,2024-09-27,19917.0,Electrónica,276699.0,Contraentrega,App móvil,Android,Barranquilla,4.0,5,No
TXN-0004119,2023-11-26,37089.0,Deportes,128415.0,Tarjeta débito,App móvil,iOS,Ibagué,5.0,5,No
TXN-0007033,2023-04-02,28914.0,Tecnología,741694.0,Tarjeta crédito,Sitio web,iOS,Cali,6.0,5,No
TXN-0002935,2024-10-06,46498.0,Juguetes,62360.0,PSE,Sitio web,Desktop,Bogotá,4.0,5,No
TXN-0001808,2023-07-17,10162.0,Belleza,80043.0,Tarjeta crédito,Sitio web,Android,Pereira,2.0,5,No
TXN-0003221,2024-06-15,24700.0,Moda,121531.0,Tarjeta crédito,App móvil,iOS,Medellín,3.0,5,No
TXN-0000102,2023-01-30,30194.0,Libros,102256.0,Billetera digital,App móvil,Desktop,Bogotá,7.0,5,No
TXN-0004900,2023-11-16,21091.0,Electrónica,960114.0,Tarjeta crédito,App móvil,iOS,Pereira,4.0,5,No
TXN-0000362,2023-03-10,24512.0,Belleza,45280.0,Billetera digital,Sitio web,Android,Barranquilla,5.0,5,No
TXN-0004882,2023-04-13,36903.0,Libros,91867.0,Contraentrega,App móvil,Android,Ibagué,4.0,5,No
TXN-0002706,2023-04-05,17754.0,MASCOTAS,59107.0,Tarjeta crédito,Sitio web,Android,Ibagué,4.0,5,No
TXN-0003440,2024-06-10,23078.0,Moda,44187.0,PSE,Sitio web,iOS,Barranquilla,4.0,5,No
TXN-0001268,2024-11-20,32785.0,BELLEZA,70470.0,Tarjeta débito,App móvil,iOS,Bogotá,1.0,5,No
,2024-11-27,53092.0,Hogar,252534.0,Billetera digital,App móvil,Android,Bogotá,3.0,5,No
,2023-10-04,11187.0,Alimentos,59856.0,PSE,App móvil,Desktop,Cali,3.0,5,No
,2024-06-01,39287.0,Electrónica,373076.0,Tarjeta débito,App móvil,iOS,CÚCUTA,6.0,5,No
TXN-0002694,2023-10-23,17260.0,Hogar,131134.0,Tarjeta débito,Sitio web,Android,Pereira,4.0,5,No
TXN-0006364,2024-03-28,32558.0,Alimentos,40949.0,Tarjeta crédito,Sitio web,Android,Medellín,3.0,5,No
TXN-0007564,2024-07-05,19446.0,Hogar,104494.0,Contraentrega,App móvil,iOS,Medellín,5.0,5,No
TXN-0004736,2023-05-12,10361.0,Moda,222404.0,PSE,App móvil,Android,Pereira,2.0,5,No
TXN-0004794,2024-12-04,41148.0,Deportes,253938.0,PSE,Sitio web,Desktop,Bucaramanga,3.0,5,No
TXN-0005016,2024-02-18,59219.0,Belleza,34580.0,Tarjeta crédito,App móvil,Desktop,Bogotá,7.0,5,No
TXN-0002952,2024-01-25,48920.0,Hogar,198500.0,Tarjeta crédito,Sitio web,iOS,Barranquilla,3.0,5,No
TXN-0000993,2023-05-25,54971.0,Alimentos,52028.0,PSE,App móvil,iOS,Bogotá,3.0,5,No
TXN-0007121,2022-07-08,49606.0,Deportes,136382.0,Contraentrega,App móvil,Android,Bogotá,5.0,5,No
TXN-0005098,2023-06-24,11572.0,Mascotas,59839.0,Billetera digital,Sitio web,Desktop,Bogotá,2.0,5,No
TXN-0007227,2022-09-02,13363.0,Juguetes,45759.0,Tarjeta crédito,App móvil,Desktop,Cúcuta,8.0,4,No
TXN-0005293,2024-09-09,38325.0,Deportes,123639.0,Tarjeta débito,App móvil,Android,Cartagena,2.0,5,No
TXN-0002383,2024-08-05,32192.0,MASCOTAS,87481.0,Tarjeta crédito,App móvil,Android,Barranquilla,3.0,5,No
TXN-0007656,2024-08-08,40886.0,JUGUETES,121508.0,Contraentrega,Sitio web,Desktop,Bucaramanga,2.0,5,No
TXN-0004476,2024-12-08,14399.0,Electrónica,485122.0,Tarjeta débito,Sitio web,iOS,Cali,2.0,5,No
TXN-0003092,2023-09-04,28961.0,Hogar,201748.0,Tarjeta débito,App móvil,Desktop,PEREIRA,5.0,5,No
TXN-0006286,2022-09-30,30304.0,Alimentos,52166.0,Tarjeta crédito,Sitio web,Android,Bogotá,7.0,5,No
TXN-0007458,2023-02-16,37717.0,Moda,103559.0,PSE,App móvil,iOS,Medellín,5.0,5,No
TXN-0005262,2022-06-10,14177.0,Moda,79772.0,Contraentrega,Sitio web,Desktop,Cúcuta,2.0,5,No
TXN-0005316,2024-10-12,50212.0,Electrónica,578136.0,Tarjeta débito,Sitio web,Android,Cartagena,3.0,5,No
TXN-0005501,2024-12-09,24851.0,Moda,109760.0,Tarjeta crédito,App móvil,iOS,Bucaramanga,5.0,5,Sí
,2022-09-13,30792.0,Alimentos,59047.0,Billetera digital,Sitio web,Android,Barranquilla,6.0,5,No
TXN-0001348,2023-07-29,33673.0,Juguetes,127924.0,Tarjeta crédito,App móvil,iOS,Medellín,4.0,5,No
TXN-0004571,2022-06-11,,Belleza,27641.0,Tarjeta débito,App móvil,iOS,Bogotá,4.0,5,No
TXN-0003690,,14351.0,Deportes,183671.0,Tarjeta crédito,Sitio web,Desktop,Cali,5.0,5,No
TXN-0005112,2023-04-03,,MODA,203353.0,Tarjeta crédito,Sitio web,Android,Ibagué,4.0,5,No
TXN-0006633,2024-11-28,24515.0,Tecnología,892472.0,Tarjeta débito,Sitio web,Android,Bogotá,4.0,5,No
TXN-0007154,2022-08-18,38022.0,Alimentos,67366.0,Tarjeta débito,App móvil,,Ibagué,5.0,5,No
TXN-0006595,2024-05-26,18466.0,Hogar,145755.0,Tarjeta crédito,Sitio web,,Bogotá,5.0,5,No
TXN-0007892,2024-08-13,56391.0,Alimentos,33525.0,PSE,Sitio web,iOS,Bogotá,4.0,5,No
TXN-0004292,2024-10-31,22122.0,Moda,103942.0,PSE,Sitio web,iOS,Cartagena,4.0,5,No
TXN-0000007,2023-10-07,20897.0,Electrónica,835560.0,Tarjeta débito,Sitio web,iOS,Manizales,2.0,5,No
TXN-0004977,2024-04-13,12937.0,Electrónica,566166.0,PSE,App móvil,iOS,Medellín,4.0,5,Sí
TXN-0002091,2022-08-19,21045.0,Hogar,133233.0,PSE,App móvil,Desktop,Cali,4.0,5,No
TXN-0001740,2022-05-05,51871.0,Alimentos,9390.0,Tarjeta crédito,Sitio web,Android,Cali,5.0,5,No
TXN-0007849,2024-09-10,14482.0,Deportes,146366.0,Tarjeta débito,App móvil,Android,MEDELLÍN,5.0,5,No
TXN-0003561,2022-03-18,27656.0,Mascotas,55625.0,Tarjeta crédito,Sitio web,Android,CARTAGENA,6.0,5,No
,2023-02-10,35571.0,Belleza,86915.0,Tarjeta débito,App móvil,Android,Cali,1.0,5,No
TXN-0003227,2024-02-03,56132.0,Mascotas,32916.0,Contraentrega,App móvil,Desktop,Barranquilla,6.0,5,No
TXN-0000491,2022-10-07,57330.0,Hogar,185778.0,PSE,Sitio web,iOS,Barranquilla,4.0,5,No
TXN-0002042,2023-05-26,45786.0,Belleza,99174.0,Tarjeta crédito,App móvil,Android,Cali,5.0,5,No
TXN-0004583,2024-02-18,14756.0,Electrónica,1596268.0,Contraentrega,App móvil,Android,Cali,1.0,5,Sí
TXN-0002124,2024-07-28,23694.0,Belleza,86909.0,Tarjeta débito,App móvil,Android,Manizales,3.0,5,No
TXN-0000414,2024-09-09,45077.0,Alimentos,51560.0,PSE,App móvil,Android,Medellín,5.0,5,Sí
TXN-0007591,2023-08-14,16926.0,Electrónica,1109926.0,Contraentrega,Sitio web,iOS,Bucaramanga,1.0,5,Sí
TXN-0001239,2023-04-22,34796.0,Alimentos,61795.0,Contraentrega,App móvil,iOS,Cali,3.0,5,No
TXN-0007407,2022-03-28,42865.0,Electrónica,752831.0,Tarjeta débito,Sitio web,Android,Ibagué,4.0,5,No
TXN-0006587,2023-03-05,42364.0,Electrónica,796290.0,Contraentrega,Sitio web,Android,Bogotá,3.0,5,No
TXN-0002009,2023-07-03,14563.0,HOGAR,265252.0,Tarjeta crédito,Sitio web,,Manizales,6.0,5,No
TXN-0003988,2022-06-12,20214.0,Moda,169074.0,Tarjeta crédito,App móvil,Desktop,Bogotá,4.0,5,No
TXN-0006392,2023-12-16,55918.0,Deportes,86440.0,Tarjeta débito,App móvil,Android,Cali,5.0,5,No
TXN-0006051,2023-02-07,33644.0,Moda,122007.0,Tarjeta crédito,App móvil,iOS,Medellín,7.0,5,Sí
TXN-0002633,2023-04-02,20432.0,Hogar,340828.0,Tarjeta crédito,App móvil,,Cali,5.0,5,No
TXN-0004805,2022-01-22,19474.0,Mascotas,92857.0,Tarjeta crédito,Sitio web,Desktop,Cartagena,5.0,5,No
TXN-0002214,2024-03-31,57178.0,Alimentos,32356.0,Tarjeta débito,App móvil,Android,Barranquilla,3.0,5,No
TXN-0002440,2024-02-13,35966.0,Hogar,222283.0,Tarjeta débito,Sitio web,Android,Cali,3.0,5,No
TXN-0003541,2022-03-22,44577.0,Electrónica,385598.0,Billetera digital,Sitio web,Desktop,Bogotá,6.0,5,No
TXN-0004412,2024-03-01,16014.0,Juguetes,79700.0,PSE,App móvil,iOS,Ibagué,6.0,5,No
TXN-0005757,2023-04-29,36412.0,Moda,107830.0,Contraentrega,Sitio web,iOS,Barranquilla,5.0,5,No
TXN-0007955,2022-03-15,17483.0,Hogar,160915.0,Tarjeta débito,App móvil,Android,Bogotá,2.0,5,No
TXN-0007734,2022-03-28,52046.0,Libros,89251.0,Tarjeta crédito,App móvil,Desktop,Medellín,4.0,5,No
TXN-0003492,2023-03-28,57307.0,Hogar,200041.0,Contraentrega,App móvil,Android,Bogotá,5.0,5,No
TXN-0005210,2023-02-19,27424.0,Moda,115363.0,Tarjeta débito,Sitio web,Android,Cali,3.0,5,No
TXN-0002803,2024-09-27,42670.0,Deportes,151294.0,Tarjeta crédito,App móvil,iOS,Cali,4.0,5,No
TXN-0004343,2023-11-27,24792.0,Moda,77080.0,Tarjeta crédito,Sitio web,Android,Bucaramanga,2.0,5,No
TXN-0003551,2023-04-04,48614.0,Deportes,70890.0,Tarjeta crédito,App móvil,iOS,Bogotá,4.0,5,No
TXN-0005631,2022-07-12,34332.0,Electrónica,450061.0,Tarjeta crédito,App móvil,Android,Barranquilla,5.0,5,No
TXN-0001921,2023-12-24,17343.0,Hogar,273388.0,Tarjeta crédito,App móvil,Android,Medellín,5.0,5,No
TXN-0000819,2024-07-30,33820.0,Juguetes,182479.0,Billetera digital,Sitio web,Desktop,Bucaramanga,9.0,3,Sí
,,29711.0,Juguetes,50932.0,Tarjeta débito,App móvil,Desktop,Cúcuta,1.0,5,No
TXN-0000149,2023-04-07,58065.0,Belleza,78119.0,PSE,App móvil,Android,Bucaramanga,1.0,5,No
TXN-0000853,,37871.0,Moda,102807.0,Contraentrega,Sitio web,Android,Barranquilla,5.0,5,No
TXN-0002826,2023-12-23,24715.0,DEPORTES,230067.0,Tarjeta crédito,App móvil,Desktop,Pereira,4.0,5,No
TXN-0002830,2024-11-19,28427.0,Belleza,115523.0,Tarjeta crédito,Sitio web,,Bogotá,6.0,5,No
,2023-05-15,58764.0,Mascotas,104952.0,Tarjeta crédito,Sitio web,Android,Barranquilla,5.0,5,No
TXN-0005085,2023-04-09,30217.0,Moda,139019.0,PSE,App móvil,iOS,Cali,3.0,5,Sí
TXN-0004134,2024-07-23,38452.0,Moda,147543.0,Tarjeta crédito,Sitio web,iOS,Medellín,3.0,5,No
TXN-0006899,2022-04-10,52923.0,Moda,103902.0,PSE,App móvil,Android,Barranquilla,6.0,5,No
TXN-0003391,2024-06-10,48720.0,Deportes,149561.0,PSE,App móvil,Android,Cali,5.0,5,No
TXN-0007836,2023-12-01,50964.0,Libros,61901.0,Tarjeta crédito,App móvil,Android,Bogotá,8.0,5,No
TXN-0000338,2022-03-18,12434.0,Belleza,76987.0,Tarjeta crédito,Sitio web,iOS,Pereira,5.0,5,No
TXN-0000911,2023-09-10,39246.0,Tecnología,708694.0,Tarjeta crédito,Sitio web,Android,Bucaramanga,3.0,5,No
TXN-0000579,2024-01-26,58256.0,Electrónica,919760.0,Tarjeta crédito,App móvil,Android,Cartagena,5.0,5,No
TXN-0003579,2023-05-13,35513.0,Hogar,198353.0,Tarjeta crédito,App móvil,Desktop,Bogotá,7.0,5,No
TXN-0001200,2022-01-01,31435.0,Moda,87075.0,PSE,App móvil,Android,Medellín,7.0,5,No
TXN-0002872,2023-11-12,42783.0,Belleza,50017.0,Tarjeta crédito,App móvil,iOS,Cali,5.0,5,No
TXN-0002176,2022-01-31,23820.0,Belleza,110973.0,PSE,Sitio web,iOS,IBAGUÉ,6.0,5,No
TXN-0005302,2024-06-23,15585.0,Moda,172145.0,Tarjeta débito,App móvil,Android,Bogotá,3.0,5,No
TXN-0005342,2023-02-13,37583.0,Mascotas,48910.0,Tarjeta crédito,App móvil,Android,Bogotá,4.0,5,No
TXN-0000082,2022-01-13,43607.0,Tecnología,99593.0,Tarjeta crédito,App móvil,Android,Bucaramanga,1.0,5,No
TXN-0007911,2023-03-16,56747.0,Moda,73425.0,Contraentrega,App móvil,Android,Cúcuta,5.0,5,No
,2023-03-09,,Mascotas,71799.0,PSE,App móvil,Android,MEDELLÍN,3.0,5,No
TXN-0000371,2022-08-10,22139.0,Belleza,54714.0,Tarjeta crédito,App móvil,Android,Bucaramanga,5.0,5,No
TXN-0007803,2022-09-16,28657.0,Hogar,280962.0,PSE,App móvil,Android,Medellín,4.0,5,No
,2024-01-09,58165.0,Libros,96900.0,Tarjeta crédito,App móvil,iOS,Medellín,3.0,5,No
TXN-0000071,2024-05-03,33086.0,Moda,86311.0,Tarjeta crédito,Sitio web,Android,Cali,4.0,5,No
TXN-0006203,2022-12-23,30360.0,Moda,141476.0,PSE,App móvil,iOS,PEREIRA,3.0,5,No
TXN-0004509,2022-01-28,18661.0,MODA,161021.0,Tarjeta crédito,Sitio web,Desktop,Bucaramanga,1.0,5,No
TXN-0005740,2023-08-20,21946.0,Belleza,89783.0,PSE,Sitio web,iOS,Ibagué,9.0,3,No
TXN-0004051,2022-09-04,32016.0,Mascotas,5221.0,Tarjeta débito,Sitio web,iOS,Ibagué,4.0,5,No
TXN-0005120,2023-07-04,45104.0,Alimentos,5000.0,Tarjeta crédito,App móvil,Desktop,Bogotá,5.0,5,No
TXN-0002480,2024-09-13,43102.0,Libros,67749.0,Tarjeta crédito,App móvil,Android,MEDELLÍN,6.0,5,No
TXN-0007608,2023-04-19,11801.0,TECNOLOGÍA,429796.0,PSE,App móvil,iOS,Bogotá,6.0,5,No
TXN-0000584,2022-07-15,48703.0,Deportes,293606.0,Tarjeta crédito,App móvil,Android,Bogotá,4.0,5,No
TXN-0005167,2023-12-04,42588.0,Mascotas,60894.0,Contraentrega,App móvil,Desktop,Cali,1.0,5,No
TXN-0000955,2023-05-15,53973.0,Electrónica,279102.0,Tarjeta crédito,App móvil,iOS,Bogotá,3.0,5,No
TXN-0000230,2022-02-22,54689.0,Electrónica,895909.0,Billetera digital,App móvil,Desktop,Cartagena,2.0,5,No
TXN-0006162,2022-06-25,16360.0,Hogar,257614.0,Tarjeta crédito,App móvil,Desktop,Bogotá,1.0,5,No
TXN-0003519,2023-04-04,31933.0,Electrónica,605446.0,Contraentrega,Sitio web,Desktop,Medellín,1.0,5,No
TXN-0002938,2023-05-31,25482.0,Moda,5000.0,PSE,App móvil,Android,Barranquilla,2.0,5,No
TXN-0006998,2023-10-21,19315.0,Libros,55945.0,PSE,App móvil,iOS,Bogotá,4.0,5,No
TXN-0003265,2023-02-07,32582.0,Alimentos,32742.0,Tarjeta crédito,App móvil,Desktop,Barranquilla,6.0,5,No
TXN-0006756,2024-07-04,13295.0,Belleza,125721.0,Tarjeta débito,App móvil,Android,Ibagué,5.0,5,No
TXN-0001843,2023-11-30,51008.0,Alimentos,45301.0,Tarjeta crédito,Sitio web,Android,Medellín,4.0,5,No
TXN-0002513,2024-06-27,35455.0,Electrónica,965161.0,Tarjeta crédito,App móvil,Desktop,Bucaramanga,2.0,5,No
TXN-0003250,2024-06-17,53627.0,Moda,93700.0,Tarjeta crédito,App móvil,Android,Medellín,1.0,5,No
TXN-0001632,2022-07-02,51704.0,Electrónica,685413.0,Tarjeta crédito,App móvil,,Cartagena,4.0,5,No
TXN-0004302,2024-05-10,10457.0,Belleza,61061.0,Tarjeta crédito,App móvil,Android,Medellín,2.0,5,No
TXN-0005727,2024-05-08,20617.0,Alimentos,24247.0,PSE,Sitio web,Desktop,Cúcuta,4.0,5,No
TXN-0000939,2023-11-02,35763.0,Belleza,52579.0,Tarjeta débito,App móvil,iOS,Bucaramanga,6.0,5,No
TXN-0006542,2024-10-12,56921.0,Moda,50383.0,Billetera digital,App móvil,Android,Cartagena,1.0,5,No
TXN-0007462,2024-03-14,47612.0,Juguetes,113297.0,PSE,App móvil,iOS,Bucaramanga,7.0,5,No
TXN-0005995,2024-09-05,32951.0,Alimentos,57694.0,Billetera digital,App móvil,iOS,Bogotá,4.0,5,No
TXN-0005195,2023-08-09,59512.0,Juguetes,47832.0,Tarjeta crédito,App móvil,Android,Medellín,5.0,5,No
TXN-0004205,2024-01-10,46633.0,Deportes,131023.0,PSE,Sitio web,iOS,PEREIRA,4.0,5,No
TXN-0000023,2022-08-31,23314.0,Hogar,164411.0,PSE,App móvil,iOS,Manizales,4.0,5,No
TXN-0006847,2023-08-19,53945.0,Mascotas,52538.0,Billetera digital,Sitio web,Android,Bogotá,2.0,5,No
TXN-0005328,2022-06-12,29952.0,Moda,57019.0,Tarjeta crédito,Sitio web,Android,Medellín,6.0,5,No
TXN-0003424,2024-08-04,53859.0,Moda,199741.0,Contraentrega,App móvil,iOS,Bucaramanga,3.0,5,No
TXN-0000208,2023-09-15,40877.0,Electrónica,603882.0,Contraentrega,App móvil,Android,Cali,4.0,5,No
TXN-0001761,2022-04-01,49670.0,Tecnología,1145083.0,Billetera digital,App móvil,iOS,Bogotá,4.0,5,No
TXN-0005434,2023-03-13,10579.0,Belleza,110703.0,PSE,App móvil,,BOGOTÁ,4.0,5,No
TXN-0001051,2022-06-20,26681.0,Moda,96529.0,Tarjeta crédito,App móvil,Android,Barranquilla,7.0,5,No
TXN-0001459,2022-06-29,36429.0,Libros,78867.0,Tarjeta crédito,App móvil,Android,Barranquilla,6.0,5,No
TXN-0003103,2024-09-11,54617.0,Moda,66921.0,Billetera digital,Sitio web,Desktop,Manizales,2.0,5,No
TXN-0007786,2024-10-19,26564.0,Electrónica,417143.0,Tarjeta débito,Sitio web,,Medellín,3.0,5,No
TXN-0002296,2024-05-26,38914.0,Hogar,127289.0,PSE,App móvil,Desktop,Bucaramanga,4.0,5,No
TXN-0004293,2024-11-26,36054.0,MODA,179023.0,PSE,Sitio web,Android,Bogotá,6.0,5,Sí
TXN-0002268,2023-11-23,38621.0,Moda,81389.0,Tarjeta débito,Sitio web,Android,Bogotá,1.0,5,No
TXN-0005664,2022-02-01,14769.0,Belleza,38954.0,Tarjeta crédito,App móvil,iOS,BUCARAMANGA,1.0,5,Sí
TXN-0007530,2022-11-14,43145.0,Hogar,204028.0,Tarjeta crédito,App móvil,Android,Pereira,5.0,5,No
TXN-0000438,2024-08-16,13765.0,Libros,34255.0,Tarjeta crédito,App móvil,Android,Cali,9.0,5,No
,2022-11-19,22267.0,LIBROS,68584.0,Tarjeta débito,App móvil,Android,Bogotá,3.0,5,No
TXN-0004063,2024-12-30,45757.0,Libros,53773.0,PSE,App móvil,Android,Barranquilla,2.0,5,No
TXN-0003033,2024-10-31,20637.0,Alimentos,65376.0,PSE,App móvil,iOS,Cali,4.0,5,No
TXN-0006632,2024-07-29,19222.0,Juguetes,100358.0,PSE,App móvil,Desktop,Barranquilla,2.0,5,No
TXN-0002909,,30721.0,Hogar,158917.0,Tarjeta crédito,Sitio web,Android,Bucaramanga,6.0,5,No
TXN-0003077,2023-01-19,52514.0,Hogar,154261.0,PSE,App móvil,,Bogotá,2.0,5,No
,2022-07-10,35454.0,Juguetes,103339.0,Contraentrega,Sitio web,Android,Bucaramanga,2.0,5,No
TXN-0007686,2022-03-17,27472.0,Hogar,226139.0,Tarjeta débito,App móvil,iOS,Bucaramanga,6.0,5,No
TXN-0005634,2024-01-03,47369.0,Belleza,90905.0,Tarjeta crédito,App móvil,Android,Medellín,4.0,5,No
TXN-0001885,2023-02-14,27245.0,Libros,47539.0,Tarjeta débito,Sitio web,Android,Bucaramanga,2.0,5,No
TXN-0002917,2023-11-14,22615.0,Moda,198170.0,Billetera digital,Sitio web,iOS,Barranquilla,2.0,5,No
TXN-0004166,2023-03-19,14897.0,Deportes,90749.0,Tarjeta crédito,Sitio web,Android,Medellín,5.0,5,No
TXN-0007318,2024-10-19,34371.0,Hogar,281969.0,Tarjeta débito,App móvil,Android,Barranquilla,6.0,5,No
TXN-0006971,2023-06-13,32925.0,Alimentos,51632.0,Tarjeta crédito,App móvil,Android,Cali,4.0,5,No
TXN-0001007,2024-12-25,59455.0,Electrónica,566677.0,Tarjeta débito,App móvil,,Barranquilla,6.0,5,No
TXN-0005158,2022-05-20,46888.0,Moda,162577.0,Billetera digital,Sitio web,Android,Medellín,4.0,5,No
TXN-0002181,2024-08-13,46416.0,Juguetes,44487.0,Contraentrega,Sitio web,Desktop,Cali,7.0,5,No
TXN-0004125,2024-08-16,12207.0,Deportes,200726.0,Tarjeta crédito,Sitio web,Desktop,Bucaramanga,3.0,5,No
TXN-0004478,2023-02-12,20750.0,Deportes,184854.0,Tarjeta débito,App móvil,Android,Barranquilla,4.0,5,No
TXN-0007771,2022-11-01,10941.0,Libros,71614.0,Tarjeta crédito,App móvil,Desktop,Bogotá,2.0,5,No
TXN-0002319,2023-03-15,17540.0,Hogar,306189.0,Contraentrega,App móvil,Android,Cali,5.0,5,No
TXN-0001344,2024-11-26,45000.0,MODA,119862.0,Tarjeta crédito,Sitio web,iOS,Cali,6.0,5,No
TXN-0007722,2024-03-12,48975.0,Electrónica,689877.0,PSE,Sitio web,Android,Bogotá,3.0,5,No
TXN-0006223,2023-05-21,36464.0,Deportes,108792.0,Tarjeta crédito,App móvil,,Medellín,1.0,5,No
TXN-0003808,2024-06-03,16293.0,Hogar,191207.0,Tarjeta débito,App móvil,iOS,Cúcuta,6.0,5,No
TXN-0006204,2023-05-01,22412.0,Moda,49923.0,Tarjeta débito,App móvil,iOS,Pereira,2.0,5,No
TXN-0004369,2024-02-01,55692.0,Hogar,193337.0,PSE,App móvil,Android,Pereira,2.0,5,No
TXN-0005765,2022-12-26,15883.0,Mascotas,39236.0,Billetera digital,App móvil,Android,Barranquilla,4.0,5,No
TXN-0007799,2022-10-17,37102.0,Deportes,155407.0,Tarjeta crédito,App móvil,Android,Cartagena,4.0,5,No
TXN-0001770,2022-06-15,53304.0,Deportes,150316.0,Contraentrega,App móvil,Android,Bogotá,4.0,5,No
TXN-0005078,2022-10-01,14632.0,Electrónica,826010.0,Tarjeta débito,App móvil,iOS,Medellín,5.0,5,No
TXN-0006095,2022-09-29,,Hogar,263844.0,PSE,App móvil,Android,Barranquilla,4.0,5,No
TXN-0004949,2022-10-16,56440.0,Moda,202896.0,Tarjeta crédito,App móvil,iOS,Barranquilla,5.0,5,No
TXN-0000425,2024-10-09,57825.0,Mascotas,130220.0,Tarjeta débito,App móvil,Android,Medellín,1.0,5,No
TXN-0006113,2023-10-14,49448.0,Hogar,195799.0,Billetera digital,Sitio web,Android,Medellín,4.0,5,No
TXN-0007460,2022-05-27,22466.0,Deportes,101499.0,Billetera digital,App móvil,iOS,Medellín,5.0,5,No
TXN-0007827,2023-08-11,59828.0,Libros,33669.0,Contraentrega,Sitio web,Android,Cali,1.0,5,No
TXN-0003509,2023-07-23,36666.0,Mascotas,73699.0,Contraentrega,App móvil,Desktop,BARRANQUILLA,1.0,5,No
TXN-0001915,2023-05-03,40997.0,Juguetes,82940.0,PSE,Sitio web,iOS,Cali,6.0,5,No
,2023-06-09,17025.0,Electrónica,1534263.0,Billetera digital,App móvil,Android,Cúcuta,5.0,5,No
TXN-0006498,2022-07-26,53147.0,Mascotas,105918.0,Contraentrega,App móvil,iOS,Cartagena,5.0,5,No
TXN-0005274,2022-06-07,53092.0,Moda,170777.0,Tarjeta crédito,Sitio web,iOS,Bogotá,1.0,5,No
TXN-0005503,2024-07-11,40986.0,Tecnología,829639.0,Tarjeta crédito,Sitio web,Android,Cali,5.0,5,No
TXN-0006495,2023-02-07,43435.0,Electrónica,676349.0,PSE,App móvil,Desktop,Bogotá,4.0,5,No
TXN-0000868,2024-01-05,41354.0,MODA,188626.0,PSE,Sitio web,Android,Medellín,5.0,5,No
TXN-0003262,2023-11-05,49351.0,Tecnología,809702.0,PSE,App móvil,Android,Cúcuta,5.0,5,No
TXN-0000459,2022-12-31,56034.0,Belleza,91170.0,Tarjeta débito,Sitio web,iOS,Pereira,5.0,5,No
TXN-0006053,2022-03-15,10561.0,Hogar,119105.0,Tarjeta débito,App móvil,Android,Bogotá,6.0,5,No
TXN-0007070,2022-07-04,47364.0,Deportes,188768.0,PSE,Sitio web,Android,Pereira,5.0,5,No
TXN-0002286,2023-07-01,29513.0,Deportes,206265.0,Tarjeta crédito,Sitio web,Android,Bucaramanga,5.0,5,No
TXN-0006788,2024-10-17,57951.0,Electrónica,1220014.0,Tarjeta crédito,Sitio web,Android,Pereira,3.0,5,No
TXN-0001096,2024-02-01,51637.0,Deportes,141483.0,Tarjeta débito,Sitio web,Android,Bucaramanga,4.0,5,No
TXN-0000019,2023-08-11,48430.0,Juguetes,64567.0,Billetera digital,App móvil,Desktop,Bucaramanga,1.0,5,Sí
TXN-0001650,2022-07-26,53717.0,ELECTRÓNICA,1038628.0,Tarjeta débito,Sitio web,Desktop,Barranquilla,6.0,5,No
TXN-0000152,2023-06-19,57525.0,Tecnología,862004.0,PSE,App móvil,Android,Barranquilla,7.0,5,No
TXN-0005474,2022-03-07,25178.0,Tecnología,420819.0,Tarjeta débito,App móvil,Android,Medellín,4.0,5,Sí
TXN-0004138,2023-10-29,23710.0,Belleza,65348.0,PSE,Sitio web,Android,Manizales,3.0,5,No
TXN-0001659,2023-05-17,,Hogar,250190.0,Tarjeta crédito,App móvil,Android,Barranquilla,6.0,5,No
TXN-0005736,2024-09-15,29629.0,Libros,64681.0,PSE,App móvil,Android,Medellín,8.0,4,No
TXN-0002598,2024-06-12,12975.0,Juguetes,125256.0,Tarjeta crédito,App móvil,iOS,CALI,6.0,5,No
TXN-0005050,2023-04-09,39517.0,Hogar,57535.0,Tarjeta crédito,Sitio web,iOS,Manizales,4.0,5,No
TXN-0007660,2024-05-29,29016.0,Electrónica,941518.0,Billetera digital,Sitio web,Android,Bogotá,6.0,5,No
TXN-0002538,2022-11-05,,Tecnología,1039333.0,PSE,Sitio web,Android,Cali,3.0,5,No
TXN-0006516,2022-05-12,23703.0,Belleza,84539.0,Tarjeta crédito,Sitio web,Desktop,Medellín,4.0,5,No
TXN-0000586,2022-12-26,17599.0,Alimentos,44972.0,Tarjeta crédito,App móvil,iOS,BOGOTÁ,2.0,5,No
TXN-0007552,,,Hogar,181615.0,Tarjeta crédito,Sitio web,Android,Medellín,3.0,5,No
TXN-0003686,2023-04-29,24162.0,Moda,170832.0,Billetera digital,App móvil,Desktop,Cali,1.0,5,No
TXN-0002316,2024-09-15,48985.0,Tecnología,856099.0,Billetera digital,Sitio web,,Cali,5.0,5,No
TXN-0001939,2024-03-21,,Electrónica,859347.0,Contraentrega,App móvil,Android,Bogotá,5.0,5,No
TXN-0001697,2022-10-16,40998.0,Mascotas,71579.0,Contraentrega,App móvil,Android,Bogotá,4.0,5,No
TXN-0002669,2024-12-08,58361.0,Deportes,61070.0,Tarjeta crédito,Sitio web,Android,Cali,1.0,5,No
TXN-0004266,2023-10-31,54570.0,Tecnología,1310445.0,PSE,App móvil,Desktop,Bogotá,4.0,5,No
TXN-0000534,2024-01-18,17918.0,Hogar,255941.0,Tarjeta débito,App móvil,iOS,Medellín,6.0,5,No
TXN-0005115,2022-02-27,33447.0,Libros,82481.0,Tarjeta crédito,Sitio web,Android,Medellín,7.0,5,No
TXN-0006110,2022-03-22,46684.0,Deportes,87911.0,Tarjeta crédito,Sitio web,iOS,Medellín,5.0,5,No
TXN-0007728,2023-07-13,55143.0,Deportes,124597.0,Contraentrega,App móvil,Android,Manizales,5.0,5,No
TXN-0003402,2024-06-20,30926.0,Alimentos,46795.0,Contraentrega,Sitio web,Android,Cartagena,2.0,5,No
,,40052.0,LIBROS,47208.0,Contraentrega,App móvil,Android,Bogotá,4.0,5,No
TXN-0005208,2022-03-14,34060.0,BELLEZA,36781.0,Tarjeta crédito,App móvil,Desktop,Barranquilla,2.0,5,No
TXN-0004388,2024-11-22,19875.0,DEPORTES,149727.0,Contraentrega,Sitio web,Android,Bogotá,6.0,5,No
TXN-0002602,2023-11-18,36537.0,Alimentos,41093.0,Tarjeta crédito,App móvil,Android,Medellín,5.0,5,No
TXN-0007600,2022-12-13,17431.0,Electrónica,642803.0,Tarjeta crédito,App móvil,Android,Medellín,2.0,5,No
TXN-0001788,2023-05-29,57658.0,Electrónica,530112.0,Contraentrega,App móvil,Desktop,Cartagena,2.0,5,No
TXN-0002460,2023-05-02,39312.0,Belleza,69122.0,PSE,Sitio web,Desktop,Cartagena,1.0,5,No
TXN-0007561,2024-07-12,26643.0,Moda,71964.0,Billetera digital,App móvil,iOS,Medellín,5.0,5,No
TXN-0004056,2024-12-26,34271.0,Electrónica,632701.0,Tarjeta débito,Sitio web,Android,Manizales,3.0,5,No
TXN-0006629,2023-07-15,11253.0,Hogar,151801.0,Tarjeta crédito,Sitio web,,Medellín,5.0,5,No
TXN-0004659,2024-01-18,20529.0,Belleza,64897.0,PSE,Sitio web,Android,Bogotá,6.0,5,No
TXN-0001743,2024-05-01,16987.0,HOGAR,194321.0,PSE,App móvil,iOS,Bogotá,3.0,5,No
TXN-0002397,2024-04-18,47020.0,Moda,109305.0,Contraentrega,App móvil,Android,Medellín,7.0,5,No
TXN-0001866,2022-09-16,57361.0,Mascotas,48454.0,Tarjeta crédito,Sitio web,Android,Cali,4.0,5,No
TXN-0004734,2023-06-22,13318.0,Tecnología,673224.0,Tarjeta crédito,Sitio web,Android,Bogotá,3.0,5,No
TXN-0003871,2022-04-14,43440.0,Hogar,197352.0,Contraentrega,Sitio web,iOS,Bogotá,5.0,5,No
TXN-0006490,2024-07-21,21283.0,Mascotas,35635.0,Tarjeta crédito,App móvil,Android,Ibagué,6.0,5,No
TXN-0001083,,47023.0,Deportes,197986.0,PSE,App móvil,Android,Bogotá,4.0,5,No
TXN-0003646,2022-06-12,28116.0,Electrónica,925425.0,PSE,Sitio web,Android,Bogotá,3.0,5,No
TXN-0003513,2023-02-22,35984.0,Deportes,125456.0,PSE,App móvil,Android,Bucaramanga,4.0,5,No
TXN-0005992,2023-12-10,44192.0,Electrónica,444581.0,Contraentrega,App móvil,iOS,Bogotá,3.0,5,No
TXN-0003076,2023-10-13,43951.0,Moda,123406.0,Tarjeta crédito,App móvil,Desktop,Cúcuta,6.0,5,No
TXN-0004110,2022-01-10,40770.0,Moda,159186.0,Tarjeta crédito,Sitio web,Android,Barranquilla,1.0,5,No
TXN-0005407,2024-11-20,44262.0,Tecnología,1044325.0,PSE,Sitio web,Desktop,Barranquilla,3.0,5,No
TXN-0001039,2023-09-13,31599.0,Moda,47547.0,Billetera digital,App móvil,Desktop,Pereira,8.0,3,No
TXN-0000933,2022-10-31,24608.0,Belleza,122492.0,Tarjeta crédito,App móvil,iOS,Bogotá,8.0,4,No
TXN-0003259,2022-10-21,14743.0,Deportes,192414.0,Tarjeta débito,App móvil,iOS,Bogotá,4.0,5,No
TXN-0002709,2023-08-26,36586.0,Moda,84257.0,PSE,Sitio web,iOS,Bucaramanga,5.0,5,No
TXN-0003447,2023-06-13,22060.0,Belleza,69119.0,Tarjeta débito,App móvil,Android,Pereira,6.0,5,No
TXN-0003474,2024-11-07,29406.0,ELECTRÓNICA,591848.0,PSE,App móvil,Android,Bogotá,5.0,5,No
TXN-0001426,2023-04-20,53051.0,Electrónica,304941.0,Contraentrega,Sitio web,Android,Pereira,4.0,5,No
TXN-0005325,2024-07-12,28579.0,Electrónica,717848.0,Tarjeta débito,Sitio web,Desktop,Barranquilla,5.0,5,No
TXN-0000404,2023-10-16,13114.0,ELECTRÓNICA,572925.0,Tarjeta crédito,App móvil,iOS,Cartagena,5.0,5,No
TXN-0002001,2024-04-27,57048.0,Moda,140708.0,PSE,App móvil,Android,Medellín,3.0,5,No
TXN-0000812,2022-11-15,32110.0,Belleza,56856.0,Tarjeta crédito,Sitio web,Android,Medellín,1.0,5,No
TXN-0002429,2023-12-15,35947.0,Deportes,76859.0,Tarjeta débito,App móvil,iOS,Ibagué,3.0,5,No
TXN-0006507,2022-02-17,34902.0,Belleza,49567.0,Tarjeta débito,App móvil,Desktop,Pereira,6.0,5,No
TXN-0007080,2022-02-23,41492.0,Moda,103579.0,PSE,App móvil,Android,Cartagena,3.0,5,No
TXN-0004857,2023-10-27,34251.0,Moda,167336.0,Tarjeta débito,App móvil,Android,CALI,5.0,5,No
TXN-0006667,2024-12-22,35737.0,Moda,273082.0,PSE,Sitio web,Android,Cali,1.0,5,No
TXN-0000870,2024-04-28,39774.0,Alimentos,42795.0,Contraentrega,App móvil,Android,Medellín,1.0,5,No
TXN-0003196,2022-01-21,38016.0,Electrónica,720187.0,Tarjeta crédito,Sitio web,Desktop,Cali,2.0,5,No
TXN-0000644,2023-04-11,37154.0,DEPORTES,88325.0,Tarjeta crédito,App móvil,Android,Bogotá,7.0,5,No
TXN-0002652,2022-10-04,48945.0,Hogar,95653.0,PSE,Sitio web,Android,Cali,2.0,5,No
TXN-0004082,2024-08-15,40570.0,Belleza,43778.0,Tarjeta débito,App móvil,iOS,Cali,4.0,5,No
TXN-0007537,2024-07-24,19044.0,Juguetes,68472.0,PSE,App móvil,Desktop,Bogotá,8.0,4,No
TXN-0002601,2023-12-25,27359.0,Moda,43575.0,PSE,App móvil,iOS,Bogotá,6.0,5,No
TXN-0002020,2023-01-06,29588.0,Hogar,193484.0,Contraentrega,App móvil,Android,Cali,4.0,5,No
TXN-0004340,2023-09-17,30665.0,Alimentos,43078.0,Tarjeta crédito,App móvil,Android,Barranquilla,2.0,5,No
TXN-0004372,2023-04-02,49017.0,Hogar,226443.0,PSE,Sitio web,iOS,Medellín,3.0,5,No
TXN-0004925,2024-10-24,39776.0,Tecnología,870776.0,Tarjeta débito,App móvil,Desktop,Cali,1.0,5,No
TXN-0003211,2022-06-02,,Electrónica,358999.0,Contraentrega,App móvil,Desktop,Cali,1.0,5,No
TXN-0002801,2023-04-05,47559.0,Moda,50193.0,PSE,Sitio web,Desktop,Bucaramanga,6.0,5,No
TXN-0006455,2023-02-26,19381.0,Mascotas,79225.0,Tarjeta crédito,App móvil,Android,Pereira,2.0,5,No
TXN-0003997,2023-12-20,54008.0,Juguetes,82522.0,Tarjeta crédito,App móvil,iOS,Medellín,1.0,5,No
TXN-0006922,2023-02-26,21291.0,Electrónica,882907.0,Contraentrega,App móvil,Android,Bogotá,1.0,5,No
TXN-0001576,2024-05-16,18020.0,Mascotas,121946.0,Tarjeta crédito,App móvil,Desktop,Bogotá,7.0,5,No
TXN-0004516,2024-08-01,33125.0,ELECTRÓNICA,1033133.0,Tarjeta crédito,App móvil,Android,Medellín,6.0,5,No
TXN-0004798,2023-02-28,54905.0,Belleza,59564.0,Contraentrega,App móvil,Android,Bucaramanga,5.0,5,No
TXN-0006266,2023-08-02,25040.0,Juguetes,84662.0,Tarjeta crédito,Sitio web,Android,Bogotá,2.0,5,No
TXN-0007696,2022-07-05,,ALIMENTOS,19872.0,Billetera digital,App móvil,Android,BUCARAMANGA,5.0,5,No
TXN-0002622,2022-11-21,43956.0,Deportes,201378.0,Billetera digital,App móvil,Android,Medellín,5.0,5,No
TXN-0007632,2023-12-11,15708.0,Hogar,182922.0,Tarjeta débito,Sitio web,iOS,Barranquilla,6.0,5,No
TXN-0002667,2022-12-17,39497.0,Juguetes,71328.0,Tarjeta débito,App móvil,Desktop,Bogotá,1.0,5,No
TXN-0006330,2023-05-21,35754.0,Deportes,155991.0,Contraentrega,Sitio web,Android,Bogotá,7.0,5,No
TXN-0000756,2024-09-14,13471.0,Belleza,84578.0,Contraentrega,Sitio web,Desktop,Medellín,6.0,5,No
TXN-0004804,2022-01-24,17633.0,Moda,112316.0,Tarjeta crédito,App móvil,iOS,BOGOTÁ,4.0,5,No
TXN-0007695,2022-08-11,56873.0,Deportes,16801.0,Tarjeta crédito,App móvil,iOS,Cali,1.0,5,No
TXN-0007101,2022-03-15,45514.0,Moda,120734.0,Tarjeta crédito,Sitio web,Android,Barranquilla,4.0,5,No
TXN-0002031,2023-12-09,53395.0,Libros,17621.0,Contraentrega,App móvil,Desktop,Medellín,2.0,5,No
TXN-0001544,2022-05-28,32657.0,Alimentos,24710.0,Tarjeta crédito,Sitio web,Android,Bogotá,4.0,5,No
TXN-0006214,2023-02-07,14541.0,Electrónica,456190.0,PSE,App móvil,Android,CALI,5.0,5,No
TXN-0002182,2024-06-11,45009.0,Electrónica,580313.0,Tarjeta débito,App móvil,,Pereira,4.0,5,No
TXN-0001679,2022-01-23,19668.0,Libros,24253.0,Tarjeta débito,Sitio web,Android,Medellín,4.0,5,No
TXN-0007224,2022-07-03,52693.0,Alimentos,22671.0,PSE,App móvil,Android,Cali,8.0,3,No
TXN-0007276,2023-06-01,58440.0,Belleza,71614.0,Tarjeta crédito,App móvil,Desktop,Bogotá,2.0,5,No
TXN-0007124,2022-10-17,17180.0,ELECTRÓNICA,464580.0,Tarjeta crédito,App móvil,Desktop,Bucaramanga,7.0,5,No
TXN-0006545,2024-08-24,19255.0,Electrónica,775328.0,Tarjeta crédito,App móvil,Desktop,Ibagué,6.0,5,No
TXN-0003223,2023-06-04,22395.0,Mascotas,26486.0,PSE,Sitio web,Desktop,Bogotá,5.0,5,No
TXN-0003083,2024-05-06,21175.0,Moda,175492.0,Tarjeta crédito,Sitio web,Desktop,Medellín,6.0,5,No
TXN-0001390,2022-05-05,18367.0,Alimentos,40068.0,PSE,App móvil,Android,Medellín,8.0,4,No
TXN-0002270,2023-08-29,57102.0,Moda,125766.0,Tarjeta crédito,App móvil,Desktop,Cali,3.0,5,No
TXN-0006140,,58988.0,Deportes,253759.0,Contraentrega,Sitio web,iOS,Barranquilla,4.0,5,No
TXN-0006144,2024-10-14,10868.0,Moda,44987.0,Billetera digital,Sitio web,Desktop,Bogotá,2.0,5,No
TXN-0003996,2023-01-16,48216.0,Tecnología,692146.0,Tarjeta débito,App móvil,Android,Bogotá,6.0,5,No
TXN-0000841,2022-05-24,29884.0,Deportes,199482.0,Tarjeta crédito,App móvil,Desktop,Ibagué,4.0,5,No
TXN-0007805,2024-06-30,19610.0,Alimentos,24624.0,Tarjeta crédito,App móvil,Desktop,MEDELLÍN,5.0,5,No
TXN-0001483,2023-03-28,30545.0,Electrónica,462562.0,Tarjeta crédito,App móvil,Desktop,Pereira,4.0,5,No
TXN-0004260,2023-09-28,43188.0,ELECTRÓNICA,426503.0,Tarjeta débito,App móvil,Android,Manizales,6.0,5,No
TXN-0003829,2024-07-31,44778.0,Libros,22955.0,Tarjeta crédito,App móvil,iOS,Bogotá,1.0,5,No
TXN-0000830,2022-02-19,16329.0,Moda,114052.0,Billetera digital,Sitio web,iOS,Medellín,6.0,5,No
TXN-0004220,2022-09-13,36917.0,Hogar,101971.0,Tarjeta crédito,Sitio web,iOS,Manizales,2.0,5,No
TXN-0003583,,,Belleza,126767.0,PSE,App móvil,Android,Bogotá,8.0,4,No
TXN-0004145,2022-05-09,12157.0,Alimentos,38966.0,Tarjeta crédito,Sitio web,Android,Cali,1.0,5,No
TXN-0007889,2024-05-07,44387.0,Mascotas,53339.0,PSE,App móvil,Desktop,Manizales,7.0,5,No
TXN-0003160,2022-08-29,53662.0,Moda,171347.0,Tarjeta crédito,App móvil,,Ibagué,4.0,5,No
TXN-0002361,2022-11-25,59552.0,Mascotas,90024.0,PSE,App móvil,iOS,Medellín,5.0,5,No
TXN-0005372,2022-10-03,,Electrónica,641889.0,PSE,App móvil,Android,Bogotá,3.0,5,No
TXN-0007882,2023-02-21,23611.0,Hogar,16527.0,Contraentrega,Sitio web,Desktop,Bogotá,1.0,5,No
TXN-0001366,2023-05-29,32919.0,Moda,151039.0,Tarjeta crédito,App móvil,Desktop,Bogotá,3.0,5,No
TXN-0002335,2022-02-19,12744.0,Electrónica,952658.0,Tarjeta crédito,App móvil,Android,Bogotá,7.0,5,No
TXN-0000855,2022-01-06,30412.0,Belleza,129656.0,Tarjeta crédito,App móvil,Android,Ibagué,1.0,5,No
TXN-0006681,2024-01-17,55980.0,Deportes,234472.0,Contraentrega,App móvil,Android,Medellín,8.0,5,No
TXN-0007592,2022-06-15,35159.0,Electrónica,264777.0,Tarjeta crédito,Sitio web,Android,Bogotá,1.0,5,No
TXN-0005094,2022-04-28,30760.0,Juguetes,64263.0,Tarjeta crédito,App móvil,Android,Cali,3.0,5,No
TXN-0002897,2024-01-18,43683.0,Electrónica,615392.0,Tarjeta débito,App móvil,Android,Cúcuta,6.0,5,No
TXN-0000273,2022-07-19,28503.0,Electrónica,432036.0,Tarjeta crédito,Sitio web,Android,Cali,2.0,5,No
TXN-0003799,2022-09-21,28310.0,Hogar,119564.0,Billetera digital,Sitio web,Android,Cartagena,11.0,4,No
TXN-0007274,2022-04-14,10678.0,Hogar,220185.0,Tarjeta crédito,App móvil,iOS,Barranquilla,3.0,5,No
TXN-0007023,2024-01-28,58022.0,Libros,57986.0,Tarjeta crédito,App móvil,Android,Cali,3.0,5,No
TXN-0002442,2022-09-04,47778.0,Tecnología,978245.0,Tarjeta débito,Sitio web,Desktop,Bogotá,3.0,5,No
TXN-0003553,2024-06-16,31597.0,Moda,165140.0,Tarjeta débito,App móvil,iOS,Cali,4.0,5,No
TXN-0001061,2024-08-02,24818.0,Moda,96289.0,Tarjeta débito,App móvil,Android,Cali,1.0,5,No
TXN-0005587,2023-04-23,59618.0,Electrónica,207839.0,Tarjeta débito,App móvil,Android,Cali,6.0,5,No
TXN-0007196,2023-06-23,27035.0,Hogar,191420.0,Contraentrega,App móvil,iOS,Barranquilla,1.0,5,Sí
TXN-0001869,2023-09-28,27465.0,Electrónica,772602.0,Contraentrega,App móvil,Android,Cali,5.0,5,No
TXN-0000251,2024-02-01,56291.0,Alimentos,33867.0,Tarjeta débito,App móvil,Android,Medellín,2.0,5,Sí
TXN-0000715,2023-10-29,24298.0,Deportes,204925.0,Tarjeta crédito,Sitio web,Android,Barranquilla,9.0,3,No
TXN-0001742,2022-07-15,10877.0,Hogar,203973.0,PSE,App móvil,Android,Pereira,7.0,5,No
TXN-0007942,2022-08-07,50606.0,Hogar,51760.0,Contraentrega,App móvil,Android,Medellín,3.0,5,No
,2023-05-22,45472.0,Deportes,148409.0,Tarjeta débito,App móvil,Android,Barranquilla,3.0,5,No
TXN-0004027,2024-03-31,40872.0,Tecnología,1470058.0,Tarjeta crédito,App móvil,Android,Pereira,2.0,5,No
TXN-0001524,2023-03-07,51106.0,Alimentos,31655.0,PSE,Sitio web,iOS,Medellín,4.0,5,No
TXN-0006663,2024-04-14,43276.0,BELLEZA,110761.0,Tarjeta débito,Sitio web,Android,Manizales,7.0,5,No
TXN-0006338,2022-08-17,17628.0,Belleza,47750.0,Tarjeta crédito,App móvil,Desktop,Bucaramanga,4.0,5,No
TXN-0006360,2022-06-03,49383.0,HOGAR,291963.0,Tarjeta débito,App móvil,Android,Cartagena,6.0,5,No
TXN-0005625,2023-07-20,31263.0,Hogar,175011.0,Contraentrega,App móvil,Android,Bogotá,7.0,5,No
TXN-0002741,2023-05-19,37958.0,Moda,82856.0,Billetera digital,App móvil,Android,Bogotá,8.0,5,No
TXN-0004759,2023-02-22,27723.0,ALIMENTOS,55316.0,Tarjeta débito,App móvil,Android,Medellín,3.0,5,No
TXN-0005000,2023-05-09,50481.0,Libros,18904.0,Contraentrega,App móvil,Android,Pereira,2.0,5,Sí
TXN-0001630,2023-07-14,,Juguetes,128243.0,Tarjeta crédito,App móvil,,Cartagena,1.0,5,No
TXN-0004474,2023-05-23,50583.0,Libros,36527.0,Contraentrega,App móvil,iOS,Manizales,4.0,5,Sí
TXN-0004788,2024-09-23,51786.0,ELECTRÓNICA,642703.0,Billetera digital,Sitio web,iOS,Bogotá,3.0,5,No
TXN-0001981,2024-10-31,57202.0,Electrónica,729845.0,Tarjeta crédito,Sitio web,Android,Bogotá,6.0,5,No
TXN-0005916,2024-03-24,56659.0,Mascotas,66112.0,Tarjeta débito,App móvil,,Bogotá,4.0,5,No
TXN-0005473,2022-08-09,27693.0,Libros,76458.0,Tarjeta crédito,App móvil,Android,Barranquilla,8.0,3,No
TXN-0003956,2024-05-28,19356.0,Deportes,308998.0,Tarjeta crédito,App móvil,Android,Medellín,2.0,5,No
TXN-0002086,2022-06-06,26953.0,Tecnología,726672.0,PSE,Sitio web,iOS,Cartagena,2.0,5,No
TXN-0003649,2022-04-30,45890.0,Hogar,141348.0,Tarjeta débito,App móvil,Android,Barranquilla,2.0,5,No
TXN-0002660,2023-09-11,57120.0,Electrónica,1038057.0,Contraentrega,App móvil,Android,Cali,3.0,5,No
TXN-0005497,2024-12-17,18946.0,Tecnología,417817.0,PSE,Sitio web,Android,Barranquilla,2.0,5,No
TXN-0000699,2023-12-09,41322.0,HOGAR,160452.0,Contraentrega,Sitio web,Desktop,Bogotá,3.0,5,No
TXN-0001070,2024-10-08,,Alimentos,62849.0,PSE,App móvil,Desktop,Bucaramanga,1.0,5,No
TXN-0007511,2024-05-17,24490.0,Libros,53308.0,Tarjeta crédito,App móvil,Desktop,Bogotá,2.0,5,No
TXN-0000188,2022-05-16,44713.0,Electrónica,629618.0,Tarjeta crédito,App móvil,Desktop,Medellín,4.0,5,No
TXN-0001753,2023-07-17,45555.0,MODA,112133.0,PSE,App móvil,Android,Bucaramanga,7.0,5,No
TXN-0007049,2022-02-21,27727.0,Deportes,143353.0,Tarjeta crédito,App móvil,Android,Bucaramanga,3.0,5,No
TXN-0000087,2023-01-30,22247.0,Libros,26175.0,Billetera digital,App móvil,Android,Bucaramanga,4.0,5,No
TXN-0006501,,40039.0,TECNOLOGÍA,772647.0,Contraentrega,App móvil,iOS,Bogotá,6.0,5,No
TXN-0003201,2023-07-21,59793.0,Alimentos,62802.0,Contraentrega,App móvil,Android,Bogotá,4.0,5,No
TXN-0006070,2024-01-03,41977.0,Moda,180712.0,Tarjeta crédito,App móvil,Android,Bogotá,4.0,5,No
TXN-0002353,2024-02-18,35957.0,Electrónica,329407.0,Tarjeta débito,App móvil,Android,Ibagué,5.0,5,No
TXN-0005110,2022-10-25,23386.0,Mascotas,96479.0,Tarjeta crédito,App móvil,Android,Ibagué,3.0,5,No
TXN-0002426,2023-03-07,51516.0,Hogar,126420.0,Tarjeta crédito,App móvil,Android,Cali,3.0,5,No
TXN-0004504,2022-04-21,30746.0,Electrónica,384169.0,Billetera digital,Sitio web,Android,Bogotá,5.0,5,No
TXN-0003353,2023-08-09,50122.0,Deportes,146793.0,Tarjeta débito,App móvil,Android,Pereira,5.0,5,No
TXN-0005644,2024-02-28,,Moda,19766.0,Tarjeta crédito,Sitio web,Android,Medellín,4.0,5,No
TXN-0002219,2023-01-28,20973.0,Juguetes,76565.0,Billetera digital,App móvil,iOS,Bogotá,6.0,5,No
TXN-0004807,2023-08-17,40777.0,Tecnología,678513.0,Tarjeta crédito,Sitio web,Android,Bogotá,8.0,5,No
TXN-0001393,2024-07-18,22020.0,Deportes,194250.0,Tarjeta débito,App móvil,Android,Bogotá,3.0,5,No
TXN-0005219,2023-02-05,12608.0,Belleza,91742.0,PSE,App móvil,Android,Bogotá,5.0,5,No
TXN-0000398,2024-06-08,31931.0,Deportes,295322.0,Billetera digital,Sitio web,Android,Bogotá,6.0,5,No
TXN-0003853,2024-05-15,55932.0,Libros,60441.0,PSE,App móvil,Desktop,Cali,4.0,5,No
TXN-0006343,2023-09-27,,Deportes,187812.0,Tarjeta crédito,App móvil,iOS,Cali,4.0,5,No
TXN-0005718,2022-12-16,19342.0,Electrónica,243834.0,PSE,App móvil,Android,Medellín,7.0,5,No
TXN-0002435,2022-04-20,20911.0,Moda,118703.0,Tarjeta crédito,App móvil,Android,Medellín,1.0,5,No
TXN-0007825,2024-03-03,43001.0,Moda,155186.0,Tarjeta crédito,App móvil,iOS,Barranquilla,2.0,5,No
TXN-0002820,2024-02-22,14031.0,Mascotas,19220.0,PSE,App móvil,Android,Bogotá,3.0,5,No
TXN-0006129,2023-04-29,,Moda,128872.0,Billetera digital,App móvil,Android,BARRANQUILLA,3.0,5,No
TXN-0006278,2024-08-15,15687.0,Hogar,89972.0,PSE,Sitio web,Android,Cali,4.0,5,No
TXN-0006596,2024-08-24,46434.0,Alimentos,47899.0,PSE,Sitio web,Android,Bogotá,5.0,5,No
TXN-0004062,2022-01-13,29793.0,Moda,157502.0,Billetera digital,App móvil,iOS,Cali,3.0,5,Sí
TXN-0005273,2022-02-12,,Belleza,77328.0,Billetera digital,App móvil,Android,Bogotá,5.0,5,No
TXN-0004039,2022-08-10,25751.0,Moda,70654.0,Contraentrega,Sitio web,iOS,Bucaramanga,4.0,5,No
TXN-0005977,2022-05-06,58050.0,Alimentos,36322.0,Billetera digital,App móvil,Android,Barranquilla,1.0,5,No
TXN-0000301,2022-06-01,,Moda,95263.0,Tarjeta crédito,App móvil,Android,IBAGUÉ,3.0,5,No
TXN-0003266,2022-10-31,43387.0,Moda,47854.0,PSE,App móvil,iOS,Bucaramanga,5.0,5,No
TXN-0007408,2024-12-21,40200.0,Juguetes,62250.0,Tarjeta débito,App móvil,Android,Medellín,4.0,5,No
TXN-0004281,2024-11-30,29904.0,Electrónica,535109.0,PSE,Sitio web,Android,Bogotá,5.0,5,No
TXN-0007647,2024-01-18,19880.0,Alimentos,28807.0,PSE,App móvil,Desktop,Bogotá,3.0,5,No
TXN-0005874,2023-05-09,39650.0,Electrónica,691061.0,Tarjeta crédito,App móvil,Desktop,Bogotá,7.0,5,No
TXN-0005063,2023-10-26,52483.0,Hogar,243346.0,PSE,App móvil,iOS,Bogotá,3.0,5,No
TXN-0005138,2024-06-25,18926.0,Alimentos,24925.0,Tarjeta débito,App móvil,Android,CARTAGENA,4.0,5,No
TXN-0006870,2023-11-06,56925.0,Libros,59246.0,Contraentrega,Sitio web,Android,Ibagué,1.0,5,No
TXN-0006975,2024-07-20,53469.0,Hogar,72424.0,Tarjeta débito,Sitio web,Android,Ibagué,5.0,5,No
TXN-0005303,2023-06-07,29112.0,Deportes,168269.0,PSE,App móvil,iOS,Medellín,2.0,5,No
TXN-0002847,2024-06-09,47108.0,Electrónica,969378.0,Tarjeta débito,App móvil,Desktop,Cartagena,2.0,5,No
TXN-0002295,2023-06-01,53776.0,Belleza,86483.0,Tarjeta crédito,Sitio web,Android,Bucaramanga,5.0,5,No
TXN-0002891,,35656.0,Belleza,111665.0,Tarjeta crédito,App móvil,Android,Manizales,8.0,5,No
,2024-08-30,44718.0,MODA,72093.0,Tarjeta crédito,App móvil,Android,Bucaramanga,3.0,5,No
TXN-0006017,2023-10-30,36765.0,Alimentos,39521.0,Tarjeta crédito,Sitio web,Android,Bucaramanga,1.0,5,No
TXN-0002187,2022-02-03,44912.0,Deportes,98939.0,Tarjeta crédito,App móvil,Android,Cali,3.0,5,No
,2023-10-20,20749.0,Belleza,9498.0,Tarjeta crédito,App móvil,Android,Barranquilla,2.0,5,No
TXN-0001231,2024-06-06,53949.0,Alimentos,46504.0,Tarjeta crédito,App móvil,iOS,Bogotá,5.0,5,No
TXN-0007720,2024-03-29,36927.0,Belleza,31283.0,Billetera digital,App móvil,Android,Bogotá,5.0,5,No
TXN-0003299,2022-04-05,17394.0,Deportes,58556.0,Tarjeta débito,App móvil,Android,Bucaramanga,4.0,5,No
TXN-0001946,2023-10-08,42565.0,Hogar,209938.0,Tarjeta débito,App móvil,Android,Bogotá,3.0,5,No
TXN-0004234,2022-04-17,20598.0,Alimentos,20287.0,Tarjeta crédito,App móvil,Desktop,Bogotá,6.0,5,No
TXN-0007622,2023-07-31,56546.0,Electrónica,1006833.0,Tarjeta crédito,App móvil,Android,Pereira,2.0,5,No
TXN-0006215,2023-12-19,35520.0,Electrónica,633509.0,Tarjeta crédito,App móvil,Android,Medellín,4.0,5,No
TXN-0005101,2023-11-13,28376.0,Tecnología,820590.0,Tarjeta crédito,App móvil,,Barranquilla,6.0,5,No
TXN-0001154,2024-11-03,55449.0,Belleza,80414.0,PSE,App móvil,Android,Pereira,3.0,5,No
TXN-0002226,2023-05-17,38269.0,Deportes,156141.0,PSE,App móvil,Desktop,BOGOTÁ,5.0,5,No
TXN-0007208,2024-04-24,,Juguetes,115655.0,Tarjeta crédito,Sitio web,iOS,Bogotá,3.0,5,No
TXN-0001782,2022-01-20,36205.0,Electrónica,783770.0,PSE,Sitio web,Android,Bogotá,5.0,5,No
TXN-0007339,2023-04-16,11147.0,Belleza,132163.0,PSE,App móvil,Android,Medellín,3.0,5,No
TXN-0006815,2022-09-16,14261.0,Electrónica,390613.0,Tarjeta débito,App móvil,iOS,Bogotá,3.0,5,No
TXN-0003246,2024-11-12,55900.0,Moda,143274.0,Tarjeta débito,App móvil,Android,Barranquilla,8.0,4,No
TXN-0006602,2024-09-22,14800.0,Alimentos,60373.0,PSE,App móvil,Desktop,Cartagena,6.0,5,No
TXN-0005945,2023-09-17,33606.0,Juguetes,27127.0,PSE,Sitio web,Desktop,Pereira,5.0,5,No
TXN-0001928,2022-03-02,,Belleza,58933.0,Contraentrega,Sitio web,Android,Pereira,5.0,5,No
TXN-0004845,2024-12-21,13745.0,Hogar,101391.0,Tarjeta crédito,App móvil,Android,Medellín,2.0,5,Sí
TXN-0004298,2024-06-04,40435.0,Libros,45863.0,PSE,Sitio web,iOS,Bogotá,4.0,5,No
TXN-0007025,2024-11-30,24650.0,Electrónica,593742.0,Tarjeta débito,App móvil,Android,Bogotá,4.0,5,No
TXN-0000684,2022-06-27,51151.0,Deportes,201728.0,PSE,Sitio web,Android,BOGOTÁ,3.0,5,No
TXN-0006450,2022-10-19,39057.0,Moda,128960.0,Billetera digital,App móvil,Android,Barranquilla,7.0,5,No
TXN-0006372,2023-01-22,43392.0,Juguetes,52135.0,Contraentrega,App móvil,Desktop,Bogotá,4.0,5,No
TXN-0005397,2022-02-26,30265.0,Hogar,191114.0,PSE,App móvil,Android,Barranquilla,3.0,5,No
TXN-0005493,2022-09-27,47325.0,Alimentos,22532.0,Tarjeta débito,App móvil,Android,Medellín,3.0,5,No
TXN-0004086,2024-05-20,12483.0,Moda,58569.0,PSE,App móvil,Android,Cartagena,2.0,5,No
TXN-0003195,2023-03-21,32273.0,Mascotas,110536.0,Tarjeta débito,App móvil,Android,Bogotá,4.0,5,No
TXN-0001600,2022-05-09,59468.0,Tecnología,217248.0,Tarjeta crédito,App móvil,iOS,Cúcuta,12.0,4,No
TXN-0004448,2022-09-14,57304.0,Deportes,127310.0,Contraentrega,Sitio web,iOS,Bogotá,6.0,5,No
,2023-10-04,14769.0,Electrónica,837465.0,PSE,App móvil,Android,Medellín,6.0,5,No
TXN-0003666,2022-11-03,28582.0,Belleza,5000.0,Contraentrega,Sitio web,Android,Bogotá,4.0,5,No
TXN-0004432,2022-10-17,34514.0,Electrónica,768356.0,Contraentrega,App móvil,Android,Bogotá,4.0,5,No
TXN-0007903,2022-02-16,38597.0,Juguetes,156765.0,Tarjeta crédito,App móvil,Android,Pereira,4.0,5,No
TXN-0003762,2022-03-29,47314.0,Electrónica,601371.0,Contraentrega,App móvil,,BUCARAMANGA,6.0,5,No
TXN-0004625,2024-09-28,54752.0,Moda,117954.0,Tarjeta crédito,Sitio web,Android,Cúcuta,4.0,5,No
TXN-0001733,2023-05-13,53313.0,Alimentos,39417.0,Tarjeta crédito,App móvil,iOS,Manizales,5.0,5,No
TXN-0006389,2023-02-16,10389.0,JUGUETES,115081.0,Contraentrega,Sitio web,Android,Cartagena,6.0,5,No
TXN-0000289,2024-02-27,22164.0,Mascotas,55650.0,Tarjeta débito,Sitio web,iOS,Medellín,5.0,5,No
TXN-0004384,2023-10-16,37263.0,Hogar,140636.0,Tarjeta crédito,Sitio web,Android,Cartagena,6.0,5,No
TXN-0006055,2024-05-02,50366.0,Moda,98700.0,Contraentrega,Sitio web,iOS,Cali,3.0,5,No
TXN-0004445,2022-04-05,39245.0,Moda,200771.0,Tarjeta crédito,App móvil,Desktop,Bogotá,5.0,5,No
,2022-06-26,52831.0,BELLEZA,70100.0,Contraentrega,App móvil,Android,Medellín,4.0,5,No
TXN-0007353,2024-03-11,30677.0,ELECTRÓNICA,598192.0,Contraentrega,App móvil,iOS,Bogotá,4.0,5,No
TXN-0005344,2024-11-08,32158.0,Deportes,67020.0,Tarjeta crédito,App móvil,Android,Medellín,2.0,5,No
TXN-0006011,2024-03-05,39138.0,Deportes,142126.0,Contraentrega,App móvil,Desktop,CARTAGENA,3.0,5,No
,,24430.0,Deportes,65597.0,Tarjeta débito,App móvil,Android,Bogotá,3.0,5,No
,2024-08-14,13771.0,DEPORTES,138577.0,Tarjeta crédito,Sitio web,Desktop,Barranquilla,4.0,5,No
TXN-0004542,2023-01-15,58670.0,Moda,91427.0,Tarjeta débito,Sitio web,,Cali,4.0,5,Sí
TXN-0005324,2024-11-21,27100.0,Moda,87572.0,Contraentrega,Sitio web,Android,Medellín,6.0,5,Sí
,2024-12-31,42812.0,Hogar,80630.0,Tarjeta débito,Sitio web,Android,Bogotá,2.0,5,No
TXN-0006708,2023-08-16,22044.0,Juguetes,117696.0,Tarjeta crédito,Sitio web,Android,Medellín,8.0,4,No
TXN-0004724,2023-11-15,44567.0,Moda,5000.0,Contraentrega,App móvil,iOS,Cartagena,3.0,5,No
TXN-0005301,2024-03-03,14996.0,Electrónica,240936.0,Tarjeta crédito,App móvil,Android,Bogotá,5.0,5,No
TXN-0003861,2023-11-07,28274.0,Electrónica,590218.0,Tarjeta débito,App móvil,iOS,Bogotá,6.0,5,No
TXN-0002539,2024-06-21,21735.0,ELECTRÓNICA,434136.0,Tarjeta débito,App móvil,Android,Cúcuta,6.0,5,No
TXN-0003750,2022-06-08,33753.0,Moda,98846.0,Billetera digital,App móvil,Android,Barranquilla,5.0,5,No
TXN-0001111,2024-08-06,21892.0,Tecnología,397909.0,Contraentrega,App móvil,Android,MEDELLÍN,5.0,5,No
TXN-0002356,2023-04-18,16849.0,Deportes,195605.0,Contraentrega,App móvil,Android,Bucaramanga,5.0,5,No
TXN-0006512,2022-10-20,50396.0,Alimentos,63612.0,Tarjeta crédito,Sitio web,iOS,Medellín,5.0,5,No
TXN-0002687,2023-01-22,30869.0,TECNOLOGÍA,265051.0,Contraentrega,App móvil,Android,Bogotá,5.0,5,Sí
TXN-0000223,2022-09-21,35681.0,Belleza,113802.0,Tarjeta crédito,Sitio web,Android,Medellín,7.0,5,No
TXN-0000038,2024-12-17,46273.0,Electrónica,306848.0,Contraentrega,App móvil,Desktop,Medellín,3.0,5,No
TXN-0006576,2024-05-14,38818.0,Deportes,114397.0,Tarjeta crédito,Sitio web,Android,Medellín,3.0,5,No
TXN-0000751,2022-01-23,28563.0,Electrónica,612117.0,Tarjeta crédito,Sitio web,iOS,Bucaramanga,5.0,5,No
TXN-0005433,2024-05-29,12673.0,Alimentos,37505.0,Tarjeta débito,App móvil,Android,Bogotá,4.0,5,No
TXN-0007866,2022-07-29,28705.0,Tecnología,1296334.0,Tarjeta débito,Sitio web,Desktop,Manizales,4.0,5,No
TXN-0002681,2022-11-22,42880.0,Electrónica,375655.0,Tarjeta crédito,App móvil,Android,Medellín,3.0,5,No
TXN-0000449,2022-05-06,35298.0,Moda,115493.0,Tarjeta crédito,Sitio web,Android,Barranquilla,4.0,5,No
TXN-0002502,2024-01-09,37635.0,Electrónica,481672.0,Tarjeta crédito,App móvil,Android,Bogotá,1.0,5,No
TXN-0005783,2024-04-15,30876.0,Tecnología,893538.0,Billetera digital,App móvil,Android,MANIZALES,4.0,5,No
TXN-0006075,2024-12-01,21362.0,Mascotas,91449.0,Billetera digital,App móvil,iOS,Bogotá,3.0,5,No
,2023-05-30,56956.0,Hogar,210444.0,PSE,App móvil,Android,Bucaramanga,4.0,5,No
TXN-0004322,2023-02-25,41991.0,Hogar,193925.0,Tarjeta crédito,App móvil,iOS,Cartagena,6.0,5,No
TXN-0003821,2022-12-04,45935.0,Belleza,71429.0,PSE,Sitio web,Android,Cali,4.0,5,No
TXN-0000257,2024-03-22,31208.0,Alimentos,46802.0,Tarjeta débito,App móvil,Android,Medellín,4.0,5,No
TXN-0002450,2024-07-27,31471.0,Libros,53055.0,Tarjeta crédito,Sitio web,Android,Cartagena,4.0,5,No
TXN-0001660,2022-03-20,42398.0,Tecnología,977751.0,Contraentrega,App móvil,iOS,Cali,6.0,5,No
TXN-0000707,2024-06-22,23035.0,Moda,162762.0,Tarjeta crédito,Sitio web,Desktop,Medellín,7.0,5,No
TXN-0000358,2022-01-17,40086.0,Belleza,87205.0,Billetera digital,App móvil,Android,Bogotá,6.0,5,No
TXN-0005990,2023-06-03,31318.0,Alimentos,52688.0,PSE,App móvil,Android,Medellín,3.0,5,No
TXN-0006141,2024-12-11,41950.0,Electrónica,770040.0,Contraentrega,App móvil,Android,Barranquilla,1.0,5,No
TXN-0003949,2023-03-12,11642.0,Belleza,47518.0,PSE,App móvil,Desktop,Bucaramanga,6.0,5,No
TXN-0006378,2022-07-20,31985.0,Juguetes,123021.0,Tarjeta crédito,App móvil,Android,Medellín,2.0,5,No
TXN-0003726,2024-06-26,48579.0,Moda,150027.0,Contraentrega,Sitio web,Android,BOGOTÁ,1.0,5,No
TXN-0005514,2022-09-28,42108.0,Hogar,180831.0,PSE,Sitio web,,Bogotá,4.0,5,No
TXN-0002870,2023-03-17,18321.0,Moda,175442.0,PSE,Sitio web,Android,Bogotá,5.0,5,No
TXN-0000059,2023-11-06,32763.0,Alimentos,32105.0,PSE,App móvil,Android,Bogotá,9.0,3,Sí
TXN-0006052,2024-07-19,39367.0,ELECTRÓNICA,604096.0,Tarjeta crédito,Sitio web,iOS,Pereira,8.0,3,No
TXN-0004093,2024-12-11,36552.0,Deportes,119334.0,Tarjeta crédito,App móvil,Desktop,Cali,9.0,5,No
TXN-0005436,2022-12-28,41307.0,Moda,132361.0,Billetera digital,App móvil,Android,Cúcuta,6.0,5,No
TXN-0000726,2023-04-17,24899.0,Belleza,94490.0,Tarjeta crédito,Sitio web,Android,Medellín,4.0,5,No
TXN-0002455,2022-05-21,19896.0,Hogar,150733.0,Billetera digital,Sitio web,iOS,Cali,8.0,5,No
TXN-0006246,2024-07-18,49999.0,Alimentos,43441.0,Billetera digital,App móvil,Android,CALI,5.0,5,No
TXN-0001152,2022-02-10,19873.0,Alimentos,70785.0,Tarjeta crédito,App móvil,Android,Cali,6.0,5,No
TXN-0006201,2024-05-10,56200.0,Hogar,109564.0,Tarjeta débito,App móvil,Desktop,Bogotá,3.0,5,No
TXN-0004208,2022-02-02,30693.0,Belleza,90268.0,PSE,App móvil,Android,Bogotá,6.0,5,No
TXN-0003710,2023-12-14,20191.0,Tecnología,921575.0,Tarjeta crédito,App móvil,Android,Cartagena,4.0,5,No
TXN-0007446,2023-08-16,51225.0,Electrónica,1012391.0,Billetera digital,Sitio web,Android,Ibagué,4.0,5,No
TXN-0001646,2022-07-03,27899.0,Tecnología,893129.0,Contraentrega,App móvil,Android,Medellín,7.0,5,No
TXN-0000563,2022-06-21,38203.0,Mascotas,31254.0,Contraentrega,App móvil,iOS,Barranquilla,6.0,5,No
TXN-0004339,2023-07-07,48965.0,Moda,146748.0,PSE,Sitio web,Desktop,Bucaramanga,4.0,5,No
TXN-0003540,2023-08-10,56227.0,Juguetes,76756.0,PSE,Sitio web,Android,Pereira,7.0,5,No
TXN-0007262,2024-02-17,11031.0,DEPORTES,119103.0,Tarjeta débito,App móvil,Android,Cartagena,7.0,5,No
TXN-0006466,,58719.0,Electrónica,1039002.0,Billetera digital,App móvil,iOS,CALI,6.0,5,No
TXN-0002275,,32444.0,Electrónica,23837.0,Tarjeta débito,App móvil,Android,Medellín,2.0,5,No
TXN-0000800,2023-08-05,26363.0,Alimentos,17871.0,Contraentrega,App móvil,Android,Bogotá,4.0,5,No
TXN-0003913,2023-10-08,54382.0,Hogar,364039.0,Billetera digital,App móvil,Android,Cartagena,5.0,5,No
TXN-0000740,2023-07-15,47325.0,Libros,63104.0,PSE,App móvil,Android,Bogotá,4.0,5,No
TXN-0003342,2023-07-08,15590.0,Moda,81480.0,Tarjeta crédito,Sitio web,Desktop,Bogotá,7.0,5,No
TXN-0005315,2023-12-14,41349.0,Deportes,145027.0,Contraentrega,Sitio web,iOS,Medellín,2.0,5,No
TXN-0005591,2024-11-28,51507.0,Electrónica,726604.0,PSE,Sitio web,Android,Cúcuta,6.0,5,No
TXN-0000383,2024-04-16,13308.0,Moda,145679.0,Contraentrega,App móvil,Android,Bogotá,5.0,5,No
TXN-0000629,,38868.0,Libros,54151.0,Tarjeta débito,App móvil,,Bogotá,2.0,5,Sí
TXN-0004386,2022-06-08,20554.0,Hogar,138832.0,Contraentrega,App móvil,Android,Bogotá,3.0,5,No
TXN-0000476,2022-07-23,27673.0,Juguetes,51432.0,Billetera digital,App móvil,Android,BUCARAMANGA,3.0,5,No
TXN-0000123,2022-06-14,29957.0,Libros,59805.0,Tarjeta crédito,Sitio web,iOS,Ibagué,4.0,5,No
TXN-0000303,2022-11-21,33434.0,Electrónica,557664.0,Tarjeta débito,Sitio web,iOS,Bogotá,7.0,5,No
TXN-0005352,2024-09-12,12524.0,Mascotas,93774.0,Tarjeta débito,App móvil,Desktop,Bogotá,6.0,5,No
TXN-0001791,2024-06-29,16986.0,Deportes,199118.0,Tarjeta débito,App móvil,Android,Bogotá,4.0,5,No
TXN-0007662,2022-11-29,41181.0,Deportes,251384.0,PSE,App móvil,Android,Pereira,5.0,5,Sí
TXN-0005546,2023-07-29,17212.0,Moda,91651.0,Contraentrega,Sitio web,iOS,Cali,6.0,5,No
,2023-02-17,59974.0,Moda,133862.0,PSE,Sitio web,Desktop,Manizales,5.0,5,No
TXN-0002796,2023-03-22,23139.0,Belleza,97970.0,Tarjeta débito,App móvil,Android,Bucaramanga,3.0,5,No
TXN-0002789,2022-03-22,36813.0,Belleza,67355.0,Tarjeta débito,App móvil,Android,Bogotá,1.0,5,No
TXN-0003269,2023-04-15,11905.0,Moda,17735.0,Tarjeta crédito,Sitio web,Android,Bogotá,5.0,5,No
TXN-0005140,2024-01-25,12270.0,Tecnología,572547.0,Tarjeta débito,App móvil,Desktop,Cali,3.0,5,No
TXN-0006862,2023-06-13,30423.0,Tecnología,1084599.0,Tarjeta crédito,Sitio web,Desktop,Pereira,3.0,5,No
TXN-0007008,2024-07-02,14196.0,Alimentos,39895.0,PSE,App móvil,Desktop,Ibagué,3.0,5,No
TXN-0000519,2024-04-10,38001.0,Electrónica,727861.0,Contraentrega,App móvil,iOS,Bogotá,3.0,5,No
TXN-0001732,2022-04-01,51397.0,Moda,127606.0,PSE,App móvil,Android,Medellín,6.0,5,No
TXN-0003389,2022-12-27,46491.0,MODA,106528.0,PSE,App móvil,Android,Medellín,3.0,5,No
TXN-0002862,2022-10-18,57019.0,Belleza,53259.0,PSE,Sitio web,iOS,Pereira,3.0,5,No
TXN-0007252,2024-11-26,47772.0,Hogar,27834.0,PSE,App móvil,Android,Medellín,3.0,5,No
TXN-0000637,2024-02-27,38377.0,HOGAR,193741.0,Tarjeta débito,App móvil,Desktop,Bogotá,4.0,5,No
TXN-0006220,2022-08-20,35809.0,Moda,163392.0,Billetera digital,App móvil,Android,Bucaramanga,3.0,5,No
TXN-0004963,2023-09-28,23110.0,Hogar,190077.0,Tarjeta débito,App móvil,Android,Bucaramanga,7.0,5,No
TXN-0002484,2022-09-17,21193.0,Belleza,111506.0,Contraentrega,App móvil,Android,Pereira,2.0,5,No
TXN-0005800,2023-11-17,42785.0,Belleza,100525.0,Tarjeta crédito,App móvil,Android,Bogotá,5.0,5,No
TXN-0006382,2024-04-24,40926.0,Alimentos,78657.0,PSE,App móvil,Desktop,Medellín,3.0,5,No
TXN-0005441,2022-12-16,20692.0,LIBROS,75852.0,Tarjeta crédito,App móvil,iOS,Medellín,4.0,5,No
TXN-0003293,2023-02-27,,BELLEZA,112044.0,Tarjeta crédito,App móvil,Android,Medellín,3.0,5,No
TXN-0003740,2024-06-27,21466.0,Mascotas,86561.0,PSE,App móvil,iOS,Cúcuta,4.0,5,No
TXN-0002121,2022-02-06,17026.0,Hogar,78350.0,Contraentrega,App móvil,iOS,Bogotá,3.0,5,No
TXN-0004157,2023-08-07,41671.0,Libros,52776.0,Contraentrega,Sitio web,Android,Medellín,5.0,5,No
TXN-0006886,2023-09-01,18461.0,Electrónica,1464294.0,Billetera digital,App móvil,Android,Cúcuta,5.0,5,No
TXN-0004848,2024-01-09,35907.0,Alimentos,45923.0,Tarjeta crédito,App móvil,iOS,Bogotá,5.0,5,Sí
TXN-0006588,2023-04-30,37545.0,Deportes,122640.0,PSE,App móvil,Android,Cali,4.0,5,No
TXN-0006444,2023-11-14,25164.0,Belleza,68767.0,Tarjeta crédito,App móvil,Desktop,Pereira,5.0,5,No
TXN-0001122,2022-01-17,54462.0,Deportes,149961.0,Tarjeta débito,Sitio web,Android,Bogotá,5.0,5,No
TXN-0006732,2024-02-17,20455.0,Mascotas,58443.0,Tarjeta débito,App móvil,Android,Bogotá,4.0,5,No
TXN-0000842,2022-08-29,40211.0,Juguetes,75944.0,Billetera digital,Sitio web,Android,Cali,1.0,5,No
TXN-0004010,2022-10-29,45851.0,Hogar,164338.0,Tarjeta crédito,App móvil,iOS,Bogotá,5.0,5,No
TXN-0007792,2023-12-03,13961.0,Belleza,99232.0,Contraentrega,App móvil,Android,Bogotá,3.0,5,Sí
TXN-0000731,2024-08-16,,Tecnología,755768.0,Tarjeta crédito,App móvil,Desktop,Bogotá,5.0,5,No
TXN-0006926,2022-05-26,,Belleza,84298.0,Tarjeta crédito,Sitio web,Android,BOGOTÁ,3.0,5,No
TXN-0004822,2023-11-09,15258.0,Electrónica,694636.0,PSE,App móvil,iOS,Bucaramanga,5.0,5,No
TXN-0003173,2024-03-07,22298.0,Electrónica,768727.0,Tarjeta débito,App móvil,Android,Pereira,6.0,5,No
TXN-0006050,2024-10-07,40946.0,Moda,133355.0,Tarjeta débito,Sitio web,Android,Bogotá,4.0,5,No
TXN-0007999,2023-07-19,20476.0,Hogar,115946.0,Tarjeta crédito,App móvil,Android,Cúcuta,6.0,5,No
TXN-0004760,2022-10-31,42006.0,Tecnología,901497.0,Tarjeta débito,App móvil,Android,Bogotá,4.0,5,No
TXN-0001721,,38918.0,MODA,165227.0,Tarjeta crédito,Sitio web,iOS,Medellín,3.0,5,No
TXN-0001990,2023-01-31,48568.0,Mascotas,50976.0,Billetera digital,Sitio web,Android,Bogotá,3.0,5,No
TXN-0006893,2023-12-01,10589.0,Juguetes,92921.0,Tarjeta débito,App móvil,iOS,PEREIRA,8.0,4,No
TXN-0006649,2023-03-11,58786.0,Electrónica,482576.0,Tarjeta crédito,Sitio web,Android,Bogotá,6.0,5,Sí
TXN-0005330,2023-05-04,13007.0,Moda,214374.0,PSE,Sitio web,Android,Bogotá,6.0,5,No
TXN-0004712,2024-01-09,27551.0,Alimentos,43110.0,Tarjeta crédito,App móvil,iOS,Cali,6.0,5,No
TXN-0007630,2022-01-08,22432.0,Hogar,151604.0,Tarjeta crédito,App móvil,Android,Bogotá,1.0,5,No
TXN-0006480,2022-06-30,22536.0,Libros,44465.0,Tarjeta crédito,Sitio web,Android,Cartagena,1.0,5,No
TXN-0000108,2024-05-14,30962.0,Moda,30162.0,Tarjeta crédito,App móvil,iOS,Bogotá,3.0,5,No
TXN-0002382,2023-12-20,21029.0,Alimentos,46655.0,Tarjeta crédito,App móvil,Android,Bogotá,7.0,5,No
TXN-0001968,2023-10-25,43889.0,Electrónica,310834.0,Tarjeta crédito,App móvil,Desktop,Ibagué,5.0,5,No
TXN-0005937,2023-08-10,19596.0,Belleza,116287.0,PSE,App móvil,Desktop,Cúcuta,6.0,5,No
TXN-0002436,2022-12-26,14014.0,Tecnología,1686066.0,Tarjeta crédito,Sitio web,Android,Cartagena,6.0,5,No
TXN-0000582,2022-12-27,59283.0,Deportes,51739.0,Billetera digital,Sitio web,Android,Bogotá,5.0,5,No
TXN-0007560,2024-06-15,23480.0,Tecnología,604749.0,Billetera digital,Sitio web,iOS,Cali,3.0,5,No
TXN-0002920,2023-09-19,24987.0,Deportes,260318.0,PSE,App móvil,Android,Bogotá,5.0,5,No
TXN-0006247,2024-04-04,41640.0,Tecnología,470626.0,Tarjeta crédito,Sitio web,iOS,Ibagué,4.0,5,No
TXN-0002742,2022-09-27,22356.0,Electrónica,568386.0,Tarjeta crédito,App móvil,Android,Barranquilla,4.0,5,No
TXN-0003816,2022-04-05,36911.0,Hogar,105861.0,Tarjeta débito,App móvil,Android,Cali,4.0,5,No
TXN-0002746,2023-02-05,19569.0,Moda,67187.0,Tarjeta crédito,App móvil,Desktop,Barranquilla,7.0,5,No
TXN-0003683,2023-02-22,28825.0,Electrónica,803695.0,Billetera digital,Sitio web,Desktop,Bucaramanga,5.0,5,No
TXN-0007649,2023-08-11,44387.0,Juguetes,69258.0,Tarjeta crédito,App móvil,iOS,Cali,4.0,5,No
TXN-0004630,2023-02-27,15247.0,Hogar,261075.0,PSE,App móvil,Android,Cali,7.0,5,No
TXN-0000619,2023-01-03,41346.0,Juguetes,99286.0,Tarjeta crédito,Sitio web,iOS,Medellín,4.0,5,No
TXN-0002261,2023-05-17,36468.0,Moda,97227.0,Tarjeta débito,App móvil,Android,Bogotá,8.0,5,No
TXN-0006288,2022-06-24,42616.0,Libros,28733.0,Tarjeta crédito,App móvil,Android,Bogotá,6.0,5,No
TXN-0001282,2024-02-01,28737.0,Alimentos,49759.0,Tarjeta crédito,Sitio web,iOS,Bogotá,6.0,5,No
TXN-0007854,2024-12-20,13858.0,Alimentos,36312.0,Contraentrega,App móvil,Android,Bogotá,1.0,5,No
TXN-0005300,2024-07-18,19054.0,TECNOLOGÍA,608860.0,Billetera digital,Sitio web,Android,Medellín,3.0,5,No
TXN-0000864,2023-09-20,17337.0,Alimentos,32527.0,Tarjeta crédito,Sitio web,Android,Bogotá,8.0,5,No
TXN-0006776,2024-02-24,54737.0,Tecnología,855301.0,Tarjeta débito,Sitio web,Android,Cali,3.0,5,No
TXN-0001315,2024-06-18,42071.0,MASCOTAS,85950.0,Tarjeta crédito,App móvil,Android,Bogotá,5.0,5,No
TXN-0005702,2023-01-18,39579.0,Moda,111634.0,Billetera digital,Sitio web,Desktop,CARTAGENA,2.0,5,No
TXN-0003870,2022-11-22,48546.0,Electrónica,865353.0,Contraentrega,App móvil,Android,Bogotá,5.0,5,No
TXN-0004355,2022-05-20,,Deportes,89062.0,Tarjeta débito,Sitio web,iOS,Medellín,1.0,5,No
TXN-0005189,2023-12-12,36674.0,Moda,76423.0,Tarjeta crédito,Sitio web,Android,Bogotá,5.0,5,No
TXN-0003177,2024-12-11,55028.0,Libros,61422.0,PSE,App móvil,Android,Pereira,4.0,5,No
TXN-0007045,2023-12-03,40047.0,BELLEZA,85540.0,Contraentrega,Sitio web,Android,Cartagena,6.0,5,Sí
TXN-0005586,2022-12-02,13100.0,Libros,76343.0,PSE,App móvil,Desktop,Barranquilla,5.0,5,No
TXN-0004420,2022-11-09,29676.0,Tecnología,516980.0,Tarjeta crédito,App móvil,iOS,Bucaramanga,3.0,5,No
TXN-0000470,2023-01-13,29910.0,Tecnología,779698.0,Tarjeta crédito,Sitio web,Android,Barranquilla,6.0,5,No
TXN-0004040,2024-11-02,49117.0,Alimentos,25698.0,Tarjeta crédito,App móvil,iOS,Bogotá,3.0,5,No
TXN-0002800,2023-06-25,40490.0,Juguetes,144366.0,Billetera digital,Sitio web,iOS,Cali,4.0,5,No
TXN-0001165,2024-03-25,28822.0,Deportes,145632.0,Contraentrega,Sitio web,Android,Cali,2.0,5,No
TXN-0005701,2024-08-17,52604.0,Mascotas,45410.0,Tarjeta crédito,App móvil,Android,Medellín,6.0,5,No
TXN-0004894,2022-01-11,30494.0,Moda,202339.0,Contraentrega,Sitio web,Android,Bogotá,3.0,5,No
TXN-0004422,2023-05-13,51752.0,Electrónica,806893.0,Tarjeta crédito,Sitio web,,Medellín,3.0,5,No
TXN-0003003,2024-10-21,38048.0,Hogar,68495.0,Tarjeta crédito,App móvil,Android,Pereira,7.0,5,No
TXN-0006114,2023-11-25,24328.0,Hogar,339013.0,Billetera digital,App móvil,iOS,Bucaramanga,5.0,5,No
TXN-0002522,2023-11-10,,Alimentos,45893.0,Tarjeta débito,App móvil,Android,Cali,5.0,5,No
,2024-01-09,24855.0,Moda,152897.0,Tarjeta crédito,Sitio web,iOS,Cali,3.0,5,No
TXN-0003900,2023-02-19,11696.0,Libros,45174.0,Billetera digital,App móvil,Desktop,Barranquilla,1.0,5,No
TXN-0006673,2023-12-14,10583.0,Hogar,140522.0,Tarjeta débito,App móvil,iOS,Bogotá,6.0,5,No
TXN-0003408,2023-02-03,18282.0,Alimentos,46501.0,Contraentrega,App móvil,Android,Bogotá,7.0,5,No
TXN-0000771,2024-07-08,,Juguetes,49987.0,Tarjeta crédito,App móvil,iOS,Bogotá,5.0,5,No
TXN-0007930,2022-10-03,45031.0,Hogar,281550.0,PSE,App móvil,iOS,Pereira,7.0,5,No
TXN-0002083,2022-04-28,46931.0,Moda,167229.0,PSE,App móvil,Desktop,Manizales,5.0,5,No
TXN-0001970,2024-11-07,25983.0,Hogar,279476.0,Tarjeta crédito,App móvil,Android,Bogotá,4.0,5,No
TXN-0005553,2023-09-22,52258.0,Electrónica,606728.0,PSE,App móvil,Android,Cali,5.0,5,No
TXN-0006068,2023-08-28,14037.0,Deportes,154182.0,Tarjeta crédito,App móvil,Android,Cúcuta,5.0,5,No
TXN-0004706,2024-12-30,45585.0,Belleza,59026.0,PSE,App móvil,iOS,PEREIRA,3.0,5,No
TXN-0000335,2023-07-28,55792.0,Alimentos,50119.0,Tarjeta crédito,App móvil,Android,Cali,4.0,5,No
TXN-0004099,2024-12-21,10013.0,Hogar,222926.0,Contraentrega,Sitio web,Android,Medellín,6.0,5,No
TXN-0001649,2023-08-09,18693.0,Alimentos,68569.0,Tarjeta débito,Sitio web,Desktop,Cúcuta,4.0,5,No
TXN-0006647,2022-10-03,35700.0,Electrónica,873745.0,Contraentrega,App móvil,Android,Bogotá,5.0,5,No
TXN-0003542,2022-10-10,42345.0,Moda,179193.0,Tarjeta crédito,App móvil,Android,Bucaramanga,3.0,5,No
TXN-0005882,2024-01-03,32419.0,Deportes,230256.0,PSE,App móvil,Android,Barranquilla,5.0,5,No
TXN-0005914,,52838.0,Electrónica,564253.0,Tarjeta débito,App móvil,iOS,Cartagena,3.0,5,No
TXN-0001327,2024-01-21,28625.0,Hogar,130451.0,Tarjeta débito,App móvil,Desktop,Bogotá,8.0,5,No
TXN-0003618,2022-01-26,40704.0,MASCOTAS,40422.0,Tarjeta crédito,App móvil,iOS,Bogotá,3.0,5,No
TXN-0007861,2024-06-07,41259.0,Alimentos,15836.0,Tarjeta crédito,App móvil,Android,Medellín,5.0,5,No
TXN-0004021,2023-10-15,47369.0,Electrónica,372099.0,PSE,App móvil,Android,Bogotá,7.0,5,No
TXN-0001408,2022-02-06,48663.0,Libros,35804.0,Contraentrega,App móvil,Desktop,Ibagué,2.0,5,No
TXN-0003917,2023-01-20,23468.0,Hogar,182512.0,Tarjeta crédito,App móvil,Android,Cartagena,6.0,5,No
TXN-0006393,2022-12-18,50484.0,Hogar,190019.0,Tarjeta débito,Sitio web,Android,Ibagué,3.0,5,No
TXN-0002311,2022-12-22,55524.0,Hogar,227185.0,PSE,App móvil,iOS,Bogotá,6.0,5,No
TXN-0001243,2024-05-30,31988.0,Juguetes,129371.0,PSE,App móvil,Android,BARRANQUILLA,4.0,5,No
TXN-0000961,2022-05-29,27345.0,Tecnología,1228231.0,PSE,App móvil,Android,Barranquilla,5.0,5,No
TXN-0007979,2024-12-31,37375.0,Deportes,208153.0,Tarjeta crédito,App móvil,Desktop,Bucaramanga,4.0,5,No
TXN-0006477,2024-08-05,35716.0,Mascotas,98951.0,Billetera digital,Sitio web,Android,Medellín,8.0,5,No
TXN-0006794,2024-01-07,23470.0,Electrónica,606294.0,Tarjeta débito,Sitio web,Android,Bogotá,3.0,5,No
,2022-04-28,41150.0,Mascotas,118191.0,Tarjeta débito,App móvil,iOS,Manizales,5.0,5,No
TXN-0003357,2023-08-26,53146.0,Electrónica,778970.0,Contraentrega,Sitio web,iOS,Cúcuta,9.0,5,No
TXN-0002533,2023-07-13,55842.0,Libros,56691.0,Tarjeta crédito,App móvil,iOS,MANIZALES,4.0,5,No
TXN-0004278,2024-04-04,36071.0,Tecnología,962437.0,Tarjeta crédito,App móvil,Android,Manizales,3.0,5,No
TXN-0003405,2022-08-25,41768.0,Hogar,194227.0,Tarjeta crédito,Sitio web,iOS,Manizales,3.0,5,No
,2023-04-13,25143.0,Libros,37321.0,Tarjeta crédito,App móvil,iOS,Cali,3.0,5,No
TXN-0004440,2023-05-30,35736.0,Juguetes,113091.0,PSE,Sitio web,Android,Cúcuta,2.0,5,No
TXN-0001209,2022-11-10,33144.0,Moda,115708.0,Tarjeta débito,Sitio web,Android,Bogotá,7.0,5,No
TXN-0007076,2022-06-18,37971.0,Tecnología,750038.0,Tarjeta crédito,Sitio web,Android,Bogotá,4.0,5,Sí
TXN-0004500,2023-06-19,11438.0,Belleza,87427.0,Billetera digital,App móvil,Android,Bogotá,3.0,5,No
TXN-0003611,2023-04-04,17656.0,Moda,66350.0,PSE,Sitio web,iOS,Cúcuta,6.0,5,No
TXN-0002571,2022-12-26,22446.0,Juguetes,60577.0,Tarjeta crédito,App móvil,Android,Bogotá,2.0,5,No
TXN-0004946,2022-03-24,14598.0,Moda,174470.0,Tarjeta débito,Sitio web,iOS,Manizales,6.0,5,No
TXN-0003120,2023-07-20,47346.0,Hogar,22755.0,Tarjeta crédito,App móvil,iOS,Pereira,2.0,5,No
TXN-0003303,2024-12-31,54567.0,Moda,178596.0,Tarjeta crédito,App móvil,Android,Cúcuta,3.0,5,No
TXN-0000174,2023-01-24,20216.0,Alimentos,36549.0,Tarjeta crédito,Sitio web,Android,Bogotá,6.0,5,No
TXN-0005943,2023-03-29,50456.0,Moda,64907.0,Tarjeta crédito,App móvil,Android,Cartagena,8.0,4,No
TXN-0006889,2024-03-03,22074.0,Moda,65977.0,Tarjeta débito,App móvil,Desktop,Bogotá,6.0,5,No
TXN-0001877,2024-03-12,14087.0,Deportes,157628.0,Tarjeta crédito,Sitio web,iOS,Cali,3.0,5,No
TXN-0000185,2024-12-16,12604.0,Tecnología,1351806.0,Contraentrega,App móvil,Android,Ibagué,8.0,3,No
TXN-0001822,2024-07-06,49087.0,Hogar,337525.0,Billetera digital,App móvil,Android,Bogotá,4.0,5,No
TXN-0001523,,37551.0,Tecnología,1430746.0,Contraentrega,App móvil,Desktop,Bogotá,3.0,5,No
TXN-0002453,2024-11-23,34806.0,Libros,68201.0,PSE,Sitio web,Android,BARRANQUILLA,6.0,5,No
TXN-0001500,2023-08-18,10943.0,Alimentos,61852.0,Contraentrega,Sitio web,Desktop,Bogotá,4.0,5,No
TXN-0000236,2023-12-05,27382.0,Alimentos,58094.0,Tarjeta crédito,Sitio web,iOS,Bogotá,3.0,5,No
TXN-0002788,2024-12-18,39240.0,Libros,75877.0,Tarjeta débito,App móvil,Android,Bogotá,2.0,5,No
TXN-0004323,2022-04-08,12724.0,Deportes,104400.0,Contraentrega,App móvil,Android,Medellín,7.0,5,No
TXN-0001984,2024-08-23,22514.0,Alimentos,73895.0,Tarjeta crédito,App móvil,Desktop,Cúcuta,5.0,5,No
TXN-0006692,2022-10-22,43392.0,Libros,31718.0,Tarjeta crédito,App móvil,Android,Bogotá,3.0,5,No
TXN-0004038,2024-10-15,52084.0,Deportes,9813.0,Tarjeta débito,Sitio web,Desktop,Cali,5.0,5,No
TXN-0001105,2024-05-15,29326.0,Moda,75005.0,Tarjeta crédito,App móvil,iOS,Cali,3.0,5,No
TXN-0005896,2023-12-06,30485.0,Alimentos,71445.0,Contraentrega,App móvil,Desktop,Cali,5.0,5,No
TXN-0006751,2023-09-10,35580.0,Juguetes,78556.0,Tarjeta débito,Sitio web,Android,Cali,6.0,5,No
TXN-0004658,2024-06-06,12133.0,Mascotas,52554.0,Tarjeta débito,Sitio web,iOS,Bogotá,5.0,5,No
TXN-0007000,2022-12-08,15904.0,Electrónica,1339791.0,Tarjeta débito,App móvil,Desktop,Barranquilla,6.0,5,No
TXN-0004519,2022-07-11,40854.0,Tecnología,811952.0,Tarjeta crédito,App móvil,Android,Cali,1.0,5,No
TXN-0004863,2023-09-25,20412.0,ALIMENTOS,22811.0,Tarjeta crédito,Sitio web,Android,Medellín,5.0,5,No
TXN-0007583,2022-10-15,17080.0,Hogar,310481.0,Tarjeta débito,App móvil,Android,Bogotá,2.0,5,No
TXN-0005930,2022-03-17,43565.0,Libros,15868.0,Tarjeta crédito,App móvil,iOS,Cartagena,7.0,5,No
TXN-0005994,2023-03-21,31920.0,Hogar,219924.0,Tarjeta crédito,App móvil,Desktop,Bogotá,3.0,5,Sí
TXN-0000918,2023-03-11,53915.0,Deportes,68673.0,PSE,App móvil,Android,Medellín,5.0,5,No
TXN-0000929,2023-06-29,33021.0,Deportes,199842.0,Billetera digital,Sitio web,Desktop,Bogotá,5.0,5,No
TXN-0007283,2023-03-12,13311.0,Hogar,233999.0,Contraentrega,App móvil,Desktop,Medellín,1.0,5,No
TXN-0007295,2022-06-01,10574.0,Electrónica,794758.0,Tarjeta crédito,App móvil,Desktop,Medellín,4.0,5,No
TXN-0000604,2022-04-15,13646.0,ELECTRÓNICA,471212.0,Tarjeta débito,App móvil,Android,Barranquilla,6.0,5,No
TXN-0005331,,32253.0,Moda,146157.0,Tarjeta crédito,App móvil,Desktop,Pereira,5.0,5,No
TXN-0003346,2023-10-09,29022.0,Belleza,63269.0,Billetera digital,App móvil,Android,Medellín,7.0,5,No
TXN-0005215,2024-09-19,35835.0,Moda,129420.0,Tarjeta crédito,App móvil,Android,Bogotá,4.0,5,No
TXN-0006526,2024-08-11,20328.0,Juguetes,85583.0,PSE,App móvil,Android,Bogotá,8.0,3,No
TXN-0005224,2023-08-17,58565.0,Belleza,99037.0,PSE,Sitio web,Android,Barranquilla,1.0,5,No
TXN-0001465,2024-08-24,43507.0,Deportes,101547.0,PSE,Sitio web,Android,Cartagena,5.0,5,No
TXN-0003446,2024-12-18,36154.0,Deportes,142130.0,Tarjeta crédito,App móvil,Android,Cali,4.0,5,No
TXN-0000806,2024-12-29,16314.0,Juguetes,139945.0,PSE,Sitio web,Android,Bucaramanga,10.0,3,No
TXN-0000662,2024-05-17,18713.0,Tecnología,1352379.0,Tarjeta crédito,App móvil,iOS,Barranquilla,8.0,5,No
TXN-0004283,2024-04-09,51674.0,Mascotas,62659.0,Billetera digital,App móvil,Android,Pereira,4.0,5,No
TXN-0007001,2024-04-27,57947.0,Libros,67290.0,Tarjeta crédito,App móvil,,Cali,4.0,5,No
TXN-0000212,2022-06-01,11040.0,Hogar,269264.0,Tarjeta crédito,App móvil,iOS,Cali,5.0,5,No
TXN-0007319,2023-01-10,50426.0,Electrónica,1107153.0,PSE,App móvil,iOS,Cali,5.0,5,No
TXN-0006151,2022-03-12,37503.0,Alimentos,47074.0,Tarjeta débito,App móvil,Desktop,Manizales,5.0,5,No
TXN-0006837,2024-06-28,29118.0,Electrónica,468126.0,Contraentrega,Sitio web,Android,Cali,6.0,5,No
TXN-0003158,2023-06-09,45758.0,Hogar,271634.0,Contraentrega,App móvil,Android,Medellín,4.0,5,No
TXN-0002829,2022-03-27,28765.0,Libros,31940.0,Contraentrega,App móvil,Android,Medellín,6.0,5,No
TXN-0000117,2023-09-20,47527.0,Mascotas,59863.0,Contraentrega,App móvil,iOS,Manizales,3.0,5,Sí
TXN-0004159,2024-06-01,46137.0,Moda,67503.0,Tarjeta crédito,App móvil,Desktop,Barranquilla,7.0,5,No
TXN-0004728,2024-07-18,13231.0,Deportes,190043.0,Contraentrega,Sitio web,Android,Medellín,7.0,5,No
TXN-0002568,,38992.0,Belleza,72225.0,PSE,App móvil,Android,Barranquilla,5.0,5,No
TXN-0001831,2023-08-07,27475.0,Alimentos,46565.0,Tarjeta débito,App móvil,Android,Medellín,4.0,5,No
TXN-0003984,2023-09-28,57481.0,Electrónica,280864.0,Tarjeta débito,App móvil,iOS,Medellín,5.0,5,No
TXN-0000043,2023-04-30,16330.0,Belleza,75752.0,Contraentrega,Sitio web,iOS,Medellín,7.0,5,No
TXN-0001071,2024-11-30,53143.0,Tecnología,1571597.0,Billetera digital,App móvil,Android,Bogotá,3.0,5,No
TXN-0004103,2023-05-05,,DEPORTES,154233.0,Tarjeta crédito,App móvil,iOS,Barranquilla,6.0,5,No
TXN-0004385,2022-09-05,44573.0,Hogar,105460.0,Tarjeta crédito,App móvil,iOS,Bucaramanga,6.0,5,No
TXN-0001607,2023-09-11,53526.0,Tecnología,1687463.0,Tarjeta crédito,Sitio web,Android,CARTAGENA,4.0,5,No
TXN-0006019,2024-02-06,22112.0,Electrónica,272402.0,Billetera digital,Sitio web,Android,Medellín,2.0,5,No
TXN-0004553,2023-08-25,30598.0,Electrónica,843428.0,Tarjeta crédito,App móvil,Desktop,Cartagena,5.0,5,No
TXN-0000113,2022-06-17,57015.0,Deportes,191124.0,Tarjeta débito,App móvil,iOS,Medellín,2.0,5,No
TXN-0000983,2024-09-20,59597.0,Libros,24191.0,PSE,App móvil,iOS,Bogotá,4.0,5,No
TXN-0006064,2024-02-17,31642.0,Moda,184302.0,Billetera digital,App móvil,Android,Cali,3.0,5,No
TXN-0003038,2023-05-28,44626.0,Mascotas,49907.0,Tarjeta crédito,App móvil,iOS,Medellín,2.0,5,No
TXN-0000544,2022-05-23,54711.0,Libros,38320.0,Tarjeta crédito,App móvil,iOS,Bogotá,6.0,5,No
TXN-0001158,2022-10-31,37427.0,Moda,54270.0,Billetera digital,Sitio web,Android,Ibagué,3.0,5,No
TXN-0007631,2022-02-28,50407.0,Belleza,66257.0,PSE,Sitio web,Android,Barranquilla,5.0,5,No
TXN-0007255,2022-07-21,46151.0,Mascotas,11702.0,Tarjeta débito,App móvil,Android,Cali,4.0,5,No
TXN-0005795,,19486.0,Belleza,65603.0,Billetera digital,App móvil,Android,Medellín,6.0,5,No
TXN-0003279,2024-10-26,58538.0,BELLEZA,35789.0,Contraentrega,Sitio web,Android,Bogotá,7.0,5,No
TXN-0002925,2023-07-04,43402.0,Tecnología,319894.0,Tarjeta crédito,App móvil,Desktop,Medellín,1.0,5,No
TXN-0003901,2023-08-16,52090.0,ELECTRÓNICA,1120808.0,Tarjeta débito,App móvil,Android,Bogotá,3.0,5,No
TXN-0000789,2023-09-10,28333.0,Moda,105807.0,Contraentrega,Sitio web,Android,BARRANQUILLA,5.0,5,No
TXN-0007410,2023-02-24,59949.0,Hogar,81120.0,Tarjeta crédito,Sitio web,iOS,Bogotá,2.0,5,No
TXN-0001328,2022-02-05,26939.0,Belleza,109039.0,Tarjeta crédito,Sitio web,,Bucaramanga,7.0,5,No
TXN-0006193,2024-12-27,44572.0,Moda,182297.0,Contraentrega,App móvil,Desktop,Cúcuta,4.0,5,No
TXN-0003756,2022-10-28,51208.0,Electrónica,854218.0,Tarjeta crédito,App móvil,Android,Barranquilla,6.0,5,No
TXN-0003061,2023-11-02,45318.0,Alimentos,58128.0,Tarjeta débito,App móvil,iOS,Medellín,2.0,5,No
TXN-0004399,,50350.0,Libros,23121.0,Tarjeta débito,App móvil,Android,Bogotá,5.0,5,No
TXN-0005613,2022-05-19,38108.0,Alimentos,16353.0,PSE,App móvil,Desktop,Bucaramanga,2.0,5,No
TXN-0003806,2022-01-18,54045.0,Electrónica,732568.0,Tarjeta débito,App móvil,iOS,Cali,5.0,5,No
TXN-0000681,2024-05-24,23153.0,Hogar,160719.0,Tarjeta débito,Sitio web,Android,Cali,5.0,5,No
TXN-0002017,2024-04-01,50249.0,Libros,30862.0,Contraentrega,App móvil,Android,Cartagena,3.0,5,No
TXN-0005024,2022-09-09,31127.0,Juguetes,169692.0,Contraentrega,Sitio web,Android,Cali,4.0,5,No
TXN-0001214,2022-11-09,49184.0,Moda,102578.0,Tarjeta débito,Sitio web,Android,Bogotá,5.0,5,No
TXN-0006464,2022-05-20,55704.0,Electrónica,406504.0,Tarjeta crédito,Sitio web,iOS,Medellín,5.0,5,No
TXN-0001812,2024-08-05,11644.0,Belleza,114621.0,Tarjeta crédito,App móvil,iOS,Bogotá,6.0,5,No
TXN-0004305,2024-02-25,58215.0,Juguetes,55283.0,Tarjeta débito,Sitio web,Desktop,Ibagué,6.0,5,No
TXN-0007692,2023-01-12,41246.0,Libros,24756.0,PSE,App móvil,Android,Bogotá,5.0,5,No
TXN-0005927,2023-08-04,25178.0,Libros,62539.0,Tarjeta crédito,Sitio web,Android,Bogotá,2.0,5,No
TXN-0004594,2023-01-02,53159.0,Moda,173551.0,PSE,App móvil,Android,Cali,5.0,5,No
TXN-0002985,2024-09-10,49215.0,Alimentos,32003.0,Tarjeta débito,Sitio web,Android,Medellín,6.0,5,No
TXN-0004359,2024-05-15,48827.0,Belleza,87472.0,Tarjeta débito,App móvil,Android,Bogotá,4.0,5,No
TXN-0001952,2024-10-21,44583.0,Moda,53460.0,Tarjeta débito,Sitio web,Desktop,Barranquilla,4.0,5,No
TXN-0003467,2023-12-21,57725.0,Hogar,256360.0,Tarjeta débito,Sitio web,Android,Cali,5.0,5,No
TXN-0004806,2023-07-31,,Electrónica,713616.0,Tarjeta crédito,Sitio web,iOS,Bogotá,4.0,5,No
TXN-0000510,,58101.0,Deportes,170311.0,PSE,Sitio web,Desktop,Bucaramanga,4.0,5,No
TXN-0003566,2024-03-19,33391.0,Moda,122060.0,Tarjeta crédito,App móvil,Android,Pereira,10.0,5,Sí
TXN-0007158,2022-08-15,38640.0,Belleza,96204.0,Tarjeta crédito,App móvil,Android,Cali,5.0,5,No
TXN-0006778,2022-12-29,54466.0,Deportes,160026.0,Tarjeta débito,App móvil,Desktop,Medellín,4.0,5,No
TXN-0006945,2024-03-18,,Tecnología,794250.0,PSE,Sitio web,iOS,Cúcuta,8.0,4,No
TXN-0007055,2023-04-10,36866.0,Electrónica,306394.0,Contraentrega,App móvil,Android,Medellín,4.0,5,No
TXN-0004646,2023-01-18,23229.0,Belleza,65837.0,PSE,App móvil,Desktop,Manizales,4.0,5,Sí
TXN-0000077,,46729.0,Tecnología,1073208.0,Tarjeta débito,App móvil,Android,Bogotá,5.0,5,No
TXN-0000189,2023-06-28,19473.0,Alimentos,27755.0,Tarjeta crédito,App móvil,Android,Cali,7.0,5,No
TXN-0003406,2023-12-31,39791.0,Moda,75013.0,PSE,App móvil,iOS,Medellín,3.0,5,No
TXN-0002023,,48529.0,Juguetes,71075.0,Tarjeta débito,App móvil,Android,BOGOTÁ,6.0,5,No
TXN-0003058,2023-12-26,19206.0,Juguetes,116503.0,Contraentrega,Sitio web,iOS,Cali,6.0,5,No
TXN-0007320,2022-07-17,28907.0,Moda,184065.0,Tarjeta crédito,App móvil,Desktop,MEDELLÍN,2.0,5,No
,2023-11-13,44405.0,Belleza,57542.0,Tarjeta débito,Sitio web,iOS,Medellín,5.0,5,No
TXN-0006045,2023-08-13,16221.0,Alimentos,78606.0,PSE,Sitio web,Android,Cali,5.0,5,No
TXN-0000974,2022-01-21,56185.0,Electrónica,487019.0,PSE,App móvil,Desktop,Cúcuta,7.0,5,Sí
TXN-0002377,2023-02-20,35846.0,Alimentos,62591.0,Tarjeta débito,Sitio web,iOS,Medellín,3.0,5,No
TXN-0000161,2024-08-22,24137.0,Hogar,103141.0,Contraentrega,Sitio web,Android,Cartagena,10.0,3,No
TXN-0005449,2023-02-27,15771.0,DEPORTES,133349.0,Tarjeta crédito,Sitio web,iOS,Barranquilla,5.0,5,No
TXN-0003031,2022-06-19,13540.0,Hogar,209928.0,PSE,Sitio web,Android,Cartagena,3.0,5,No
TXN-0007259,2023-12-21,47977.0,Libros,62980.0,Contraentrega,Sitio web,Desktop,Bogotá,5.0,5,No
TXN-0007047,2022-09-30,43420.0,Hogar,166709.0,Tarjeta débito,App móvil,Android,Bogotá,5.0,5,No
TXN-0001853,2023-05-04,55889.0,Alimentos,13670.0,Contraentrega,App móvil,Android,Cartagena,5.0,5,No
TXN-0007157,2022-09-02,43028.0,Belleza,135162.0,Contraentrega,App móvil,Android,Ibagué,7.0,5,No
TXN-0000811,2023-05-06,47490.0,Deportes,128083.0,Billetera digital,Sitio web,Desktop,Bogotá,3.0,5,No
TXN-0006047,2023-12-27,26321.0,Moda,99129.0,Billetera digital,App móvil,Desktop,Bogotá,5.0,5,No
TXN-0005714,2022-09-20,19973.0,Electrónica,722101.0,Billetera digital,Sitio web,Desktop,Bogotá,7.0,5,No
TXN-0004404,2022-11-14,15678.0,Juguetes,92037.0,Contraentrega,App móvil,iOS,Bucaramanga,1.0,5,No
TXN-0002987,2022-05-07,24956.0,Alimentos,36401.0,Contraentrega,App móvil,Android,Bucaramanga,4.0,5,Sí
TXN-0002594,2022-06-17,50277.0,Tecnología,1136497.0,Tarjeta débito,Sitio web,Android,MEDELLÍN,7.0,5,Sí
TXN-0003630,2022-06-04,,JUGUETES,56350.0,Tarjeta débito,App móvil,iOS,Cali,3.0,5,No
TXN-0006793,2022-01-03,,Deportes,143909.0,Tarjeta crédito,Sitio web,Desktop,Cali,7.0,5,No
TXN-0000324,2023-06-02,31020.0,Tecnología,773899.0,Billetera digital,Sitio web,Android,Medellín,4.0,5,No
TXN-0004697,2022-04-17,29110.0,Belleza,42646.0,Tarjeta crédito,App móvil,,Bucaramanga,2.0,5,No
TXN-0002491,2022-08-26,26689.0,Deportes,165920.0,Billetera digital,Sitio web,Android,Bogotá,4.0,5,No
TXN-0007344,2022-06-24,32463.0,Mascotas,81469.0,Tarjeta crédito,App móvil,iOS,Medellín,5.0,5,No
TXN-0002498,2023-02-20,18243.0,Moda,5000.0,Tarjeta débito,App móvil,Android,Ibagué,6.0,5,No
TXN-0001175,2023-01-15,57754.0,Moda,71514.0,Tarjeta crédito,Sitio web,Android,Cartagena,3.0,5,No
TXN-0000796,2022-11-09,29836.0,Alimentos,85304.0,Tarjeta crédito,Sitio web,Android,Cúcuta,4.0,5,No
TXN-0007794,2023-12-24,24783.0,Mascotas,90103.0,Tarjeta débito,Sitio web,Android,Cali,3.0,5,No
TXN-0001993,2024-06-13,19405.0,Belleza,71598.0,Billetera digital,Sitio web,Desktop,Ibagué,2.0,5,No
TXN-0002434,2024-03-19,58915.0,Tecnología,98006.0,PSE,App móvil,Android,Bogotá,8.0,3,No
TXN-0000631,2023-06-24,16721.0,Moda,60902.0,Tarjeta crédito,Sitio web,Android,Barranquilla,3.0,5,No
TXN-0005135,2022-02-25,23609.0,Hogar,99934.0,Tarjeta crédito,Sitio web,Android,Cali,4.0,5,No
TXN-0005512,2023-10-06,42138.0,Deportes,210490.0,Tarjeta débito,App móvil,iOS,Bogotá,2.0,5,No
TXN-0006318,2022-02-03,38019.0,Hogar,122282.0,Contraentrega,App móvil,Android,Cúcuta,4.0,5,No
TXN-0000255,2023-02-17,,Belleza,71628.0,Contraentrega,App móvil,Desktop,Bogotá,6.0,5,No
TXN-0005849,2024-07-05,26831.0,Alimentos,76504.0,Tarjeta débito,App móvil,Android,Medellín,4.0,5,No
TXN-0006833,2023-08-06,31626.0,Hogar,178624.0,Contraentrega,App móvil,iOS,Medellín,5.0,5,No
TXN-0005322,2024-02-09,20806.0,Mascotas,39563.0,Contraentrega,Sitio web,Desktop,Cali,3.0,5,No
TXN-0000553,2024-11-07,26514.0,Belleza,81606.0,Tarjeta crédito,App móvil,Android,Bucaramanga,5.0,5,No
TXN-0006639,2024-04-16,47178.0,Hogar,106685.0,Billetera digital,App móvil,Android,Bucaramanga,4.0,5,No
TXN-0007046,2024-06-25,34605.0,Moda,133643.0,Billetera digital,App móvil,iOS,Bogotá,7.0,5,No
TXN-0006067,2022-08-30,49707.0,Electrónica,352698.0,PSE,Sitio web,iOS,Bucaramanga,5.0,5,No
TXN-0002939,2022-05-29,45717.0,Hogar,99976.0,Contraentrega,Sitio web,Android,Barranquilla,7.0,5,No
TXN-0003606,2024-04-25,20157.0,Tecnología,1255165.0,Tarjeta débito,App móvil,Android,Cali,7.0,5,No
TXN-0006881,2022-07-18,50620.0,Hogar,224598.0,Contraentrega,App móvil,Android,Bogotá,3.0,5,No
TXN-0006818,2023-06-15,56426.0,Tecnología,830122.0,Tarjeta crédito,App móvil,Android,Bucaramanga,7.0,5,No
TXN-0003332,2023-09-30,18284.0,Hogar,108914.0,Tarjeta crédito,App móvil,Desktop,Bucaramanga,5.0,5,No
TXN-0007939,2022-05-12,44401.0,Mascotas,48468.0,Tarjeta crédito,Sitio web,Android,CÚCUTA,4.0,5,No
TXN-0002523,2024-08-27,27178.0,Moda,186101.0,PSE,Sitio web,Android,Cali,3.0,5,No
TXN-0002410,,39381.0,Hogar,136458.0,PSE,App móvil,iOS,Cartagena,5.0,5,No
TXN-0004575,2023-05-04,21913.0,Hogar,193178.0,PSE,App móvil,Desktop,Barranquilla,2.0,5,No
TXN-0004067,2022-10-21,35206.0,Hogar,226236.0,Tarjeta débito,App móvil,Android,Bogotá,6.0,5,No
TXN-0007396,2022-02-16,39670.0,Juguetes,59913.0,PSE,App móvil,iOS,Bogotá,4.0,5,No
TXN-0006642,2023-05-15,23796.0,Belleza,54721.0,Tarjeta débito,App móvil,iOS,Ibagué,2.0,5,No
TXN-0002218,2024-06-01,44106.0,MODA,180308.0,Contraentrega,Sitio web,Desktop,Pereira,8.0,4,No
TXN-0003181,2022-02-19,43340.0,Tecnología,1524035.0,Tarjeta crédito,Sitio web,Android,Ibagué,4.0,5,No
TXN-0001100,2022-09-16,16655.0,Mascotas,110753.0,PSE,Sitio web,iOS,Bucaramanga,2.0,5,No
TXN-0001635,2024-02-12,36608.0,Electrónica,288292.0,Tarjeta crédito,App móvil,Android,Ibagué,5.0,5,No
TXN-0001610,2023-03-01,12802.0,Electrónica,938808.0,PSE,App móvil,Desktop,Barranquilla,1.0,5,No
TXN-0002768,2024-05-08,39540.0,Hogar,141585.0,Tarjeta crédito,App móvil,Android,Bogotá,1.0,5,No
TXN-0002418,2023-02-05,58258.0,DEPORTES,37836.0,Tarjeta débito,App móvil,Android,Medellín,3.0,5,No
TXN-0004366,2023-06-14,42350.0,Alimentos,54394.0,Tarjeta crédito,App móvil,iOS,Bogotá,8.0,3,No
TXN-0007116,2022-05-31,30802.0,Hogar,151552.0,Contraentrega,Sitio web,iOS,Bogotá,3.0,5,No
TXN-0005988,2022-11-28,52707.0,Deportes,216513.0,PSE,App móvil,Desktop,Bogotá,3.0,5,Sí
TXN-0001534,2023-04-15,58853.0,Tecnología,987725.0,Tarjeta débito,App móvil,iOS,Cali,2.0,5,No
TXN-0002767,2022-02-25,46625.0,Mascotas,77925.0,Tarjeta débito,Sitio web,Android,Cali,1.0,5,No
TXN-0003021,2022-03-11,24201.0,Tecnología,724932.0,Tarjeta crédito,App móvil,Android,Bogotá,5.0,5,No
TXN-0000515,2024-02-27,24135.0,Electrónica,45645.0,PSE,App móvil,iOS,Bogotá,3.0,5,No
TXN-0006854,2023-05-02,16065.0,Juguetes,54174.0,Billetera digital,Sitio web,Android,Barranquilla,4.0,5,No
TXN-0000211,2022-08-24,42460.0,Moda,136937.0,PSE,Sitio web,Android,Bogotá,1.0,5,No
TXN-0007212,2022-05-02,20121.0,Deportes,122465.0,Billetera digital,Sitio web,Android,Bogotá,1.0,5,No
TXN-0002980,2022-05-29,32664.0,Electrónica,1077614.0,Tarjeta crédito,Sitio web,iOS,Pereira,6.0,5,No
,2024-08-20,15147.0,Hogar,240810.0,Billetera digital,App móvil,,Barranquilla,2.0,5,No
TXN-0005574,2022-05-19,19389.0,Hogar,74013.0,Tarjeta crédito,App móvil,Android,Bogotá,4.0,5,No
TXN-0000585,2024-11-08,19686.0,Belleza,28956.0,Tarjeta crédito,Sitio web,Desktop,Barranquilla,7.0,5,No
TXN-0000366,2023-09-12,24741.0,Moda,111263.0,Tarjeta débito,App móvil,Desktop,Medellín,2.0,5,No
TXN-0004069,2023-10-17,26285.0,Moda,110594.0,Tarjeta débito,App móvil,Android,Medellín,5.0,5,No
TXN-0004685,2022-08-10,36311.0,Deportes,245002.0,Tarjeta crédito,Sitio web,Android,Bucaramanga,4.0,5,No
TXN-0001618,2022-06-03,29932.0,Tecnología,390897.0,Billetera digital,App móvil,Android,Bucaramanga,6.0,5,No
TXN-0004468,2022-09-30,44859.0,Deportes,90703.0,Tarjeta crédito,Sitio web,Android,Cartagena,2.0,5,No
TXN-0007097,2023-11-21,36456.0,MODA,124455.0,Contraentrega,App móvil,Android,Medellín,5.0,5,No
,2024-05-18,47961.0,Juguetes,106805.0,PSE,App móvil,Android,Medellín,6.0,5,No
TXN-0000846,2024-11-25,10570.0,Deportes,180293.0,Contraentrega,App móvil,Android,Bogotá,3.0,5,No
TXN-0007088,2024-07-03,49064.0,Belleza,103622.0,Tarjeta crédito,App móvil,Desktop,Bogotá,6.0,5,No
TXN-0002039,2022-02-10,49820.0,Hogar,133792.0,Tarjeta crédito,Sitio web,Android,Cúcuta,1.0,5,No
TXN-0002139,2023-12-27,36936.0,Mascotas,68173.0,PSE,App móvil,iOS,Medellín,2.0,5,No
TXN-0007551,2022-08-22,27223.0,Belleza,66747.0,Tarjeta débito,App móvil,Desktop,Cartagena,2.0,5,No
TXN-0003205,2022-08-07,24772.0,Hogar,323530.0,Tarjeta débito,App móvil,Android,Manizales,5.0,5,No
TXN-0006898,2024-04-06,48905.0,Electrónica,824544.0,Tarjeta débito,App móvil,iOS,BUCARAMANGA,6.0,5,No
TXN-0004654,2024-08-28,15648.0,Moda,42268.0,Tarjeta débito,Sitio web,Android,Cali,6.0,5,No
TXN-0004861,2023-03-10,41508.0,Tecnología,789962.0,Contraentrega,Sitio web,Desktop,Bogotá,3.0,5,No
TXN-0001926,2024-05-24,19944.0,Juguetes,163594.0,Contraentrega,App móvil,Android,Medellín,5.0,5,No
TXN-0006755,,17864.0,Mascotas,15059.0,Tarjeta débito,App móvil,Android,Barranquilla,7.0,5,No
TXN-0000393,2022-01-21,29861.0,Moda,82176.0,PSE,App móvil,Android,Medellín,4.0,5,No
,2022-05-03,24473.0,MODA,119939.0,PSE,App móvil,Desktop,Medellín,3.0,5,No
TXN-0004434,2022-08-21,42019.0,Juguetes,76629.0,Contraentrega,App móvil,iOS,Bogotá,2.0,5,No
TXN-0001980,2022-09-20,43211.0,Belleza,93836.0,Tarjeta débito,App móvil,Android,Manizales,4.0,5,No
TXN-0005360,2024-07-10,26553.0,Belleza,60328.0,Contraentrega,App móvil,Android,Medellín,6.0,5,No
TXN-0001978,2024-05-18,16370.0,Juguetes,84773.0,PSE,Sitio web,Desktop,Barranquilla,4.0,5,No
TXN-0006373,2023-09-17,22970.0,Belleza,85021.0,Tarjeta crédito,App móvil,iOS,IBAGUÉ,2.0,5,No
TXN-0007532,2024-05-23,42570.0,Libros,56256.0,Contraentrega,Sitio web,Android,Bogotá,4.0,5,No
TXN-0007711,2022-12-13,35836.0,ELECTRÓNICA,441189.0,Tarjeta crédito,Sitio web,iOS,Cali,2.0,5,No
,2023-12-25,16355.0,Hogar,161076.0,Tarjeta débito,App móvil,iOS,Manizales,3.0,5,No
,2024-11-01,26882.0,Belleza,100326.0,Tarjeta débito,App móvil,Desktop,Bogotá,5.0,5,No
TXN-0005851,2024-01-13,14744.0,Juguetes,24783.0,PSE,App móvil,Desktop,Bogotá,4.0,5,No
TXN-0001855,2024-02-18,47943.0,Alimentos,5000.0,Tarjeta crédito,Sitio web,Android,Cali,6.0,5,No
TXN-0003096,2023-05-14,22023.0,Moda,168963.0,Tarjeta crédito,App móvil,iOS,Manizales,1.0,5,No
TXN-0003245,2024-02-16,56367.0,Tecnología,1040938.0,Tarjeta débito,App móvil,Android,Ibagué,1.0,5,No
TXN-0002224,2024-07-13,42300.0,Alimentos,27310.0,Tarjeta débito,Sitio web,Android,Ibagué,2.0,5,No
TXN-0007377,2024-06-06,19488.0,LIBROS,23497.0,Billetera digital,Sitio web,iOS,Pereira,8.0,3,No
TXN-0000496,,57339.0,Alimentos,43368.0,PSE,App móvil,Android,Barranquilla,3.0,5,No
TXN-0006086,2022-11-22,28708.0,Electrónica,662400.0,Tarjeta crédito,App móvil,Android,Barranquilla,4.0,5,No
TXN-0004537,2023-07-30,30331.0,Juguetes,139242.0,PSE,Sitio web,Android,Medellín,5.0,5,No
TXN-0007048,2024-08-18,29557.0,Juguetes,115106.0,Tarjeta crédito,App móvil,iOS,Barranquilla,5.0,5,No
TXN-0001195,2023-06-06,37128.0,Alimentos,44754.0,Contraentrega,App móvil,iOS,Bogotá,3.0,5,No
TXN-0004295,2023-06-12,45921.0,Moda,92714.0,Billetera digital,App móvil,iOS,Bucaramanga,2.0,5,No
TXN-0005134,2024-01-26,58715.0,Moda,79972.0,Tarjeta débito,App móvil,iOS,Bogotá,6.0,5,No
TXN-0003062,2024-10-31,24768.0,Hogar,202880.0,Billetera digital,Sitio web,Desktop,Ibagué,5.0,5,No
TXN-0000319,2023-05-17,47172.0,Electrónica,595122.0,Tarjeta débito,Sitio web,iOS,Pereira,1.0,5,No
TXN-0004730,2024-03-12,37730.0,Mascotas,84062.0,Tarjeta crédito,App móvil,iOS,Bogotá,4.0,5,No
TXN-0003041,2022-04-02,18170.0,Tecnología,443084.0,Contraentrega,App móvil,Android,Bogotá,3.0,5,No
TXN-0001794,2024-04-02,37377.0,Alimentos,5000.0,Billetera digital,App móvil,Android,Manizales,5.0,5,No
TXN-0005528,2024-05-18,19092.0,Libros,35197.0,PSE,App móvil,iOS,Bogotá,1.0,5,No
TXN-0005276,2022-03-25,25210.0,Electrónica,551376.0,PSE,App móvil,Android,Bucaramanga,4.0,5,No
TXN-0006451,2024-05-28,19602.0,Alimentos,49005.0,Tarjeta crédito,App móvil,Android,IBAGUÉ,6.0,5,No
TXN-0003017,2023-06-06,17341.0,Juguetes,20457.0,Tarjeta crédito,Sitio web,iOS,Medellín,4.0,5,Sí
TXN-0006827,2023-03-09,42376.0,Electrónica,688923.0,Tarjeta débito,Sitio web,Android,Cali,3.0,5,No
TXN-0000072,2023-08-13,33303.0,Alimentos,17781.0,Tarjeta débito,App móvil,iOS,Bogotá,5.0,5,No
TXN-0003854,2023-12-21,15789.0,Electrónica,676381.0,Billetera digital,App móvil,Android,Medellín,3.0,5,No
TXN-0000638,2024-01-21,20668.0,Deportes,241540.0,Contraentrega,App móvil,iOS,Bogotá,7.0,5,No
TXN-0007657,2023-04-19,24366.0,Moda,50414.0,Tarjeta débito,Sitio web,Android,Cali,5.0,5,No
TXN-0002265,2024-10-29,29069.0,Electrónica,812283.0,Tarjeta crédito,Sitio web,Android,Bogotá,3.0,5,No
TXN-0002092,2023-12-24,42908.0,Electrónica,817725.0,PSE,App móvil,Desktop,Bogotá,5.0,5,No
TXN-0006478,2023-11-16,11503.0,ALIMENTOS,68813.0,Contraentrega,Sitio web,Desktop,Cúcuta,4.0,5,No
TXN-0002277,2022-09-03,50458.0,DEPORTES,131359.0,Tarjeta crédito,Sitio web,iOS,Medellín,1.0,5,No
TXN-0006136,2022-11-07,54409.0,Moda,41350.0,PSE,App móvil,Android,Bogotá,2.0,5,No
TXN-0000802,2024-09-26,21587.0,Mascotas,69581.0,Tarjeta débito,App móvil,Android,Medellín,2.0,5,No
,2023-08-05,31340.0,Alimentos,65881.0,Billetera digital,App móvil,iOS,Bogotá,4.0,5,No
TXN-0002403,2024-12-04,43938.0,Electrónica,906128.0,Tarjeta crédito,App móvil,Android,Medellín,3.0,5,No
TXN-0001680,2022-01-06,18077.0,Hogar,210162.0,Billetera digital,App móvil,iOS,Pereira,7.0,5,No
TXN-0003431,2024-07-28,16946.0,Moda,199543.0,Tarjeta crédito,Sitio web,iOS,Manizales,3.0,5,No
TXN-0001235,2022-09-22,40427.0,Moda,130915.0,Tarjeta crédito,Sitio web,Desktop,Barranquilla,6.0,5,No
TXN-0000397,2022-08-18,50516.0,Moda,103847.0,Tarjeta débito,App móvil,Android,Cali,5.0,5,No
TXN-0003312,2022-10-05,14440.0,Belleza,97297.0,Billetera digital,Sitio web,Desktop,Manizales,4.0,5,No
TXN-0001099,2022-10-04,13599.0,Electrónica,796577.0,Tarjeta débito,App móvil,iOS,Ibagué,6.0,5,No
TXN-0002189,2024-10-30,22604.0,MODA,71966.0,Contraentrega,App móvil,Android,Bogotá,4.0,5,No
TXN-0002671,2024-12-30,47311.0,Belleza,81728.0,Tarjeta crédito,App móvil,Android,Bogotá,3.0,5,No
TXN-0000566,2022-07-11,35234.0,Electrónica,301701.0,Tarjeta crédito,App móvil,Android,Cali,4.0,5,No
TXN-0005377,2023-02-09,25673.0,Juguetes,96962.0,Tarjeta crédito,App móvil,Android,Bogotá,4.0,5,No
TXN-0005872,2023-06-19,50789.0,Belleza,70660.0,Tarjeta crédito,App móvil,Desktop,Ibagué,4.0,5,No
TXN-0003967,2022-08-21,14683.0,Moda,169339.0,Contraentrega,App móvil,Android,Cúcuta,2.0,5,No
TXN-0006530,2024-12-15,47589.0,Alimentos,41608.0,Tarjeta crédito,Sitio web,Android,Medellín,6.0,5,No
TXN-0001260,2022-07-24,17996.0,Moda,203617.0,PSE,Sitio web,Android,Medellín,3.0,5,No
TXN-0000537,2023-02-07,47843.0,Deportes,213125.0,Tarjeta débito,App móvil,Desktop,Bogotá,3.0,5,No
,2024-11-23,53786.0,DEPORTES,131959.0,Tarjeta débito,App móvil,Android,Cúcuta,2.0,5,No
TXN-0001596,2024-12-12,21376.0,Belleza,112330.0,Billetera digital,App móvil,Desktop,Cali,7.0,5,No
TXN-0002644,2023-11-24,37813.0,JUGUETES,48799.0,Tarjeta crédito,Sitio web,Android,Cartagena,6.0,5,No
TXN-0000240,2022-12-20,24069.0,Libros,41547.0,Tarjeta crédito,Sitio web,Android,Manizales,3.0,5,No
TXN-0000724,2023-12-17,45198.0,Electrónica,529228.0,Tarjeta crédito,App móvil,Android,Cali,4.0,5,No
TXN-0005568,2024-08-04,53410.0,Juguetes,53613.0,Billetera digital,Sitio web,iOS,Barranquilla,6.0,5,No
TXN-0003973,2023-10-31,37436.0,Electrónica,339938.0,Tarjeta crédito,App móvil,iOS,Medellín,9.0,3,No
TXN-0002145,2024-09-22,18824.0,Tecnología,495011.0,PSE,App móvil,Android,IBAGUÉ,6.0,5,No
TXN-0004015,2024-01-03,42365.0,Deportes,110900.0,Contraentrega,App móvil,Android,Bogotá,10.0,4,No
TXN-0003256,2022-10-26,26720.0,Alimentos,29805.0,Tarjeta débito,App móvil,Desktop,Bogotá,7.0,5,No
TXN-0001375,2022-11-21,48896.0,Moda,103548.0,Tarjeta débito,Sitio web,iOS,Ibagué,5.0,5,Sí
TXN-0001748,2024-11-20,28629.0,Electrónica,944307.0,PSE,App móvil,Android,Medellín,3.0,5,No
TXN-0002997,2024-08-09,29308.0,Alimentos,47386.0,Billetera digital,App móvil,Android,Barranquilla,2.0,5,No
TXN-0004265,2023-11-20,16021.0,Alimentos,38723.0,PSE,Sitio web,Android,Pereira,6.0,5,No
TXN-0007663,,12912.0,Moda,217954.0,PSE,Sitio web,iOS,BARRANQUILLA,4.0,5,No
TXN-0001333,2022-06-07,45827.0,Alimentos,34084.0,PSE,App móvil,iOS,Cartagena,2.0,5,No
TXN-0006671,2023-02-08,20393.0,Electrónica,210101.0,Billetera digital,App móvil,Desktop,Barranquilla,1.0,5,No
TXN-0000478,2023-01-31,35348.0,Electrónica,724208.0,Contraentrega,App móvil,Android,MEDELLÍN,4.0,5,No
TXN-0003899,2024-04-20,30724.0,Electrónica,333290.0,Tarjeta crédito,App móvil,Android,Bogotá,2.0,5,No
TXN-0006326,2024-08-17,54871.0,Moda,70435.0,PSE,Sitio web,iOS,Cali,3.0,5,No
TXN-0003818,2024-01-11,24989.0,Tecnología,1105729.0,Tarjeta débito,App móvil,Android,Bogotá,5.0,5,No
TXN-0000836,2022-08-09,33100.0,Juguetes,67438.0,Billetera digital,App móvil,Android,Cali,4.0,5,No
TXN-0003831,2022-04-14,26759.0,Tecnología,1749580.0,Tarjeta débito,Sitio web,Desktop,Medellín,6.0,5,No
TXN-0002612,2024-06-08,47084.0,Electrónica,453441.0,PSE,Sitio web,Desktop,Cali,5.0,5,No
TXN-0001418,2024-06-05,,Juguetes,86967.0,PSE,App móvil,Android,Bogotá,2.0,5,No
TXN-0001851,2023-11-03,23531.0,Hogar,198153.0,Tarjeta crédito,Sitio web,Android,Ibagué,6.0,5,No
TXN-0003449,2022-05-12,37680.0,Mascotas,41601.0,Tarjeta crédito,App móvil,Desktop,Medellín,5.0,5,No
TXN-0006650,2022-03-18,15944.0,Alimentos,61786.0,Tarjeta crédito,Sitio web,Desktop,Cali,5.0,5,No
TXN-0004486,2024-06-08,48588.0,Libros,47472.0,Billetera digital,App móvil,Android,CALI,2.0,5,No
TXN-0002414,2024-10-10,19718.0,Electrónica,271876.0,Contraentrega,Sitio web,Android,Medellín,4.0,5,No
TXN-0004999,2024-11-04,35940.0,Hogar,160595.0,PSE,Sitio web,Android,Medellín,1.0,5,Sí
TXN-0007246,2023-11-18,49985.0,Alimentos,29342.0,Tarjeta débito,Sitio web,Android,Barranquilla,6.0,5,No
TXN-0006544,2022-08-19,58364.0,Mascotas,88531.0,Tarjeta crédito,App móvil,Desktop,Cúcuta,10.0,4,No
TXN-0007913,2022-10-05,12261.0,Deportes,178880.0,Tarjeta débito,Sitio web,iOS,Cali,2.0,5,Sí
TXN-0003765,2022-10-12,17227.0,Hogar,249155.0,Contraentrega,App móvil,Android,Barranquilla,6.0,5,No
TXN-0004838,2024-03-10,18892.0,Hogar,130739.0,Tarjeta crédito,Sitio web,Android,Barranquilla,5.0,5,No
TXN-0000882,2023-01-19,54881.0,Hogar,178391.0,Tarjeta débito,App móvil,Android,Bogotá,2.0,5,Sí
TXN-0005850,2023-09-26,11661.0,Electrónica,945697.0,Billetera digital,App móvil,Android,Bucaramanga,3.0,5,No
TXN-0001456,2024-03-02,48130.0,Moda,115883.0,Billetera digital,App móvil,Desktop,Bogotá,4.0,5,No
TXN-0003943,2023-01-14,59331.0,Moda,111031.0,Tarjeta débito,App móvil,Desktop,Ibagué,3.0,5,No
TXN-0003207,2022-06-05,36976.0,Juguetes,119309.0,Tarjeta débito,Sitio web,Android,Bucaramanga,5.0,5,No
TXN-0006904,2024-01-06,17153.0,Libros,13026.0,Contraentrega,Sitio web,Android,Medellín,5.0,5,No
TXN-0001513,,33318.0,Alimentos,25510.0,PSE,Sitio web,Android,Bucaramanga,3.0,5,No
TXN-0000442,2022-06-30,37598.0,Electrónica,570403.0,Tarjeta débito,App móvil,iOS,Bogotá,5.0,5,No
TXN-0007018,2022-04-30,54649.0,Alimentos,65814.0,Tarjeta débito,App móvil,iOS,Ibagué,4.0,5,No
TXN-0000265,2023-11-24,28795.0,Alimentos,10540.0,Tarjeta crédito,App móvil,Android,Barranquilla,2.0,5,No
TXN-0006790,2022-07-28,59236.0,Tecnología,1839605.0,Tarjeta crédito,App móvil,Android,Barranquilla,3.0,5,No
TXN-0003638,2023-01-13,13309.0,Electrónica,867568.0,Tarjeta débito,App móvil,Android,Cartagena,7.0,5,No
TXN-0004214,2024-09-16,47657.0,Libros,66063.0,Tarjeta crédito,Sitio web,Android,Cartagena,3.0,5,No
TXN-0003647,2022-07-12,27763.0,Deportes,13909.0,Tarjeta crédito,Sitio web,iOS,Medellín,9.0,5,No
TXN-0002835,2024-10-08,37340.0,Belleza,52245.0,Contraentrega,Sitio web,iOS,Cali,6.0,5,No
TXN-0007074,2022-12-25,12375.0,Juguetes,73296.0,Tarjeta crédito,App móvil,Android,Barranquilla,6.0,5,No
TXN-0005435,2024-02-06,20730.0,Electrónica,783800.0,PSE,App móvil,Android,Cartagena,4.0,5,No
TXN-0006346,2022-11-26,10890.0,Hogar,131691.0,PSE,Sitio web,iOS,Cali,4.0,5,No
TXN-0004613,2023-05-22,47598.0,Moda,141795.0,Tarjeta crédito,App móvil,iOS,Bogotá,6.0,5,No
TXN-0004108,2022-05-21,27780.0,Hogar,323385.0,Billetera digital,App móvil,iOS,Bogotá,5.0,5,No
TXN-0007500,2024-01-24,59681.0,Deportes,147545.0,PSE,App móvil,Desktop,Bogotá,3.0,5,No
TXN-0006421,2022-01-01,51585.0,Electrónica,327475.0,PSE,Sitio web,Desktop,Bucaramanga,3.0,5,No
TXN-0000871,2022-10-26,53608.0,Moda,118424.0,Tarjeta crédito,Sitio web,iOS,Medellín,2.0,5,No
TXN-0004179,2023-12-08,22835.0,Hogar,242622.0,Contraentrega,Sitio web,iOS,Bucaramanga,8.0,3,No
TXN-0001662,2022-04-15,21538.0,Belleza,76859.0,Tarjeta crédito,Sitio web,Desktop,Ibagué,7.0,5,No
TXN-0006046,2024-04-10,25779.0,Moda,174967.0,Tarjeta crédito,App móvil,iOS,Cartagena,1.0,5,No
TXN-0000717,2022-05-21,45168.0,Mascotas,104529.0,PSE,App móvil,iOS,Bogotá,3.0,5,Sí
TXN-0000725,2023-08-07,58051.0,Electrónica,589121.0,Tarjeta crédito,App móvil,Android,Manizales,1.0,5,Sí
TXN-0005077,2024-04-04,44170.0,Juguetes,100816.0,Contraentrega,Sitio web,Android,Medellín,3.0,5,No
TXN-0005632,2022-12-14,38599.0,Belleza,73054.0,Tarjeta crédito,Sitio web,iOS,PEREIRA,6.0,5,No
TXN-0001470,2022-10-14,40396.0,Tecnología,746483.0,Tarjeta débito,App móvil,iOS,Bogotá,1.0,5,No
TXN-0007764,2024-07-27,49009.0,Alimentos,35548.0,Tarjeta crédito,Sitio web,iOS,Ibagué,3.0,5,No
TXN-0007756,2024-04-08,23097.0,Electrónica,516636.0,Billetera digital,Sitio web,Android,Bogotá,4.0,5,No
TXN-0005827,,16068.0,ALIMENTOS,29739.0,Tarjeta crédito,App móvil,iOS,Ibagué,3.0,5,No
TXN-0007519,2024-06-24,30455.0,MODA,156481.0,Contraentrega,Sitio web,Desktop,Bogotá,1.0,5,No
,2023-05-02,26670.0,Electrónica,842378.0,Tarjeta crédito,App móvil,Android,Bogotá,1.0,5,No
TXN-0005018,2022-10-29,34772.0,Hogar,209646.0,PSE,App móvil,Desktop,Bogotá,5.0,5,No
TXN-0000155,2023-06-26,53312.0,Moda,71919.0,Tarjeta crédito,App móvil,Android,Medellín,5.0,5,No
TXN-0001159,2023-09-08,54735.0,Electrónica,201319.0,Tarjeta débito,App móvil,Android,BARRANQUILLA,5.0,5,No
TXN-0001947,2023-01-15,15385.0,Belleza,67052.0,Tarjeta crédito,Sitio web,Desktop,Cali,2.0,5,No
TXN-0005196,2022-04-01,46550.0,Deportes,113587.0,Tarjeta débito,App móvil,Desktop,Bogotá,2.0,5,No
TXN-0001417,2024-06-29,41078.0,Moda,148011.0,Tarjeta crédito,App móvil,Desktop,Bogotá,1.0,5,No
TXN-0000909,2023-10-24,27974.0,Moda,135900.0,Tarjeta débito,App móvil,Android,Bogotá,4.0,5,No
TXN-0005986,2023-05-30,14568.0,Tecnología,435518.0,PSE,App móvil,Android,Medellín,2.0,5,No
TXN-0003919,2022-11-11,36787.0,Tecnología,315345.0,PSE,Sitio web,iOS,Medellín,4.0,5,No
TXN-0001873,2023-06-12,21572.0,Moda,122062.0,Contraentrega,Sitio web,Desktop,IBAGUÉ,4.0,5,No
TXN-0006333,2022-04-16,20360.0,Electrónica,349793.0,PSE,App móvil,Android,BOGOTÁ,6.0,5,No
TXN-0003414,2022-03-25,30467.0,Belleza,69241.0,Tarjeta crédito,App móvil,Android,Bucaramanga,6.0,5,No
TXN-0000020,2022-03-16,21500.0,Libros,46329.0,PSE,App móvil,,Barranquilla,9.0,3,No
TXN-0003703,2023-08-26,54700.0,Deportes,176585.0,Tarjeta débito,App móvil,Desktop,BARRANQUILLA,4.0,5,No
TXN-0007198,2022-12-13,18844.0,Tecnología,1866461.0,Billetera digital,Sitio web,Android,Bogotá,3.0,5,No
TXN-0002798,2024-04-28,59287.0,Deportes,163090.0,Tarjeta débito,Sitio web,Android,Bucaramanga,4.0,5,No
TXN-0000315,2023-11-30,27570.0,Moda,154793.0,Tarjeta crédito,Sitio web,Android,Bogotá,2.0,5,No
TXN-0000626,2022-02-05,,HOGAR,270959.0,PSE,App móvil,Android,Ibagué,2.0,5,No
TXN-0003316,2023-01-07,47297.0,Moda,126212.0,Tarjeta crédito,App móvil,Android,Cúcuta,1.0,5,No
TXN-0004392,,23655.0,Alimentos,67893.0,Tarjeta débito,Sitio web,iOS,Pereira,3.0,5,No
TXN-0002229,2023-04-11,54884.0,Belleza,56621.0,Contraentrega,App móvil,Android,Cartagena,5.0,5,No
TXN-0000119,,40654.0,Moda,95929.0,PSE,App móvil,Android,Bucaramanga,4.0,5,Sí
TXN-0005609,2022-06-25,,Moda,112744.0,PSE,Sitio web,Android,Cartagena,9.0,4,No
TXN-0005589,2022-12-28,23225.0,Moda,136718.0,PSE,Sitio web,Android,Cali,3.0,5,No
TXN-0006534,2024-02-29,38826.0,Moda,108616.0,PSE,App móvil,Android,Manizales,8.0,4,No
TXN-0003059,2022-06-15,39724.0,Moda,235548.0,PSE,App móvil,Android,Bogotá,7.0,5,No
TXN-0002668,2022-04-29,35960.0,Moda,138228.0,Billetera digital,App móvil,Desktop,Cartagena,3.0,5,No
TXN-0007439,2023-12-28,30223.0,Moda,155378.0,Contraentrega,App móvil,Desktop,Manizales,4.0,5,No
TXN-0002926,2022-06-04,37924.0,Moda,179500.0,Tarjeta débito,Sitio web,Desktop,Bogotá,5.0,5,No
TXN-0006170,2022-12-08,35816.0,DEPORTES,115265.0,Contraentrega,App móvil,Android,Bogotá,5.0,5,No
TXN-0002032,2024-10-24,51262.0,Hogar,197206.0,Tarjeta crédito,App móvil,Android,Medellín,8.0,5,No
TXN-0007165,2023-04-19,39474.0,Belleza,61180.0,Tarjeta crédito,App móvil,Desktop,Bogotá,6.0,5,No
TXN-0001862,2024-03-27,49290.0,Moda,112535.0,PSE,Sitio web,Android,Medellín,5.0,5,No
TXN-0003463,2024-07-08,22247.0,Moda,141402.0,Billetera digital,App móvil,Android,Bogotá,3.0,5,No
TXN-0006765,2024-10-17,55589.0,Moda,117995.0,PSE,Sitio web,iOS,Bogotá,3.0,5,No
,2023-10-04,59788.0,Belleza,140168.0,Billetera digital,App móvil,Desktop,Cartagena,6.0,5,No
TXN-0000244,2024-01-15,33241.0,Belleza,48256.0,Tarjeta crédito,App móvil,Android,Ibagué,9.0,5,No
TXN-0006729,2024-05-24,51578.0,Deportes,181515.0,PSE,App móvil,Android,BOGOTÁ,4.0,5,No
TXN-0005037,2023-11-16,12188.0,Libros,63923.0,Tarjeta crédito,App móvil,Desktop,Ibagué,3.0,5,No
TXN-0002876,2022-10-03,24475.0,Moda,128908.0,Contraentrega,App móvil,Android,Bogotá,2.0,5,No
TXN-0001883,2024-10-07,15034.0,Moda,116149.0,PSE,Sitio web,Desktop,Bogotá,4.0,5,No
TXN-0007376,2022-01-10,19062.0,Moda,110586.0,Tarjeta crédito,App móvil,Android,Bogotá,4.0,5,No
TXN-0004489,2024-07-22,16944.0,Alimentos,43389.0,PSE,App móvil,iOS,Cartagena,2.0,5,No
TXN-0000005,2024-03-31,23660.0,Electrónica,1134258.0,Tarjeta crédito,Sitio web,Android,Pereira,2.0,5,No
TXN-0004842,2024-05-19,26031.0,Belleza,75467.0,Tarjeta crédito,App móvil,Android,Manizales,4.0,5,No
TXN-0001972,2023-02-01,12686.0,Mascotas,47892.0,PSE,App móvil,Android,Bogotá,7.0,5,No
TXN-0006312,2022-08-13,56481.0,Electrónica,625595.0,Tarjeta débito,App móvil,Android,Bogotá,3.0,5,No
TXN-0002003,2022-10-21,57056.0,Hogar,187565.0,Tarjeta débito,App móvil,Desktop,Ibagué,7.0,5,No
TXN-0006137,2023-03-11,42812.0,Tecnología,679304.0,Contraentrega,App móvil,Android,Bucaramanga,2.0,5,No
TXN-0004743,2024-06-28,13861.0,Hogar,88264.0,Tarjeta débito,App móvil,Desktop,Medellín,3.0,5,No
TXN-0002996,2023-05-10,43348.0,Electrónica,455778.0,Tarjeta crédito,App móvil,iOS,Cali,4.0,5,No
TXN-0003495,2023-01-02,50790.0,Libros,44874.0,Tarjeta crédito,Sitio web,iOS,Bogotá,5.0,5,No
TXN-0005960,2024-11-21,13851.0,Tecnología,862954.0,Tarjeta crédito,Sitio web,Desktop,Medellín,4.0,5,No
TXN-0003574,2024-07-06,45717.0,Electrónica,409499.0,Billetera digital,Sitio web,iOS,Cali,9.0,4,No
TXN-0007925,2024-06-02,17822.0,HOGAR,211169.0,Tarjeta crédito,App móvil,iOS,Cartagena,6.0,5,No
TXN-0003176,2023-02-21,46350.0,Mascotas,101036.0,Contraentrega,App móvil,Desktop,Cali,4.0,5,No
TXN-0007993,2023-06-05,29131.0,Electrónica,646905.0,Tarjeta débito,App móvil,Desktop,Cali,3.0,5,No
TXN-0002607,2022-07-20,15437.0,Deportes,79193.0,Tarjeta crédito,App móvil,Desktop,Medellín,3.0,5,No
TXN-0003550,2022-09-29,,Belleza,84818.0,Tarjeta crédito,Sitio web,iOS,BARRANQUILLA,5.0,5,No
TXN-0005630,2022-01-26,27520.0,Moda,114111.0,Tarjeta crédito,Sitio web,Desktop,Pereira,5.0,5,No
TXN-0006589,,18470.0,Electrónica,1083439.0,Contraentrega,Sitio web,Android,IBAGUÉ,7.0,5,No
TXN-0005222,2024-07-26,44173.0,MODA,104233.0,Tarjeta crédito,App móvil,Android,Medellín,1.0,5,No
TXN-0005348,2023-08-25,51183.0,Tecnología,974709.0,Tarjeta crédito,Sitio web,iOS,Manizales,7.0,5,No
TXN-0000408,2024-06-21,18108.0,Deportes,96858.0,PSE,Sitio web,Android,Manizales,3.0,5,No
TXN-0003283,2024-10-15,47150.0,Moda,179259.0,Tarjeta crédito,App móvil,Desktop,Bogotá,2.0,5,No
TXN-0001914,2023-03-19,35497.0,Moda,101961.0,Tarjeta crédito,App móvil,Android,Bucaramanga,5.0,5,No
TXN-0006942,2022-11-07,53302.0,Electrónica,6703.0,Tarjeta crédito,App móvil,Android,Ibagué,4.0,5,Sí
TXN-0000216,2023-07-22,10069.0,Hogar,187832.0,Contraentrega,App móvil,iOS,Medellín,4.0,5,Sí
TXN-0000932,2024-12-13,39396.0,Belleza,68358.0,Tarjeta crédito,App móvil,iOS,Medellín,4.0,5,Sí
TXN-0005745,2024-04-29,49182.0,Hogar,122955.0,PSE,App móvil,Android,Barranquilla,5.0,5,No
TXN-0002251,2022-07-23,28689.0,Alimentos,39830.0,Tarjeta crédito,App móvil,Android,Medellín,5.0,5,No
TXN-0001488,2023-01-24,20321.0,Hogar,209498.0,Tarjeta crédito,App móvil,Android,Bogotá,1.0,5,No
TXN-0003456,2023-06-28,18931.0,Belleza,90887.0,Tarjeta crédito,App móvil,Desktop,Medellín,7.0,5,No
TXN-0000029,2022-01-26,18852.0,Electrónica,1099121.0,Tarjeta crédito,App móvil,iOS,Medellín,3.0,5,No
TXN-0006502,2024-02-22,41757.0,Moda,83574.0,Tarjeta crédito,App móvil,Android,Bogotá,5.0,5,No
TXN-0000825,2024-08-19,18160.0,Belleza,74265.0,Tarjeta crédito,App móvil,Desktop,Cartagena,5.0,5,No
TXN-0006804,2023-11-04,42941.0,Electrónica,84113.0,Tarjeta débito,Sitio web,Android,Bogotá,1.0,5,No
TXN-0007873,,35113.0,Moda,137086.0,Tarjeta crédito,Sitio web,Android,Medellín,3.0,5,No
TXN-0002190,2022-01-24,47319.0,Deportes,148231.0,Tarjeta débito,App móvil,Desktop,Bogotá,4.0,5,No
TXN-0001462,2024-10-03,44523.0,BELLEZA,64105.0,Tarjeta débito,Sitio web,Android,CARTAGENA,5.0,5,No
TXN-0005561,2022-12-22,55131.0,Hogar,51947.0,Contraentrega,Sitio web,iOS,Medellín,5.0,5,Sí
TXN-0004156,,37859.0,Alimentos,62885.0,Billetera digital,App móvil,Desktop,Cali,1.0,5,No
TXN-0004561,2023-11-25,58414.0,Hogar,126624.0,Billetera digital,App móvil,iOS,Bogotá,3.0,5,No
TXN-0003640,2022-05-20,58234.0,Moda,90444.0,Tarjeta crédito,Sitio web,Desktop,Barranquilla,3.0,5,No
TXN-0000136,2024-09-12,25601.0,Electrónica,714067.0,Tarjeta crédito,App móvil,Desktop,Medellín,6.0,5,No
TXN-0003323,2022-07-22,33982.0,Belleza,62048.0,Contraentrega,App móvil,iOS,Ibagué,4.0,5,No
TXN-0007089,2022-02-09,47372.0,Moda,147953.0,Tarjeta crédito,App móvil,iOS,Barranquilla,4.0,5,No
TXN-0006936,2023-10-15,43126.0,Moda,96192.0,Tarjeta débito,App móvil,,Manizales,3.0,5,No
TXN-0002306,2022-12-17,38309.0,Libros,54167.0,PSE,App móvil,iOS,Cali,1.0,5,No
TXN-0000912,2022-12-22,45712.0,Libros,5000.0,Tarjeta crédito,App móvil,Android,Bogotá,7.0,5,No
TXN-0005811,2024-11-21,51943.0,Moda,181922.0,Billetera digital,App móvil,Android,Barranquilla,8.0,3,No
TXN-0007517,2024-01-22,58035.0,Belleza,106270.0,PSE,Sitio web,iOS,Cali,4.0,5,No
TXN-0002350,2024-08-11,11437.0,Libros,24471.0,Tarjeta crédito,App móvil,Android,Pereira,6.0,5,No
TXN-0007020,,34925.0,Libros,59214.0,PSE,Sitio web,Android,Bucaramanga,6.0,5,No
TXN-0002387,2023-09-09,15816.0,Libros,63534.0,Tarjeta crédito,App móvil,Android,Cali,5.0,5,No
TXN-0004098,2022-11-15,44022.0,Deportes,172895.0,Contraentrega,Sitio web,Desktop,Pereira,3.0,5,No
TXN-0003151,2022-07-01,14134.0,Electrónica,449577.0,PSE,Sitio web,Desktop,Medellín,4.0,5,No
TXN-0005177,2023-09-02,30618.0,Deportes,100133.0,Tarjeta crédito,Sitio web,iOS,Cali,5.0,5,No
TXN-0001091,2023-12-03,25532.0,Deportes,229371.0,PSE,Sitio web,Android,Medellín,8.0,3,No
TXN-0000205,2023-03-17,11979.0,Belleza,58909.0,Tarjeta crédito,App móvil,Android,Medellín,1.0,5,No
TXN-0001678,2022-04-16,54372.0,Moda,116823.0,Tarjeta crédito,App móvil,Android,Cartagena,6.0,5,No
TXN-0001309,2024-04-12,44418.0,Hogar,159638.0,Tarjeta crédito,Sitio web,Android,Cartagena,5.0,5,No
TXN-0003942,2023-05-31,42781.0,Alimentos,42392.0,Contraentrega,App móvil,Android,PEREIRA,4.0,5,No
TXN-0007874,2023-08-09,14402.0,Mascotas,83869.0,Tarjeta crédito,App móvil,Android,Cartagena,8.0,3,No
TXN-0007139,2022-11-19,41109.0,Belleza,45271.0,Billetera digital,App móvil,Android,Barranquilla,3.0,5,No
TXN-0007752,2023-06-11,57705.0,Moda,42503.0,Billetera digital,App móvil,Android,Medellín,8.0,5,No
TXN-0000325,2023-06-10,,Moda,120244.0,PSE,Sitio web,iOS,Cali,7.0,5,No
TXN-0001313,2023-05-12,21289.0,Moda,95774.0,PSE,Sitio web,Android,Bogotá,6.0,5,No
TXN-0000965,2022-09-21,25989.0,Moda,180627.0,Tarjeta débito,App móvil,Android,Bogotá,7.0,5,No
TXN-0005185,2024-07-15,51994.0,Hogar,115436.0,PSE,App móvil,Desktop,Cali,5.0,5,No
TXN-0000543,2022-06-08,32802.0,Juguetes,84941.0,Tarjeta crédito,Sitio web,Desktop,Cali,2.0,5,No
TXN-0005583,2023-02-25,13946.0,Moda,163344.0,Contraentrega,App móvil,Android,Manizales,6.0,5,Sí
TXN-0000680,2023-01-25,14331.0,Libros,32041.0,PSE,Sitio web,Android,Cúcuta,6.0,5,No
TXN-0001517,,17915.0,Libros,46813.0,Tarjeta crédito,App móvil,Desktop,Bogotá,5.0,5,No
TXN-0002963,2023-12-16,33457.0,Belleza,74748.0,PSE,App móvil,Android,Barranquilla,7.0,5,No
TXN-0004789,2022-07-01,20629.0,Belleza,24923.0,Contraentrega,Sitio web,Android,Cali,4.0,5,No
TXN-0006616,2022-01-03,56933.0,Electrónica,644275.0,PSE,App móvil,Desktop,Bogotá,5.0,5,No
TXN-0007588,2023-12-10,46872.0,Deportes,167401.0,Contraentrega,App móvil,Android,Cúcuta,9.0,3,No
TXN-0005997,2024-02-03,27652.0,Electrónica,598185.0,Contraentrega,App móvil,Android,Bogotá,5.0,5,No
TXN-0001767,2023-11-24,40049.0,DEPORTES,198727.0,Tarjeta débito,App móvil,iOS,Cali,5.0,5,No
TXN-0007078,2024-03-20,43780.0,Belleza,112834.0,Contraentrega,Sitio web,iOS,Cúcuta,4.0,5,No
TXN-0003777,2024-09-22,43010.0,Moda,163920.0,Tarjeta crédito,App móvil,Android,BOGOTÁ,3.0,5,No
TXN-0001836,2023-11-03,50890.0,Belleza,98042.0,Tarjeta débito,App móvil,iOS,Manizales,3.0,5,No
TXN-0006409,2023-06-07,25347.0,Hogar,134786.0,PSE,App móvil,Android,Bogotá,5.0,5,No
TXN-0003116,2023-11-11,54421.0,Electrónica,659369.0,Tarjeta débito,App móvil,,Bogotá,4.0,5,No
TXN-0002507,2023-09-21,47836.0,Belleza,70288.0,Billetera digital,Sitio web,Android,Medellín,1.0,5,No
TXN-0004796,2024-09-30,34983.0,Moda,96224.0,Billetera digital,App móvil,Android,Bogotá,5.0,5,No
TXN-0002843,2024-08-10,59002.0,Alimentos,82734.0,Tarjeta crédito,App móvil,iOS,Medellín,2.0,5,No
TXN-0007668,2022-04-22,45260.0,Moda,137219.0,Tarjeta débito,App móvil,Android,Bogotá,5.0,5,No
TXN-0003693,2023-05-13,50853.0,Deportes,207120.0,Tarjeta crédito,Sitio web,Desktop,Cartagena,4.0,5,No
,2024-11-20,44487.0,Moda,90511.0,Tarjeta débito,App móvil,Desktop,Bogotá,3.0,5,No
TXN-0000858,2024-07-23,18799.0,Alimentos,51622.0,Contraentrega,App móvil,Android,Pereira,4.0,5,No
TXN-0004376,2024-12-21,10713.0,Juguetes,26299.0,Billetera digital,Sitio web,Android,Pereira,2.0,5,No
TXN-0002475,2023-01-09,16345.0,Hogar,265876.0,Tarjeta crédito,Sitio web,Android,Barranquilla,1.0,5,No
TXN-0006177,2024-02-03,25996.0,Tecnología,1774042.0,PSE,App móvil,iOS,BOGOTÁ,5.0,5,No
TXN-0001490,2024-12-05,27790.0,Moda,128026.0,Contraentrega,Sitio web,iOS,Medellín,2.0,5,No
TXN-0005491,2024-07-15,53687.0,Deportes,36500.0,Billetera digital,App móvil,iOS,Medellín,7.0,5,Sí
TXN-0003939,2023-12-28,13592.0,Alimentos,21784.0,Tarjeta débito,Sitio web,Desktop,Cali,7.0,5,No
TXN-0007981,2022-10-14,40870.0,Hogar,175086.0,Tarjeta crédito,Sitio web,Desktop,Ibagué,8.0,4,Sí
TXN-0004803,,11510.0,Alimentos,56114.0,Contraentrega,App móvil,Android,Bogotá,6.0,5,No
TXN-0000621,2024-03-27,49543.0,Moda,208069.0,Tarjeta crédito,Sitio web,iOS,Cali,5.0,5,No
TXN-0007546,,29041.0,Deportes,211310.0,Tarjeta débito,App móvil,Desktop,Cartagena,3.0,5,Sí
TXN-0005845,2023-12-27,52544.0,Juguetes,130419.0,Tarjeta crédito,App móvil,,Cali,4.0,5,No
TXN-0005108,2022-06-10,33889.0,Hogar,130541.0,Tarjeta crédito,App móvil,Desktop,Medellín,4.0,5,No
TXN-0002233,2023-11-24,33107.0,Moda,6305.0,Contraentrega,App móvil,Desktop,Cali,4.0,5,No
TXN-0000521,2024-11-11,10150.0,Tecnología,816487.0,PSE,Sitio web,iOS,Bogotá,2.0,5,No
TXN-0003629,2024-08-09,44646.0,Electrónica,625215.0,Tarjeta crédito,Sitio web,Desktop,Cali,6.0,5,No
TXN-0007119,2022-10-25,45014.0,Electrónica,594834.0,PSE,App móvil,Android,Manizales,5.0,5,No
TXN-0004148,2024-06-19,12645.0,Belleza,15330.0,Contraentrega,Sitio web,iOS,Barranquilla,4.0,5,No
TXN-0004821,2022-05-28,18853.0,Alimentos,74013.0,PSE,App móvil,Android,Barranquilla,8.0,5,No
TXN-0006908,2024-12-30,14070.0,Belleza,72196.0,PSE,Sitio web,Android,Ibagué,6.0,5,No
TXN-0005308,2022-09-13,35450.0,Deportes,167038.0,PSE,App móvil,Android,Bogotá,1.0,5,No
TXN-0004071,2024-01-06,41164.0,Tecnología,957276.0,Tarjeta crédito,Sitio web,Android,CALI,8.0,4,No
TXN-0004987,2023-02-25,56815.0,Hogar,169243.0,Tarjeta crédito,App móvil,Desktop,Bogotá,7.0,5,No
TXN-0001692,2022-10-16,45683.0,Juguetes,84344.0,PSE,Sitio web,,Bogotá,5.0,5,No
TXN-0007285,2023-01-11,48679.0,Moda,114907.0,Tarjeta crédito,App móvil,Android,Bogotá,3.0,5,No
TXN-0002291,2023-01-05,12019.0,Belleza,154714.0,Contraentrega,App móvil,Android,Cúcuta,2.0,5,No
TXN-0007054,2024-05-28,23989.0,Electrónica,394428.0,Contraentrega,App móvil,Android,Bogotá,5.0,5,No
TXN-0000902,2023-10-21,31781.0,Belleza,49907.0,Contraentrega,App móvil,Desktop,Bucaramanga,1.0,5,No
TXN-0007577,2022-11-25,44740.0,Libros,69187.0,PSE,App móvil,iOS,Bogotá,4.0,5,No
TXN-0002609,2024-05-16,19548.0,Alimentos,34277.0,Tarjeta débito,App móvil,,Medellín,3.0,5,No
TXN-0007306,2023-06-20,31645.0,Juguetes,105281.0,Tarjeta débito,App móvil,Android,Medellín,4.0,5,No
TXN-0006660,2024-09-22,22834.0,Hogar,189423.0,Tarjeta débito,App móvil,Android,Bogotá,6.0,5,No
TXN-0005816,2023-11-18,59498.0,Hogar,263930.0,PSE,App móvil,Android,Medellín,5.0,5,No
TXN-0007953,2024-12-27,24680.0,Electrónica,561700.0,Tarjeta crédito,App móvil,iOS,Bogotá,3.0,5,No
TXN-0006625,2024-05-01,41036.0,Belleza,85666.0,Tarjeta crédito,Sitio web,Android,Bogotá,6.0,5,No
TXN-0005969,2024-12-23,38172.0,Electrónica,530366.0,Tarjeta débito,App móvil,Android,Bogotá,4.0,5,No
TXN-0003244,2023-11-04,54149.0,Hogar,194064.0,PSE,App móvil,iOS,Cúcuta,5.0,5,No
TXN-0006009,2022-06-21,32711.0,Electrónica,846247.0,PSE,Sitio web,Android,Bogotá,6.0,5,No
TXN-0006422,2023-10-26,41169.0,Moda,62741.0,Tarjeta crédito,App móvil,Desktop,Ibagué,3.0,5,No
TXN-0000222,2024-01-29,,Mascotas,89121.0,PSE,Sitio web,Desktop,Bogotá,2.0,5,No
TXN-0006027,2024-04-26,19758.0,Belleza,62285.0,Contraentrega,App móvil,Android,Bogotá,7.0,5,No
TXN-0001817,2023-10-11,28310.0,Moda,79564.0,Tarjeta débito,App móvil,Android,Barranquilla,5.0,5,No
TXN-0002497,2022-05-20,54913.0,Libros,63859.0,Tarjeta crédito,App móvil,,Manizales,5.0,5,Sí
TXN-0002758,2022-03-21,38328.0,Hogar,257115.0,Billetera digital,Sitio web,Desktop,BOGOTÁ,5.0,5,Sí
TXN-0004113,2022-09-19,28856.0,HOGAR,264548.0,Tarjeta débito,Sitio web,Desktop,Cartagena,9.0,4,No
TXN-0007451,2024-12-09,40872.0,MODA,140572.0,Contraentrega,App móvil,Android,Cali,5.0,5,No
TXN-0005695,2023-02-16,14701.0,Tecnología,1123102.0,PSE,App móvil,Android,Bogotá,7.0,5,No
TXN-0000279,2023-09-30,35823.0,HOGAR,123471.0,PSE,App móvil,Android,Cali,8.0,3,No
TXN-0000509,2023-06-09,17413.0,Tecnología,333015.0,Tarjeta crédito,Sitio web,Android,Barranquilla,2.0,5,No
TXN-0006957,2023-05-24,22058.0,Moda,168228.0,Tarjeta débito,App móvil,iOS,Bogotá,3.0,5,No
TXN-0004272,2024-06-25,46305.0,Belleza,84885.0,Tarjeta crédito,App móvil,iOS,Bucaramanga,5.0,5,No
TXN-0000693,2024-02-03,28928.0,Moda,87482.0,Billetera digital,App móvil,Android,Cúcuta,4.0,5,No
TXN-0003722,2022-03-03,55477.0,Belleza,37688.0,Tarjeta débito,App móvil,Android,Bogotá,4.0,5,No
TXN-0006796,2023-06-01,26933.0,Deportes,181127.0,Tarjeta crédito,App móvil,Desktop,Medellín,3.0,5,No
TXN-0003218,2022-11-15,16137.0,Electrónica,1017619.0,Tarjeta débito,Sitio web,Android,Ibagué,5.0,5,No
TXN-0002892,2023-03-25,57258.0,Belleza,121092.0,PSE,App móvil,Desktop,Bogotá,5.0,5,No
TXN-0002312,2024-11-22,59979.0,Hogar,116864.0,Tarjeta crédito,App móvil,Android,Bucaramanga,6.0,5,Sí
,2022-03-09,28043.0,Juguetes,80508.0,PSE,App móvil,Android,Cali,5.0,5,No
TXN-0001800,2024-06-19,15207.0,Deportes,169214.0,Tarjeta crédito,Sitio web,iOS,Cartagena,3.0,5,No
TXN-0000465,2024-01-20,47525.0,Moda,202344.0,Tarjeta crédito,App móvil,iOS,MEDELLÍN,8.0,3,No
TXN-0005266,2024-10-11,17426.0,Hogar,242459.0,Billetera digital,App móvil,Desktop,Bucaramanga,3.0,5,No
TXN-0002531,2022-01-16,53784.0,Belleza,37109.0,Tarjeta débito,Sitio web,Android,Bucaramanga,7.0,5,No
TXN-0004094,2022-11-11,39987.0,TECNOLOGÍA,472419.0,PSE,Sitio web,Android,Bogotá,4.0,5,No
TXN-0003366,2024-10-04,46704.0,Moda,170303.0,PSE,Sitio web,Android,Bogotá,5.0,5,No
TXN-0007813,2023-10-06,46923.0,Electrónica,469214.0,Tarjeta crédito,App móvil,Android,Barranquilla,8.0,5,No
TXN-0007795,2024-05-05,51438.0,Alimentos,41235.0,Tarjeta débito,Sitio web,Desktop,Pereira,5.0,5,No
TXN-0007177,2024-12-14,13629.0,Moda,77846.0,Tarjeta crédito,App móvil,,Bogotá,1.0,5,No
TXN-0005238,2023-12-10,35227.0,Electrónica,256829.0,Tarjeta crédito,App móvil,iOS,Bogotá,5.0,5,No
TXN-0000437,2023-01-22,21546.0,Electrónica,427675.0,Tarjeta crédito,App móvil,Android,Bogotá,5.0,5,No
TXN-0000460,2023-07-03,14017.0,Electrónica,444083.0,PSE,Sitio web,Android,Bogotá,9.0,5,No
TXN-0006328,2022-05-24,12630.0,Belleza,79510.0,Tarjeta crédito,Sitio web,Android,Cartagena,4.0,5,No
TXN-0003126,2024-09-27,48064.0,Moda,68837.0,PSE,App móvil,iOS,Pereira,4.0,5,No
TXN-0001380,2024-07-19,58922.0,Moda,103878.0,Tarjeta débito,Sitio web,Android,Cartagena,3.0,5,No
TXN-0006056,2024-03-15,48721.0,Alimentos,36917.0,Tarjeta crédito,Sitio web,Android,Barranquilla,3.0,5,No
TXN-0006332,2022-12-13,42131.0,Juguetes,35762.0,Tarjeta débito,Sitio web,iOS,Cali,7.0,5,No
TXN-0003075,2022-09-27,11281.0,Moda,177060.0,Contraentrega,Sitio web,Desktop,Manizales,2.0,5,No
TXN-0004078,2022-07-05,18596.0,Belleza,76049.0,Tarjeta crédito,Sitio web,iOS,Pereira,4.0,5,No
TXN-0002375,,39231.0,Hogar,155536.0,Contraentrega,Sitio web,Android,Medellín,1.0,5,No
TXN-0007899,2022-03-07,40918.0,Alimentos,16658.0,PSE,Sitio web,iOS,Barranquilla,5.0,5,No
TXN-0004167,2022-10-20,24313.0,Moda,71046.0,Contraentrega,Sitio web,Android,Cali,7.0,5,No
TXN-0005186,2022-10-03,11230.0,Deportes,136479.0,Tarjeta débito,App móvil,,Bogotá,2.0,5,No
TXN-0004417,2024-10-13,18766.0,Electrónica,573858.0,Contraentrega,Sitio web,Android,Cali,4.0,5,No
TXN-0005839,2024-01-06,33002.0,Mascotas,142645.0,Contraentrega,App móvil,iOS,Cali,4.0,5,No
TXN-0003608,2023-10-17,54913.0,Belleza,34725.0,Contraentrega,App móvil,iOS,Bogotá,2.0,5,No
TXN-0004013,2023-03-21,24270.0,Moda,97039.0,Tarjeta débito,App móvil,iOS,Medellín,6.0,5,No
TXN-0001560,2024-08-27,26164.0,Mascotas,124897.0,Tarjeta crédito,Sitio web,iOS,Medellín,1.0,5,No
TXN-0005105,2024-02-20,34337.0,Electrónica,467287.0,Tarjeta crédito,App móvil,Android,Manizales,2.0,5,No
,2024-03-06,30108.0,Hogar,152624.0,Billetera digital,App móvil,Android,Cúcuta,4.0,5,No
TXN-0007667,,13309.0,Alimentos,49361.0,Tarjeta crédito,Sitio web,Android,Cartagena,1.0,5,No
TXN-0002122,2022-03-29,15604.0,Belleza,122369.0,Billetera digital,App móvil,Desktop,Bogotá,4.0,5,No
TXN-0003882,2024-08-15,30832.0,Electrónica,385120.0,Tarjeta débito,App móvil,Android,Bogotá,5.0,5,No
TXN-0001825,2022-10-14,54287.0,Tecnología,685077.0,Billetera digital,App móvil,Android,Medellín,3.0,5,No
TXN-0004638,2024-04-19,49659.0,Belleza,88634.0,Tarjeta crédito,App móvil,Desktop,Bogotá,5.0,5,No
TXN-0007719,2022-03-01,44367.0,Libros,57258.0,Tarjeta débito,App móvil,,Bogotá,1.0,5,No
TXN-0003701,2022-11-28,19729.0,ALIMENTOS,70136.0,Billetera digital,Sitio web,Desktop,Bogotá,4.0,5,No
TXN-0000062,2023-07-22,55302.0,Deportes,108673.0,PSE,App móvil,iOS,Cúcuta,8.0,5,No
,2022-01-16,42396.0,Belleza,78290.0,PSE,App móvil,Android,Bucaramanga,5.0,5,No
TXN-0006741,2024-12-13,18546.0,Mascotas,119726.0,Contraentrega,Sitio web,Desktop,CARTAGENA,5.0,5,No
TXN-0001006,2024-04-11,27279.0,HOGAR,107279.0,Billetera digital,App móvil,Android,Medellín,4.0,5,No
TXN-0002894,2023-02-16,47990.0,Libros,58530.0,Contraentrega,App móvil,Android,Medellín,2.0,5,No
TXN-0002604,2023-03-06,46869.0,Deportes,110808.0,Tarjeta crédito,App móvil,iOS,Pereira,1.0,5,No
,2022-06-19,37295.0,Electrónica,597920.0,Tarjeta crédito,Sitio web,Android,Cali,4.0,5,No
TXN-0002366,2023-09-20,41371.0,Moda,85539.0,Contraentrega,App móvil,Desktop,Bogotá,4.0,5,No
TXN-0003717,,24137.0,Deportes,100757.0,Billetera digital,App móvil,Android,Bogotá,4.0,5,No
TXN-0006315,2022-07-31,10345.0,Hogar,98298.0,Tarjeta crédito,App móvil,Android,Bucaramanga,7.0,5,No
TXN-0003422,2024-11-05,21670.0,Hogar,243788.0,Tarjeta crédito,App móvil,Android,Bogotá,3.0,5,No
TXN-0004495,2024-02-16,15248.0,Belleza,123702.0,Billetera digital,Sitio web,Android,Manizales,4.0,5,No
TXN-0001355,2024-08-03,21530.0,Libros,40432.0,Tarjeta débito,App móvil,Android,Barranquilla,6.0,5,No
TXN-0004184,2023-08-25,13689.0,Deportes,166226.0,Tarjeta crédito,App móvil,Desktop,Cúcuta,3.0,5,No
TXN-0004827,2024-10-12,58799.0,Deportes,163112.0,PSE,App móvil,iOS,Barranquilla,6.0,5,No
TXN-0005686,2023-01-14,15015.0,Mascotas,18435.0,Tarjeta débito,Sitio web,Android,Bucaramanga,2.0,5,No
TXN-0006259,2024-02-06,11560.0,Electrónica,316746.0,Tarjeta crédito,App móvil,iOS,Barranquilla,4.0,5,No
TXN-0006030,2024-08-13,37820.0,Moda,58880.0,Tarjeta crédito,App móvil,Android,Medellín,6.0,5,No
TXN-0003878,2022-06-10,30534.0,Moda,78643.0,PSE,App móvil,Desktop,Bogotá,5.0,5,No
TXN-0000150,2023-08-06,56053.0,Hogar,212655.0,Tarjeta crédito,Sitio web,Android,Bogotá,5.0,5,No
,2022-08-29,44977.0,Moda,151896.0,PSE,App móvil,Android,Pereira,6.0,5,No
TXN-0004395,2022-04-02,43763.0,Electrónica,689486.0,Tarjeta crédito,App móvil,Desktop,Pereira,2.0,5,No
TXN-0000753,2022-01-01,13129.0,Libros,78791.0,Tarjeta crédito,App móvil,Desktop,Bogotá,5.0,5,No
TXN-0006398,2022-03-18,14653.0,Hogar,182962.0,Tarjeta crédito,App móvil,Android,Barranquilla,4.0,5,No
TXN-0006073,2024-03-18,41888.0,Belleza,98720.0,Tarjeta débito,Sitio web,Android,Ibagué,8.0,3,No
TXN-0003828,2024-09-19,14256.0,Moda,59808.0,PSE,Sitio web,Android,CALI,4.0,5,No
TXN-0005171,2022-08-19,,Hogar,105906.0,Tarjeta débito,Sitio web,Desktop,Medellín,6.0,5,No
,2023-06-24,,Electrónica,1091934.0,PSE,Sitio web,Android,Bogotá,5.0,5,No
TXN-0004247,2023-03-19,36529.0,Hogar,197155.0,Tarjeta crédito,App móvil,iOS,Medellín,3.0,5,No
TXN-0004505,2024-12-24,18707.0,Mascotas,68015.0,PSE,Sitio web,Android,Barranquilla,2.0,5,No
TXN-0002198,2024-10-21,18784.0,Electrónica,928548.0,PSE,App móvil,iOS,MEDELLÍN,7.0,5,No
TXN-0001399,2022-01-10,11170.0,Libros,58558.0,Contraentrega,Sitio web,iOS,Bogotá,6.0,5,No
TXN-0004893,2024-09-19,10105.0,Mascotas,89421.0,Billetera digital,Sitio web,Desktop,Barranquilla,5.0,5,No
TXN-0005460,2022-08-27,29501.0,Moda,77757.0,PSE,Sitio web,Android,Barranquilla,1.0,5,No
TXN-0004968,2022-12-05,54032.0,Mascotas,82742.0,PSE,Sitio web,Android,Barranquilla,3.0,5,No
TXN-0001757,2022-09-11,20208.0,Libros,20133.0,PSE,App móvil,Android,Pereira,7.0,5,No
TXN-0004606,2023-09-03,11794.0,Juguetes,42822.0,Contraentrega,App móvil,Desktop,MEDELLÍN,5.0,5,No
TXN-0004992,2023-12-23,47810.0,Hogar,284739.0,Tarjeta crédito,App móvil,Android,Cúcuta,8.0,5,No
TXN-0002339,2023-10-07,41286.0,Juguetes,29110.0,Tarjeta crédito,App móvil,Desktop,Bogotá,2.0,5,No
TXN-0006457,2022-01-13,10094.0,Electrónica,443073.0,Tarjeta crédito,Sitio web,iOS,MEDELLÍN,4.0,5,No
TXN-0007032,2022-08-10,57985.0,Juguetes,178310.0,Billetera digital,App móvil,Desktop,Pereira,2.0,5,No
TXN-0002636,2024-06-15,13093.0,HOGAR,164256.0,PSE,App móvil,iOS,Cali,3.0,5,No
TXN-0007290,2022-03-22,58681.0,Electrónica,752889.0,Tarjeta crédito,App móvil,Android,Medellín,4.0,5,No
TXN-0005797,2023-05-29,54166.0,Mascotas,78262.0,Billetera digital,App móvil,Android,Medellín,5.0,5,No
TXN-0001048,2022-01-05,44163.0,Moda,133098.0,Tarjeta crédito,App móvil,Android,Cali,5.0,5,No
TXN-0003605,2024-11-30,53831.0,Tecnología,1581927.0,Billetera digital,Sitio web,Android,Bogotá,1.0,5,No
TXN-0005188,2022-10-12,45958.0,Alimentos,18334.0,PSE,Sitio web,iOS,BARRANQUILLA,5.0,5,No
TXN-0003048,2023-11-04,39557.0,Moda,166111.0,Billetera digital,App móvil,iOS,Cali,5.0,5,No
TXN-0006185,2022-11-25,20890.0,Electrónica,1100655.0,Tarjeta débito,App móvil,Desktop,Cali,2.0,5,No
TXN-0007625,2024-10-18,40710.0,Belleza,52480.0,PSE,App móvil,Desktop,Cúcuta,5.0,5,No
TXN-0004479,2023-10-06,27258.0,Juguetes,75305.0,Tarjeta crédito,App móvil,Desktop,Medellín,5.0,5,No
TXN-0001598,2022-10-20,29614.0,TECNOLOGÍA,773688.0,Tarjeta crédito,App móvil,iOS,Cali,5.0,5,No
TXN-0000659,2024-06-30,20808.0,Belleza,32438.0,PSE,App móvil,Android,Cali,8.0,5,No
TXN-0007492,2023-08-08,17060.0,Juguetes,147913.0,Tarjeta crédito,App móvil,Desktop,Bogotá,4.0,5,No
TXN-0002019,2023-06-11,25225.0,Moda,10904.0,Tarjeta crédito,Sitio web,iOS,Bogotá,6.0,5,No
TXN-0006218,2023-04-14,32060.0,Belleza,82738.0,PSE,App móvil,Android,Medellín,1.0,5,No
TXN-0001725,2024-02-04,27116.0,Moda,63024.0,Contraentrega,App móvil,Desktop,Medellín,5.0,5,No
TXN-0006262,2023-01-21,17938.0,Juguetes,61121.0,Contraentrega,App móvil,Android,Bogotá,4.0,5,No
TXN-0002776,2023-04-23,23814.0,Hogar,59326.0,Contraentrega,Sitio web,Android,Ibagué,4.0,5,No
TXN-0000598,2023-08-05,53529.0,Hogar,218938.0,Contraentrega,App móvil,iOS,Barranquilla,2.0,5,No
TXN-0007205,2023-01-01,17595.0,Libros,84823.0,Tarjeta débito,App móvil,Android,Barranquilla,5.0,5,No
TXN-0007457,2024-03-25,23965.0,Libros,45505.0,Tarjeta crédito,App móvil,Android,Bucaramanga,7.0,5,No
TXN-0003156,2022-03-13,32674.0,Belleza,69829.0,Tarjeta crédito,App móvil,Desktop,CARTAGENA,1.0,5,No
TXN-0006404,2022-02-08,43720.0,Juguetes,79429.0,Tarjeta crédito,App móvil,iOS,Barranquilla,6.0,5,No
TXN-0007759,2023-07-21,17240.0,Moda,97225.0,Contraentrega,Sitio web,Android,Bogotá,2.0,5,No
TXN-0003471,2023-12-08,29337.0,ALIMENTOS,44750.0,Tarjeta crédito,App móvil,Android,Bogotá,6.0,5,No
TXN-0006871,2023-06-20,18805.0,Tecnología,110825.0,Tarjeta débito,Sitio web,Desktop,Ibagué,5.0,5,No
TXN-0004737,2023-08-18,26254.0,Electrónica,573866.0,Tarjeta crédito,App móvil,Android,Cali,6.0,5,No
TXN-0002047,2024-02-20,38157.0,Electrónica,243863.0,Contraentrega,Sitio web,iOS,Bogotá,1.0,5,Sí
TXN-0005837,2023-10-06,31102.0,DEPORTES,65579.0,PSE,App móvil,iOS,Bucaramanga,4.0,5,No
TXN-0001548,2023-12-10,52933.0,Belleza,77342.0,PSE,Sitio web,Android,Medellín,3.0,5,No
TXN-0000632,2023-01-09,15505.0,Juguetes,100154.0,PSE,App móvil,Android,Cúcuta,3.0,5,No
TXN-0005607,2022-01-28,52541.0,Moda,163599.0,Tarjeta crédito,App móvil,,Medellín,2.0,5,No
TXN-0001638,,16192.0,Tecnología,1885662.0,Tarjeta crédito,App móvil,Desktop,Bogotá,1.0,5,No
TXN-0005731,2024-06-26,40395.0,Moda,48115.0,Tarjeta débito,App móvil,Desktop,Cali,9.0,4,No
TXN-0001383,2022-07-31,59719.0,Juguetes,122198.0,Contraentrega,App móvil,iOS,Bogotá,4.0,5,No
TXN-0001043,2022-03-04,23474.0,Mascotas,82992.0,Tarjeta crédito,App móvil,Android,Medellín,6.0,5,No
TXN-0005146,2023-10-13,32726.0,Tecnología,1083960.0,PSE,Sitio web,Android,Manizales,6.0,5,No
TXN-0005480,2023-09-14,55326.0,Deportes,149313.0,Tarjeta crédito,Sitio web,Desktop,Bogotá,4.0,5,No
TXN-0003040,2023-06-19,46161.0,Belleza,96179.0,Contraentrega,App móvil,Android,Pereira,4.0,5,No
TXN-0002156,2024-05-22,38398.0,Tecnología,638398.0,Tarjeta crédito,App móvil,Android,Bogotá,2.0,5,No
TXN-0000847,2024-04-28,42545.0,Moda,103155.0,PSE,App móvil,Android,Bogotá,5.0,5,No
TXN-0004679,,40839.0,Electrónica,1169084.0,Tarjeta crédito,App móvil,Android,Bogotá,7.0,5,No
TXN-0006610,2023-06-21,59387.0,Alimentos,56532.0,Billetera digital,Sitio web,Android,Cali,3.0,5,No
TXN-0004915,2022-12-18,25086.0,Libros,33675.0,Tarjeta crédito,App móvil,iOS,Cartagena,5.0,5,No
TXN-0003292,2024-09-26,46132.0,Moda,171842.0,Tarjeta crédito,Sitio web,Desktop,Bogotá,3.0,5,No
TXN-0001726,2022-05-12,51683.0,Electrónica,367205.0,Tarjeta débito,App móvil,Android,Pereira,2.0,5,No
TXN-0004036,2022-11-23,39577.0,Deportes,69316.0,Contraentrega,App móvil,iOS,Pereira,4.0,5,No
TXN-0001245,2024-01-20,47950.0,Moda,100945.0,PSE,Sitio web,Android,Cali,3.0,5,No
TXN-0002420,2023-05-25,11835.0,Belleza,121667.0,Tarjeta crédito,Sitio web,Android,Pereira,4.0,5,No
TXN-0004171,2023-04-18,15860.0,Electrónica,806803.0,Billetera digital,App móvil,Android,Bogotá,2.0,5,No
TXN-0004212,2024-08-01,24884.0,Alimentos,57986.0,Contraentrega,App móvil,Desktop,Bogotá,7.0,5,No
TXN-0003274,2024-06-10,18426.0,Juguetes,64396.0,Tarjeta débito,App móvil,Android,Medellín,2.0,5,No
,2023-02-15,24935.0,Hogar,144931.0,PSE,Sitio web,iOS,Pereira,3.0,5,No
TXN-0007498,2022-05-20,11920.0,Electrónica,752142.0,Tarjeta crédito,Sitio web,Desktop,Bogotá,3.0,5,No
TXN-0001669,2023-01-27,15289.0,Belleza,74340.0,Tarjeta crédito,App móvil,Android,Cartagena,6.0,5,No
TXN-0002221,2024-01-21,59020.0,Moda,100656.0,Tarjeta crédito,App móvil,Desktop,Cúcuta,4.0,5,No
TXN-0007823,2023-09-15,33240.0,Tecnología,1093431.0,Contraentrega,App móvil,iOS,Ibagué,5.0,5,No
TXN-0007014,2023-08-14,17599.0,Hogar,299114.0,Tarjeta crédito,Sitio web,Android,Bogotá,4.0,5,Sí
TXN-0003185,2024-03-25,53743.0,Belleza,143492.0,Tarjeta crédito,App móvil,Android,Cali,5.0,5,No
TXN-0003562,2022-07-13,48356.0,Belleza,83493.0,Billetera digital,Sitio web,iOS,Bogotá,10.0,5,No
TXN-0004507,2023-11-23,21099.0,Deportes,226081.0,Tarjeta crédito,Sitio web,iOS,Bogotá,7.0,5,No
TXN-0004300,2022-10-08,34493.0,Alimentos,50489.0,Tarjeta crédito,Sitio web,iOS,Manizales,5.0,5,No
TXN-0002394,2023-05-29,12222.0,Tecnología,418715.0,PSE,App móvil,Android,Pereira,5.0,5,No
TXN-0002074,2023-03-10,26329.0,Moda,189319.0,Tarjeta crédito,App móvil,Desktop,Medellín,1.0,5,No
TXN-0007484,2022-10-12,20888.0,Libros,74761.0,Billetera digital,Sitio web,Desktop,Barranquilla,5.0,5,No
TXN-0003106,2024-08-04,18576.0,Belleza,42440.0,PSE,App móvil,Android,Cali,5.0,5,Sí
TXN-0003022,2022-03-08,38282.0,DEPORTES,174190.0,Tarjeta crédito,App móvil,Desktop,Barranquilla,3.0,5,No
TXN-0003749,2024-09-09,11320.0,Moda,128015.0,Tarjeta crédito,App móvil,iOS,Medellín,3.0,5,No
TXN-0004334,2024-08-14,50599.0,Belleza,65641.0,Tarjeta crédito,Sitio web,Android,Bogotá,5.0,5,No
TXN-0002831,2023-09-02,14314.0,Juguetes,105353.0,Tarjeta crédito,Sitio web,Android,Bogotá,5.0,5,No
TXN-0004180,2022-10-02,21843.0,Electrónica,960425.0,PSE,App móvil,Android,Medellín,5.0,5,No
TXN-0005940,2023-02-14,33567.0,Belleza,58435.0,Tarjeta débito,App móvil,Desktop,Bogotá,3.0,5,No
TXN-0001212,2022-06-26,28656.0,Alimentos,51114.0,PSE,Sitio web,iOS,Cúcuta,3.0,5,No
TXN-0001084,2023-12-18,15189.0,Belleza,76238.0,Contraentrega,Sitio web,Android,Medellín,4.0,5,No
TXN-0007063,2022-03-30,45894.0,Alimentos,57069.0,PSE,App móvil,Android,Medellín,5.0,5,No
TXN-0004989,,29260.0,Deportes,200592.0,PSE,Sitio web,Android,Cali,5.0,5,No
TXN-0007060,2024-11-18,11299.0,Mascotas,57540.0,Tarjeta débito,App móvil,Android,Manizales,5.0,5,No
TXN-0006952,,43458.0,Moda,121719.0,PSE,Sitio web,iOS,Barranquilla,5.0,5,No
TXN-0000872,2024-08-02,32620.0,Belleza,93263.0,Tarjeta crédito,App móvil,Desktop,Barranquilla,3.0,5,No
TXN-0006207,2024-01-05,51578.0,Tecnología,1114272.0,Billetera digital,Sitio web,,Bucaramanga,7.0,5,No
TXN-0006375,2022-09-07,15697.0,Belleza,96231.0,PSE,Sitio web,iOS,Medellín,7.0,5,No
,2022-06-24,20330.0,Mascotas,46938.0,PSE,App móvil,Android,Bogotá,2.0,5,No
TXN-0005842,2023-11-04,48451.0,TECNOLOGÍA,300376.0,Tarjeta débito,App móvil,Android,Medellín,5.0,5,No
TXN-0003819,2022-04-18,29996.0,Electrónica,354991.0,Tarjeta débito,Sitio web,Android,Medellín,4.0,5,No
TXN-0001818,2024-01-21,33430.0,Juguetes,23502.0,Tarjeta crédito,App móvil,Desktop,BOGOTÁ,1.0,5,No
TXN-0003903,2023-10-12,38200.0,Tecnología,1225940.0,PSE,App móvil,Android,Bogotá,1.0,5,No
TXN-0002818,2022-01-06,18261.0,Moda,38638.0,Billetera digital,App móvil,Android,Bogotá,6.0,5,No
TXN-0007986,2022-10-25,44364.0,Electrónica,692812.0,Billetera digital,App móvil,iOS,Cali,5.0,5,Sí
TXN-0006622,2024-07-22,12304.0,Hogar,334495.0,PSE,Sitio web,Desktop,Medellín,4.0,5,No
TXN-0002471,2022-08-13,52829.0,Deportes,58696.0,PSE,Sitio web,Android,Cartagena,5.0,5,No
TXN-0003322,2024-11-16,46273.0,Tecnología,1422437.0,Contraentrega,Sitio web,Android,Medellín,3.0,5,No
TXN-0003554,2023-04-08,53861.0,Belleza,78860.0,Tarjeta crédito,Sitio web,iOS,Manizales,4.0,5,No
TXN-0003520,2022-04-03,48484.0,Electrónica,859266.0,Tarjeta crédito,App móvil,iOS,Pereira,2.0,5,No
TXN-0003825,2024-09-02,41554.0,Alimentos,32487.0,Tarjeta crédito,App móvil,iOS,Ibagué,3.0,5,No
TXN-0002904,2024-04-25,37665.0,Electrónica,669232.0,Tarjeta crédito,Sitio web,Android,Bucaramanga,6.0,5,No
TXN-0003965,2024-06-22,36892.0,Alimentos,32656.0,Contraentrega,App móvil,Android,Bogotá,4.0,5,No
TXN-0004974,2024-02-19,16441.0,Alimentos,78516.0,Tarjeta débito,App móvil,Desktop,Cúcuta,4.0,5,No
TXN-0007872,2023-07-09,12886.0,Deportes,78687.0,Tarjeta crédito,App móvil,Android,Cali,6.0,5,No
TXN-0001026,2023-08-19,15706.0,Juguetes,149918.0,PSE,App móvil,Desktop,Medellín,3.0,5,No
TXN-0001290,2024-01-09,31335.0,Belleza,67650.0,Tarjeta crédito,Sitio web,Desktop,Cali,4.0,5,No
TXN-0006784,2022-04-14,23279.0,Belleza,84306.0,PSE,Sitio web,Android,Cali,3.0,5,No
TXN-0005187,2023-04-12,54517.0,Tecnología,484865.0,Tarjeta crédito,App móvil,iOS,Cali,3.0,5,No
TXN-0004953,2024-09-29,36375.0,Moda,31596.0,Tarjeta crédito,App móvil,Android,Cali,4.0,5,No
TXN-0000463,2023-06-30,25985.0,Electrónica,508715.0,Tarjeta débito,Sitio web,iOS,Bucaramanga,4.0,5,No
TXN-0002134,2024-11-18,29108.0,Belleza,49235.0,Contraentrega,Sitio web,Desktop,Barranquilla,4.0,5,No
TXN-0000288,2022-12-07,34373.0,Juguetes,47675.0,Tarjeta crédito,Sitio web,Desktop,Bogotá,4.0,5,No
TXN-0007661,2023-01-11,16182.0,Hogar,165919.0,Tarjeta débito,App móvil,iOS,Cartagena,6.0,5,No
TXN-0003025,2024-07-24,16963.0,Juguetes,62075.0,Tarjeta crédito,App móvil,Desktop,Barranquilla,2.0,5,No
TXN-0002264,2023-08-28,12233.0,Moda,104932.0,Tarjeta débito,App móvil,Desktop,Ibagué,7.0,5,No
TXN-0003138,2023-08-02,42772.0,Hogar,237525.0,PSE,App móvil,,Bogotá,5.0,5,No
TXN-0006900,2022-04-02,25839.0,Alimentos,58627.0,Billetera digital,App móvil,Desktop,Bogotá,7.0,5,No
TXN-0005154,2024-02-14,55187.0,ALIMENTOS,68049.0,Tarjeta crédito,Sitio web,Android,Cartagena,5.0,5,No
TXN-0006232,2022-01-03,47882.0,Deportes,177338.0,Tarjeta crédito,Sitio web,Android,Ibagué,3.0,5,No
TXN-0003363,2022-10-11,12751.0,Hogar,191185.0,PSE,App móvil,Android,Medellín,5.0,5,No
TXN-0005835,2022-03-08,36524.0,Electrónica,565016.0,PSE,App móvil,Android,Bucaramanga,6.0,5,No
TXN-0003732,2022-06-22,15337.0,Hogar,150913.0,Tarjeta crédito,Sitio web,iOS,Ibagué,6.0,5,No
TXN-0005332,2024-12-26,13071.0,Alimentos,41966.0,PSE,App móvil,Android,Cali,5.0,5,No
TXN-0003481,2023-04-15,52822.0,Alimentos,5000.0,Tarjeta débito,App móvil,Desktop,Bucaramanga,1.0,5,No
TXN-0001262,2024-03-17,16687.0,Moda,117326.0,PSE,App móvil,Desktop,CALI,2.0,5,No
TXN-0000092,2022-05-15,25459.0,Alimentos,29122.0,Tarjeta crédito,Sitio web,Desktop,Barranquilla,4.0,5,No
TXN-0004964,2022-11-26,30011.0,Mascotas,89455.0,Billetera digital,App móvil,Android,Medellín,6.0,5,No
TXN-0003110,2022-08-29,18293.0,Deportes,190375.0,Tarjeta débito,Sitio web,,Cartagena,3.0,5,No
,2022-03-14,20070.0,Belleza,43030.0,Tarjeta crédito,Sitio web,Android,Medellín,5.0,5,No
TXN-0007401,2023-08-07,10330.0,Electrónica,1094413.0,PSE,Sitio web,Desktop,Cartagena,3.0,5,No
TXN-0005267,2023-07-31,58858.0,Moda,149078.0,Tarjeta crédito,App móvil,iOS,Medellín,4.0,5,No
TXN-0004668,2023-06-22,51561.0,Belleza,86901.0,Tarjeta crédito,App móvil,Android,Bucaramanga,6.0,5,No
TXN-0005707,2023-08-27,24358.0,Electrónica,472010.0,Billetera digital,Sitio web,iOS,Cartagena,2.0,5,No
,2023-10-23,32550.0,Moda,149040.0,PSE,App móvil,Android,Ibagué,2.0,5,No
TXN-0004075,2024-07-12,25465.0,Hogar,222632.0,Tarjeta débito,App móvil,Android,Cartagena,3.0,5,No
TXN-0006814,2022-12-28,51193.0,Electrónica,575759.0,Contraentrega,Sitio web,Android,Cali,2.0,5,No
TXN-0006164,2024-10-18,17159.0,Deportes,150263.0,Billetera digital,App móvil,Desktop,Barranquilla,7.0,5,No
TXN-0003715,2023-09-05,25377.0,Alimentos,56230.0,Contraentrega,App móvil,iOS,Cali,3.0,5,No
TXN-0003320,2023-06-30,59203.0,Moda,155862.0,PSE,App móvil,Desktop,Cali,3.0,5,No
TXN-0006282,2023-02-03,42616.0,Electrónica,973301.0,PSE,Sitio web,Desktop,Cúcuta,8.0,3,No
TXN-0007884,2022-07-24,32864.0,Moda,171110.0,PSE,App móvil,Android,Cali,7.0,5,No
TXN-0005247,2024-09-12,39147.0,Juguetes,119740.0,Tarjeta crédito,Sitio web,Android,Bogotá,7.0,5,No
TXN-0007453,2024-02-25,,Libros,72863.0,Tarjeta crédito,App móvil,Android,Bogotá,6.0,5,No
,2024-03-07,51703.0,Deportes,173706.0,PSE,App móvil,iOS,Bogotá,1.0,5,No
TXN-0003503,2024-06-02,44689.0,Moda,55247.0,Tarjeta crédito,Sitio web,iOS,Medellín,5.0,5,No
TXN-0003396,2022-07-11,40346.0,Hogar,152549.0,Billetera digital,App móvil,Android,Bogotá,8.0,5,No
TXN-0000829,,26722.0,Belleza,67481.0,PSE,App móvil,iOS,Cali,7.0,5,No
TXN-0005989,2023-03-09,43517.0,Belleza,101709.0,Tarjeta débito,App móvil,Android,Cali,10.0,5,No
TXN-0007281,2022-11-16,19478.0,Tecnología,656765.0,PSE,App móvil,iOS,Bucaramanga,7.0,5,No
TXN-0005031,2022-03-03,35482.0,Libros,39025.0,Tarjeta débito,App móvil,iOS,Medellín,7.0,5,No
TXN-0007618,2024-02-04,53689.0,Electrónica,840715.0,Tarjeta débito,Sitio web,Android,Barranquilla,4.0,5,No
TXN-0007812,2023-09-03,13454.0,Hogar,215071.0,Tarjeta crédito,App móvil,Android,Cali,4.0,5,No
TXN-0002611,2023-08-01,18280.0,Mascotas,104614.0,PSE,Sitio web,iOS,Bucaramanga,3.0,5,No
TXN-0000046,2022-02-07,33460.0,Libros,69085.0,Billetera digital,App móvil,Android,Manizales,5.0,5,No
,2023-09-02,23495.0,Moda,120023.0,Contraentrega,Sitio web,Android,Cúcuta,4.0,5,No
TXN-0005661,2022-12-17,35357.0,Deportes,220431.0,Tarjeta crédito,Sitio web,Android,Bogotá,6.0,5,No
TXN-0006021,2023-01-25,41117.0,Electrónica,190645.0,Tarjeta crédito,App móvil,iOS,Pereira,1.0,5,No
TXN-0007935,2023-10-17,14598.0,Mascotas,77458.0,Tarjeta débito,App móvil,iOS,Bogotá,2.0,5,No
TXN-0007857,2023-03-23,21937.0,Hogar,190946.0,Tarjeta débito,App móvil,iOS,Ibagué,5.0,5,No
TXN-0000186,2023-12-27,16155.0,Libros,40195.0,Tarjeta crédito,App móvil,iOS,Ibagué,5.0,5,No
TXN-0002664,2023-04-07,23380.0,Hogar,112523.0,Contraentrega,Sitio web,iOS,Bucaramanga,4.0,5,No
TXN-0005306,2023-02-13,22781.0,Moda,69059.0,Tarjeta crédito,App móvil,Desktop,Bogotá,2.0,5,No
TXN-0005973,2024-08-21,12599.0,Hogar,106317.0,Contraentrega,App móvil,Android,Bogotá,7.0,5,No
TXN-0006563,2023-09-12,37418.0,Alimentos,28869.0,Tarjeta crédito,App móvil,Android,Bogotá,5.0,5,No
TXN-0002103,2022-07-05,49040.0,Deportes,139979.0,Tarjeta débito,App móvil,iOS,Barranquilla,5.0,5,No
TXN-0002119,2022-03-27,57801.0,Libros,40992.0,Billetera digital,Sitio web,Desktop,Cali,4.0,5,No
TXN-0004555,2022-11-21,,Libros,27832.0,Tarjeta crédito,Sitio web,Android,Bogotá,3.0,5,No
TXN-0000628,2023-06-15,30598.0,Alimentos,23025.0,Tarjeta crédito,Sitio web,,Bogotá,4.0,5,No
TXN-0002821,2023-01-29,23978.0,Hogar,201210.0,Tarjeta crédito,App móvil,iOS,Cali,1.0,5,No
TXN-0004306,2022-02-27,13521.0,Libros,21531.0,Tarjeta crédito,App móvil,Android,Bogotá,5.0,5,No
TXN-0006237,2024-02-04,29264.0,Tecnología,542358.0,PSE,Sitio web,Android,Cali,5.0,5,Sí
TXN-0002008,2024-04-06,40340.0,Belleza,74645.0,PSE,Sitio web,Android,Barranquilla,7.0,5,No
TXN-0007471,2022-05-23,31065.0,Juguetes,56651.0,Tarjeta crédito,App móvil,Android,Medellín,3.0,5,No
TXN-0001559,2024-07-01,21593.0,Hogar,271826.0,Billetera digital,Sitio web,Android,Bogotá,5.0,5,No
TXN-0006627,2024-11-09,39983.0,Libros,73641.0,Tarjeta crédito,App móvil,iOS,Pereira,5.0,5,No
TXN-0001533,2022-03-26,50725.0,Hogar,124197.0,Tarjeta débito,Sitio web,Android,Ibagué,1.0,5,No
TXN-0000608,2023-04-21,10772.0,MODA,163338.0,Billetera digital,App móvil,Android,Bucaramanga,6.0,5,No
TXN-0005131,2024-03-12,27392.0,Deportes,93302.0,Tarjeta crédito,App móvil,iOS,Barranquilla,1.0,5,No
TXN-0001790,2022-10-20,30179.0,Juguetes,11178.0,PSE,App móvil,,Barranquilla,6.0,5,No
TXN-0004299,2023-11-19,56216.0,Deportes,208459.0,Tarjeta crédito,App móvil,Android,Ibagué,4.0,5,Sí
TXN-0001036,2023-03-26,58133.0,Electrónica,349577.0,Contraentrega,App móvil,Android,Medellín,6.0,5,No
TXN-0007188,2022-10-04,20586.0,Tecnología,1243018.0,Tarjeta débito,App móvil,iOS,Medellín,2.0,5,No
TXN-0003615,2022-03-20,42854.0,Electrónica,835603.0,Tarjeta crédito,App móvil,Android,Medellín,6.0,5,No
TXN-0003434,2022-04-21,26975.0,Electrónica,671322.0,PSE,Sitio web,iOS,Cartagena,5.0,5,No
TXN-0004647,2024-09-28,47658.0,Moda,66055.0,PSE,App móvil,Android,Medellín,5.0,5,No
TXN-0006168,2023-10-03,51505.0,Electrónica,598046.0,Tarjeta débito,App móvil,,Cali,3.0,5,No
TXN-0007770,2023-12-19,15823.0,Tecnología,1377862.0,Tarjeta crédito,Sitio web,Android,CARTAGENA,1.0,5,No
TXN-0003852,2024-07-28,54626.0,Electrónica,682962.0,Tarjeta crédito,App móvil,Android,Bogotá,6.0,5,No
TXN-0007977,2023-01-11,,Alimentos,34028.0,Tarjeta débito,Sitio web,,Medellín,1.0,5,No
TXN-0002779,2024-07-12,16908.0,Hogar,167809.0,Billetera digital,Sitio web,iOS,Bogotá,1.0,5,No
TXN-0002716,2022-10-24,44244.0,Belleza,56361.0,Tarjeta crédito,App móvil,Android,Pereira,6.0,5,No
TXN-0000500,2024-02-08,44287.0,Deportes,142133.0,PSE,App móvil,Android,Medellín,3.0,5,No
TXN-0005897,2022-02-23,22256.0,Belleza,93425.0,Tarjeta débito,App móvil,Desktop,Cúcuta,3.0,5,No
,2024-01-02,48170.0,Hogar,110039.0,PSE,App móvil,Android,Cali,5.0,5,No
TXN-0003388,2023-05-08,40960.0,Mascotas,63785.0,Tarjeta débito,App móvil,,Bogotá,6.0,5,Sí
TXN-0000122,2024-12-08,19732.0,DEPORTES,144219.0,Tarjeta débito,App móvil,iOS,Cali,1.0,5,No
TXN-0004303,2022-10-07,37302.0,Moda,43578.0,Contraentrega,Sitio web,Android,Bogotá,3.0,5,No
TXN-0001924,2022-05-03,45420.0,Juguetes,58008.0,Tarjeta débito,Sitio web,Android,Medellín,7.0,5,No
TXN-0006990,2022-01-19,12426.0,Mascotas,47362.0,Contraentrega,Sitio web,Android,Medellín,2.0,5,No
TXN-0003864,2022-07-26,38208.0,Belleza,44420.0,Tarjeta crédito,App móvil,,Bogotá,7.0,5,No
TXN-0004000,2024-05-06,38694.0,Moda,38630.0,Tarjeta crédito,App móvil,Desktop,Cali,5.0,5,No
TXN-0001944,2023-12-26,16101.0,Alimentos,37128.0,Tarjeta débito,App móvil,iOS,Bogotá,5.0,5,Sí
TXN-0003932,2022-05-07,27552.0,Deportes,101209.0,Tarjeta crédito,Sitio web,Android,Bogotá,5.0,5,No
TXN-0004131,2024-04-15,35366.0,Belleza,113949.0,PSE,App móvil,iOS,Cali,4.0,5,No
TXN-0003091,2023-11-11,51619.0,HOGAR,212742.0,Tarjeta débito,App móvil,Desktop,Medellín,5.0,5,No
TXN-0004409,2022-11-09,24622.0,Libros,18943.0,PSE,App móvil,iOS,Cali,1.0,5,No
TXN-0005722,2022-10-25,16550.0,Hogar,124058.0,Tarjeta débito,App móvil,Android,Bogotá,1.0,5,Sí
TXN-0007961,2024-08-01,24564.0,Tecnología,676944.0,Tarjeta crédito,App móvil,Android,Pereira,8.0,5,No
TXN-0005012,2023-12-08,32154.0,Juguetes,143611.0,Tarjeta crédito,Sitio web,Android,Cali,3.0,5,No
TXN-0004367,2023-02-01,56960.0,Juguetes,92094.0,Tarjeta crédito,App móvil,Android,Bogotá,5.0,5,No
TXN-0000947,2024-01-03,21440.0,Electrónica,623684.0,Tarjeta crédito,App móvil,Android,Medellín,9.0,4,No
TXN-0000786,2024-11-16,31291.0,Libros,90996.0,Tarjeta débito,App móvil,Android,Medellín,3.0,5,No
TXN-0005426,2023-01-15,51203.0,Moda,58595.0,PSE,App móvil,Android,BUCARAMANGA,4.0,5,No
TXN-0004158,2023-12-07,52202.0,Hogar,204119.0,PSE,App móvil,Android,Pereira,2.0,5,No
TXN-0004732,2022-06-09,,Electrónica,868859.0,Tarjeta crédito,Sitio web,Android,Cali,5.0,5,No
TXN-0001217,2024-06-16,18739.0,Alimentos,56604.0,Contraentrega,Sitio web,Android,Medellín,2.0,5,No
TXN-0000852,2024-10-08,22559.0,Deportes,94363.0,Contraentrega,App móvil,Android,Bogotá,4.0,5,No
TXN-0006229,2022-04-24,50687.0,Alimentos,50019.0,Tarjeta crédito,App móvil,Desktop,Cartagena,6.0,5,No
TXN-0007932,2023-09-23,44754.0,Hogar,152272.0,Contraentrega,App móvil,Android,Cali,3.0,5,No
TXN-0000140,2022-06-30,29274.0,Moda,99013.0,Tarjeta débito,App móvil,iOS,Pereira,5.0,5,No
TXN-0004280,2022-05-18,49443.0,Alimentos,42548.0,PSE,App móvil,Desktop,Cali,2.0,5,No
TXN-0007064,2022-01-10,38990.0,Electrónica,679357.0,Tarjeta crédito,App móvil,Desktop,MANIZALES,4.0,5,No
TXN-0004568,2022-01-10,49930.0,Alimentos,59499.0,Tarjeta crédito,Sitio web,Android,Ibagué,4.0,5,No
TXN-0000615,2022-07-02,40813.0,Moda,63724.0,Tarjeta crédito,Sitio web,Desktop,Bogotá,2.0,5,No
TXN-0007654,2024-02-04,37863.0,Electrónica,733062.0,Tarjeta crédito,Sitio web,Android,Barranquilla,5.0,5,No
TXN-0006243,2024-12-05,52037.0,Libros,68554.0,Billetera digital,Sitio web,Android,Bogotá,4.0,5,No
TXN-0002589,2023-08-15,44468.0,Juguetes,117186.0,Contraentrega,App móvil,Android,Bogotá,3.0,5,No
TXN-0000428,2024-02-24,18437.0,Electrónica,571622.0,Tarjeta crédito,App móvil,Desktop,Medellín,8.0,5,No
TXN-0001332,2022-04-06,53521.0,Libros,37579.0,Tarjeta débito,Sitio web,Android,Cali,4.0,5,No
TXN-0001536,2024-01-24,57761.0,Alimentos,13798.0,Tarjeta crédito,App móvil,Android,Barranquilla,3.0,5,No
TXN-0003412,,57856.0,Alimentos,56087.0,Tarjeta crédito,App móvil,iOS,Medellín,3.0,5,No
TXN-0002499,2023-11-22,53199.0,Tecnología,1474552.0,Tarjeta crédito,Sitio web,Desktop,Bogotá,2.0,5,No
TXN-0006935,2023-01-24,15739.0,Moda,130210.0,PSE,App móvil,Android,Barranquilla,2.0,5,No
TXN-0007754,2022-09-25,18051.0,Mascotas,48263.0,Tarjeta crédito,App móvil,iOS,Barranquilla,6.0,5,No
TXN-0003953,2022-01-15,45673.0,Hogar,274818.0,PSE,App móvil,Android,Cali,2.0,5,No
TXN-0001923,2024-02-19,55592.0,Belleza,119310.0,Tarjeta crédito,Sitio web,Android,Pereira,8.0,4,No
TXN-0001294,2024-06-29,56794.0,Belleza,52423.0,Contraentrega,App móvil,Android,Barranquilla,7.0,5,No
TXN-0003863,2023-10-30,11384.0,Moda,130757.0,PSE,Sitio web,Android,Medellín,1.0,5,No
TXN-0001619,2024-08-30,26130.0,Hogar,114694.0,Billetera digital,App móvil,Android,Bucaramanga,3.0,5,No
TXN-0004217,2024-05-26,16296.0,Alimentos,27730.0,Billetera digital,Sitio web,Desktop,Bucaramanga,4.0,5,No
TXN-0002574,2023-02-21,17661.0,Juguetes,111255.0,Contraentrega,Sitio web,iOS,Bogotá,4.0,5,No
TXN-0007115,2023-09-12,49389.0,Belleza,13190.0,Tarjeta crédito,App móvil,iOS,Barranquilla,1.0,5,No
TXN-0000182,2024-03-10,34660.0,Moda,144722.0,Contraentrega,App móvil,Android,Cali,2.0,5,No
TXN-0005203,2023-07-11,20220.0,Moda,187554.0,PSE,Sitio web,Android,Bogotá,2.0,5,No
TXN-0007442,2024-09-06,19099.0,HOGAR,50695.0,Tarjeta débito,App móvil,Android,Pereira,3.0,5,No
TXN-0003102,2024-03-23,10824.0,Hogar,146506.0,Tarjeta débito,App móvil,Android,Cartagena,4.0,5,No
TXN-0003738,2022-07-07,19468.0,Moda,181432.0,Tarjeta crédito,Sitio web,iOS,Medellín,4.0,5,No
TXN-0001557,2022-05-21,42279.0,Hogar,273408.0,Tarjeta débito,App móvil,Android,Bucaramanga,5.0,5,No
TXN-0002318,2023-06-27,10427.0,Alimentos,38442.0,Tarjeta débito,Sitio web,iOS,BOGOTÁ,2.0,5,No
TXN-0003946,2024-12-25,41810.0,Belleza,75972.0,Tarjeta crédito,App móvil,iOS,Bogotá,9.0,3,No
TXN-0007781,2022-07-30,27124.0,Tecnología,839758.0,PSE,Sitio web,Android,Bogotá,3.0,5,Sí
TXN-0007502,2024-01-21,38173.0,Electrónica,1138622.0,Billetera digital,Sitio web,Android,Medellín,5.0,5,No
TXN-0000991,2024-02-02,42288.0,Belleza,54342.0,PSE,App móvil,Android,Cartagena,3.0,5,No
TXN-0004176,2023-02-01,13984.0,Mascotas,52137.0,Tarjeta crédito,Sitio web,Android,Manizales,1.0,5,No
TXN-0005915,2024-12-13,26930.0,Hogar,123666.0,Tarjeta débito,App móvil,Android,Bogotá,6.0,5,No
TXN-0000348,2023-01-16,52122.0,Deportes,168769.0,PSE,Sitio web,Desktop,Pereira,7.0,5,No
TXN-0002000,2022-06-14,36119.0,Electrónica,1112134.0,Tarjeta débito,App móvil,Android,Medellín,5.0,5,No
TXN-0000294,2023-05-25,13504.0,ELECTRÓNICA,363525.0,Tarjeta crédito,Sitio web,Android,Pereira,3.0,5,No
TXN-0006805,2023-08-26,29193.0,Moda,49371.0,Billetera digital,Sitio web,Desktop,Manizales,1.0,5,No
TXN-0007844,2022-04-07,45247.0,Alimentos,68400.0,Tarjeta crédito,App móvil,Android,Manizales,5.0,5,No
TXN-0004888,2023-12-26,28659.0,Deportes,80765.0,Contraentrega,App móvil,iOS,Bucaramanga,3.0,5,No
TXN-0007264,2022-08-15,36986.0,Alimentos,38551.0,Tarjeta débito,Sitio web,Android,Bucaramanga,3.0,5,Sí
TXN-0005170,2023-04-19,50703.0,Libros,15256.0,PSE,App móvil,Android,Cali,1.0,5,No
TXN-0006628,2024-06-14,39561.0,Juguetes,52083.0,PSE,App móvil,iOS,Bogotá,2.0,5,No
TXN-0003915,2023-01-31,40960.0,Deportes,145057.0,Tarjeta débito,App móvil,Android,Ibagué,6.0,5,No
TXN-0007834,2023-08-01,49572.0,Electrónica,243565.0,Tarjeta crédito,Sitio web,Android,Bogotá,4.0,5,No
TXN-0004985,2023-03-31,24884.0,Hogar,230174.0,Tarjeta crédito,App móvil,Android,Bogotá,1.0,5,No
TXN-0003150,2024-03-20,21074.0,Tecnología,1368818.0,Contraentrega,App móvil,iOS,Bucaramanga,5.0,5,No
TXN-0001963,2022-05-23,12688.0,Juguetes,113401.0,Tarjeta crédito,App móvil,iOS,Bogotá,7.0,5,No
TXN-0007905,2022-06-08,55463.0,Mascotas,59347.0,Billetera digital,Sitio web,Android,Bogotá,5.0,5,Sí
TXN-0005939,2022-02-18,25544.0,Moda,77202.0,Tarjeta crédito,Sitio web,Android,Bogotá,1.0,5,No
TXN-0004700,2022-06-07,37219.0,Hogar,98732.0,PSE,App móvil,Android,Bogotá,10.0,3,No
TXN-0002449,2022-09-11,21563.0,Belleza,60722.0,Tarjeta crédito,Sitio web,Desktop,Bogotá,5.0,5,No
TXN-0000151,2023-01-03,28265.0,Electrónica,526548.0,Tarjeta débito,Sitio web,Android,Cartagena,5.0,5,No
TXN-0002096,2022-07-11,56129.0,Electrónica,1142351.0,Tarjeta débito,App móvil,iOS,Medellín,5.0,5,No
TXN-0005773,2023-08-20,16740.0,Moda,63913.0,Contraentrega,Sitio web,iOS,Cali,7.0,5,No
TXN-0001132,2024-06-14,36442.0,Moda,148862.0,Tarjeta crédito,Sitio web,Android,BUCARAMANGA,4.0,5,No
TXN-0005562,2022-09-21,50570.0,Deportes,110529.0,Tarjeta crédito,App móvil,Android,Medellín,6.0,5,No
TXN-0000299,2023-05-13,30239.0,Tecnología,596000.0,Billetera digital,App móvil,iOS,Cartagena,4.0,5,No
TXN-0001938,2022-06-09,22733.0,Hogar,110283.0,PSE,App móvil,iOS,Bogotá,1.0,5,No
TXN-0007573,2023-12-09,53968.0,Electrónica,848264.0,Tarjeta crédito,App móvil,Android,Bogotá,6.0,5,No
TXN-0002053,2022-06-25,20146.0,Moda,157797.0,Tarjeta crédito,App móvil,Android,Bogotá,3.0,5,No
TXN-0002239,2022-03-22,39787.0,Moda,170246.0,Billetera digital,App móvil,Android,Barranquilla,2.0,5,No
TXN-0007817,2024-11-27,28554.0,Belleza,97974.0,Tarjeta débito,App móvil,Android,Medellín,6.0,5,No
TXN-0005824,2024-04-20,48481.0,Electrónica,954411.0,PSE,Sitio web,Desktop,Medellín,3.0,5,No
TXN-0000169,2022-10-04,49693.0,Hogar,212530.0,Tarjeta débito,Sitio web,Android,CARTAGENA,4.0,5,No
TXN-0004318,2024-08-07,56787.0,Electrónica,715776.0,Tarjeta débito,Sitio web,Android,Ibagué,8.0,3,No
TXN-0002213,2023-06-26,21992.0,Tecnología,1027712.0,Contraentrega,Sitio web,Desktop,Medellín,4.0,5,No
TXN-0002225,2022-05-02,47566.0,Hogar,188872.0,PSE,Sitio web,,Cartagena,3.0,5,No
TXN-0003659,2022-05-12,20021.0,Mascotas,5000.0,Tarjeta débito,App móvil,Android,Cartagena,3.0,5,No
TXN-0007256,2024-07-02,54659.0,Alimentos,41831.0,Contraentrega,Sitio web,Android,Bogotá,6.0,5,No
TXN-0000245,2022-08-15,17890.0,Tecnología,961413.0,Contraentrega,App móvil,Android,Ibagué,3.0,5,No
TXN-0007765,2024-05-13,50685.0,Deportes,80089.0,Tarjeta crédito,Sitio web,Android,Cali,6.0,5,No
TXN-0006620,2024-06-07,53202.0,Hogar,51149.0,Tarjeta débito,App móvil,Android,Bogotá,4.0,5,No
TXN-0000357,2022-11-04,50957.0,Moda,182526.0,PSE,App móvil,Android,Bogotá,2.0,5,No
TXN-0000694,2024-03-29,29659.0,Deportes,208217.0,Tarjeta crédito,App móvil,Desktop,Pereira,3.0,5,No
TXN-0003544,2022-10-19,23996.0,Juguetes,22030.0,Tarjeta débito,App móvil,Desktop,Barranquilla,5.0,5,Sí
TXN-0003374,2022-11-20,13266.0,Hogar,180964.0,Billetera digital,App móvil,Desktop,Bucaramanga,5.0,5,No
TXN-0000512,2022-07-03,24386.0,Belleza,45154.0,Tarjeta débito,App móvil,Android,Medellín,2.0,5,No
TXN-0003580,2023-07-15,16502.0,Moda,111379.0,Tarjeta crédito,Sitio web,Android,Cartagena,2.0,5,No
TXN-0005713,2023-10-12,59859.0,Moda,50027.0,Tarjeta débito,App móvil,Android,Cali,7.0,5,No
,2024-09-11,47257.0,Libros,34884.0,Billetera digital,Sitio web,iOS,Cali,4.0,5,No
TXN-0000630,2022-09-01,20401.0,Alimentos,34855.0,Tarjeta crédito,App móvil,,Bucaramanga,8.0,4,No
TXN-0007679,2023-04-14,50694.0,Hogar,214783.0,Tarjeta débito,App móvil,Android,Medellín,6.0,5,No
TXN-0000651,2024-05-24,36934.0,Mascotas,19890.0,PSE,Sitio web,Android,Bogotá,6.0,5,No
TXN-0006872,2024-10-25,57551.0,Moda,136263.0,PSE,App móvil,Android,Medellín,6.0,5,No
TXN-0006799,2024-01-17,35755.0,Hogar,203188.0,Billetera digital,App móvil,Desktop,Bucaramanga,5.0,5,No
TXN-0006803,2024-06-30,52087.0,Electrónica,1036959.0,PSE,App móvil,Desktop,Bogotá,3.0,5,No
TXN-0007411,2024-12-26,10880.0,Mascotas,100161.0,Tarjeta crédito,Sitio web,Desktop,Bogotá,2.0,5,No
TXN-0002052,,45454.0,Moda,100277.0,Tarjeta crédito,App móvil,Android,Cúcuta,5.0,5,No
TXN-0001422,2022-06-25,22953.0,Libros,49314.0,Tarjeta crédito,App móvil,iOS,Bogotá,4.0,5,No
TXN-0007365,2022-01-11,43332.0,Moda,135822.0,Tarjeta crédito,App móvil,Android,MANIZALES,2.0,5,No
TXN-0004127,2023-09-21,48284.0,Mascotas,58186.0,Tarjeta crédito,Sitio web,Android,Bogotá,2.0,5,No
TXN-0002777,2022-09-15,55492.0,Belleza,86332.0,Tarjeta débito,Sitio web,Desktop,Medellín,1.0,5,No
TXN-0004521,2023-07-23,,Moda,198589.0,Billetera digital,App móvil,Android,Medellín,3.0,5,Sí
TXN-0003926,2023-04-08,39027.0,Juguetes,14192.0,Tarjeta crédito,App móvil,Android,Pereira,7.0,5,No
TXN-0001238,2024-11-22,20419.0,Electrónica,695181.0,Tarjeta débito,Sitio web,Android,Cúcuta,1.0,5,No
TXN-0006624,2022-01-30,53866.0,Moda,93035.0,Billetera digital,Sitio web,Desktop,Cúcuta,1.0,5,No
TXN-0007718,2023-08-28,53623.0,Belleza,59116.0,Billetera digital,App móvil,Desktop,Pereira,8.0,5,No
TXN-0004155,2023-08-02,10007.0,BELLEZA,20082.0,PSE,Sitio web,Desktop,Cali,8.0,4,No
TXN-0001291,2022-08-31,14412.0,Tecnología,689904.0,PSE,App móvil,iOS,Bogotá,6.0,5,No
TXN-0006710,2022-09-01,11194.0,Alimentos,19686.0,Tarjeta crédito,App móvil,iOS,Bogotá,3.0,5,No
TXN-0005355,2023-12-11,29586.0,Deportes,242167.0,Tarjeta crédito,App móvil,Desktop,Bogotá,2.0,5,No
TXN-0002240,2023-11-27,14463.0,Moda,146811.0,Tarjeta débito,App móvil,Android,Ibagué,4.0,5,No
TXN-0004581,2024-12-13,20940.0,Moda,123307.0,Tarjeta crédito,Sitio web,Android,Medellín,6.0,5,No
TXN-0001085,2022-07-26,12150.0,Moda,202954.0,PSE,Sitio web,iOS,Bogotá,4.0,5,No
TXN-0005379,,56591.0,Juguetes,65645.0,Tarjeta crédito,App móvil,Android,Medellín,4.0,5,No
TXN-0005991,2023-08-14,58455.0,Moda,118123.0,Contraentrega,Sitio web,Desktop,Medellín,3.0,5,No
TXN-0007887,2023-10-25,21435.0,Deportes,144047.0,Contraentrega,Sitio web,Android,Bogotá,5.0,5,No
TXN-0001475,2023-06-22,43597.0,Deportes,117956.0,Billetera digital,Sitio web,Android,Cali,5.0,5,No
TXN-0005214,2024-05-09,53053.0,Hogar,178973.0,Tarjeta débito,App móvil,Android,Bogotá,4.0,5,No
TXN-0004100,2024-06-20,49809.0,Libros,68543.0,Tarjeta crédito,App móvil,Android,Medellín,1.0,5,No
TXN-0004696,2022-09-12,35492.0,Electrónica,675735.0,Tarjeta débito,App móvil,Android,Pereira,5.0,5,No
TXN-0001011,2022-12-30,23814.0,Juguetes,150119.0,Tarjeta crédito,App móvil,Android,Pereira,5.0,5,No
TXN-0002271,2024-08-08,20976.0,MODA,90816.0,Billetera digital,App móvil,Desktop,Bogotá,3.0,5,No
TXN-0003539,2022-11-16,,Mascotas,69466.0,Tarjeta crédito,Sitio web,Android,Bogotá,3.0,5,No
TXN-0006256,2023-05-31,35499.0,Electrónica,604418.0,Tarjeta débito,App móvil,iOS,Cali,5.0,5,Sí
TXN-0000887,2024-08-24,51226.0,Electrónica,702696.0,Tarjeta crédito,App móvil,Android,Bogotá,6.0,5,No
TXN-0001440,2023-09-13,22658.0,Hogar,127633.0,Tarjeta crédito,Sitio web,Desktop,Bogotá,1.0,5,No
TXN-0004593,2023-08-09,14314.0,Deportes,116737.0,Tarjeta débito,App móvil,Android,Bogotá,5.0,5,No
TXN-0004307,2022-10-23,21783.0,Moda,83891.0,Billetera digital,App móvil,Desktop,Cúcuta,4.0,5,No
TXN-0006527,2023-03-03,59742.0,Alimentos,91383.0,Tarjeta débito,App móvil,Desktop,Bogotá,3.0,5,No
TXN-0001670,2022-04-16,41887.0,Deportes,37816.0,Tarjeta crédito,App móvil,Desktop,BOGOTÁ,3.0,5,No
TXN-0007779,2023-11-06,35118.0,Tecnología,520185.0,PSE,Sitio web,Desktop,Bogotá,4.0,5,No
TXN-0001616,2024-03-25,52840.0,Moda,202025.0,Contraentrega,App móvil,Desktop,CARTAGENA,7.0,5,No
TXN-0007361,2023-10-13,48613.0,Electrónica,985960.0,Contraentrega,App móvil,Android,Cúcuta,6.0,5,No
TXN-0000547,2023-03-02,11176.0,Moda,168962.0,Contraentrega,App móvil,Desktop,MANIZALES,8.0,5,No
TXN-0003146,2024-02-25,42971.0,Moda,148504.0,PSE,Sitio web,Android,Bogotá,6.0,5,No
TXN-0003296,2024-02-15,14091.0,Deportes,194055.0,Contraentrega,Sitio web,Android,Bogotá,9.0,3,No
TXN-0004223,2022-10-13,14114.0,Electrónica,396158.0,Tarjeta crédito,App móvil,Android,Cali,2.0,5,No
TXN-0007370,2023-10-21,35498.0,Electrónica,721895.0,Tarjeta crédito,App móvil,Desktop,BOGOTÁ,5.0,5,No
TXN-0006339,2023-02-17,58202.0,DEPORTES,182129.0,Billetera digital,App móvil,Desktop,Manizales,3.0,5,No
TXN-0001512,2022-06-19,33929.0,Libros,79606.0,PSE,App móvil,Android,Pereira,6.0,5,No
TXN-0005682,2022-03-22,48107.0,Belleza,84797.0,Tarjeta débito,Sitio web,Desktop,Cartagena,5.0,5,No
TXN-0006726,2022-06-29,36157.0,Belleza,88065.0,Tarjeta crédito,Sitio web,Android,Bogotá,5.0,5,No
TXN-0006195,2023-07-26,43742.0,Moda,167368.0,Tarjeta crédito,App móvil,iOS,Bogotá,5.0,5,No
TXN-0002809,2022-03-30,41604.0,Moda,111375.0,PSE,Sitio web,Android,PEREIRA,3.0,5,No
TXN-0000467,2023-09-16,12619.0,Moda,135221.0,Tarjeta crédito,App móvil,Desktop,Bogotá,6.0,5,Sí
TXN-0002889,2022-12-04,40982.0,Libros,30019.0,Tarjeta crédito,Sitio web,Android,Cúcuta,2.0,5,No
TXN-0002004,2023-02-15,29145.0,Deportes,140122.0,Tarjeta crédito,Sitio web,iOS,Manizales,5.0,5,No
TXN-0002504,2022-06-25,59588.0,Electrónica,884374.0,Tarjeta débito,App móvil,Desktop,Pereira,5.0,5,No
TXN-0000990,2023-07-26,20561.0,Alimentos,69285.0,Billetera digital,App móvil,Android,Bucaramanga,1.0,5,No
TXN-0004565,2022-11-20,49649.0,Moda,124988.0,Tarjeta débito,Sitio web,iOS,Cali,3.0,5,No
TXN-0003588,2024-10-12,40830.0,Electrónica,265414.0,Contraentrega,Sitio web,Android,BUCARAMANGA,5.0,5,No
TXN-0001210,,13833.0,Moda,211543.0,Tarjeta crédito,Sitio web,iOS,Cali,4.0,5,No
TXN-0001940,2024-07-31,30028.0,Moda,16151.0,Tarjeta débito,Sitio web,Desktop,Bucaramanga,7.0,5,No
TXN-0005260,2023-06-15,23873.0,Libros,70552.0,Tarjeta crédito,Sitio web,Android,Medellín,5.0,5,No
TXN-0005805,2023-02-12,54383.0,Belleza,54855.0,Contraentrega,Sitio web,iOS,Medellín,3.0,5,No
TXN-0000711,2022-06-20,16838.0,Electrónica,663318.0,Tarjeta débito,App móvil,Android,Cartagena,2.0,5,No
TXN-0000271,2024-09-05,20461.0,Hogar,197055.0,Tarjeta débito,Sitio web,Android,Medellín,4.0,5,No
TXN-0002191,2022-10-09,38113.0,Belleza,72373.0,Tarjeta débito,App móvil,Desktop,Bogotá,1.0,5,No
TXN-0003251,2022-03-31,15736.0,Tecnología,604595.0,Tarjeta débito,App móvil,Android,Bogotá,5.0,5,No
TXN-0003137,2023-07-29,24780.0,Moda,102082.0,Tarjeta crédito,Sitio web,iOS,Bogotá,4.0,5,Sí
TXN-0002545,2023-09-28,13791.0,Hogar,87278.0,Contraentrega,App móvil,Android,Cali,1.0,5,No
TXN-0000198,2024-01-22,34398.0,Tecnología,1146467.0,Billetera digital,App móvil,iOS,Cartagena,1.0,5,No
TXN-0006041,2024-06-18,35159.0,ALIMENTOS,46466.0,Tarjeta crédito,App móvil,Android,Bogotá,4.0,5,No
TXN-0004677,2024-10-14,18440.0,Belleza,50000.0,Tarjeta débito,App móvil,Android,Pereira,5.0,5,No
TXN-0006532,2024-09-15,,Moda,180066.0,Billetera digital,App móvil,Desktop,Medellín,7.0,5,No
TXN-0000594,2022-06-27,19402.0,Electrónica,974643.0,PSE,App móvil,iOS,Pereira,6.0,5,No
TXN-0002817,2022-05-25,10402.0,Deportes,227594.0,Tarjeta débito,App móvil,Android,Cali,5.0,5,No
TXN-0003907,2023-02-03,55488.0,Moda,169591.0,Contraentrega,App móvil,,Bogotá,5.0,5,No
TXN-0003379,2023-11-04,42192.0,Electrónica,558804.0,Tarjeta débito,App móvil,Desktop,Pereira,1.0,5,No
TXN-0001342,2022-03-12,47036.0,Tecnología,1064313.0,Tarjeta débito,App móvil,Android,Pereira,5.0,5,No
TXN-0003127,2022-04-23,38274.0,Deportes,152084.0,Tarjeta crédito,Sitio web,Android,Ibagué,5.0,5,No
TXN-0006007,2022-04-30,27768.0,Libros,71889.0,Contraentrega,App móvil,iOS,Cartagena,7.0,5,No
TXN-0005651,2024-08-03,29450.0,Libros,63050.0,Tarjeta crédito,App móvil,Android,Bucaramanga,5.0,5,No
TXN-0005047,2023-06-19,46236.0,Deportes,136230.0,Tarjeta crédito,Sitio web,Android,Manizales,6.0,5,No
TXN-0003461,2023-12-25,57911.0,Hogar,226741.0,Tarjeta débito,App móvil,iOS,Cartagena,4.0,5,No
TXN-0002934,2024-08-08,16184.0,Mascotas,24813.0,Tarjeta crédito,App móvil,Desktop,Bogotá,5.0,5,No
TXN-0003039,2022-02-05,54835.0,Moda,194450.0,Tarjeta crédito,App móvil,iOS,Medellín,4.0,5,No
TXN-0004211,2023-10-09,39010.0,Hogar,279707.0,Billetera digital,App móvil,Android,Cali,5.0,5,No
TXN-0004998,2022-10-21,27748.0,MASCOTAS,80711.0,Billetera digital,App móvil,Android,Cartagena,4.0,5,No
TXN-0007390,2024-05-07,58134.0,Moda,156782.0,Tarjeta débito,App móvil,Desktop,Cartagena,4.0,5,No
TXN-0007558,2022-03-24,23766.0,Hogar,112781.0,Billetera digital,Sitio web,Android,Manizales,7.0,5,No
TXN-0004363,2024-11-17,20961.0,Alimentos,33091.0,Tarjeta crédito,App móvil,Android,Cali,4.0,5,No
TXN-0007026,2022-09-09,30379.0,Hogar,115881.0,Tarjeta crédito,App móvil,iOS,Bogotá,4.0,5,No
TXN-0000614,2023-12-15,58807.0,Belleza,34854.0,Tarjeta débito,App móvil,Desktop,Ibagué,3.0,5,No
,2024-08-26,25360.0,Belleza,101814.0,Tarjeta crédito,App móvil,Android,Pereira,5.0,5,No
TXN-0004846,2024-11-10,23216.0,Electrónica,919903.0,Tarjeta débito,App móvil,Android,Cali,9.0,5,No
TXN-0001691,2022-02-06,45738.0,Tecnología,788465.0,Tarjeta crédito,App móvil,Android,Pereira,6.0,5,No
TXN-0007248,2024-03-05,51840.0,Hogar,49857.0,Contraentrega,App móvil,Android,Bogotá,4.0,5,No
TXN-0001848,2022-07-19,35301.0,Libros,64330.0,Contraentrega,App móvil,Android,Pereira,5.0,5,No
TXN-0004173,2022-08-05,,Juguetes,75482.0,Billetera digital,App móvil,Android,Medellín,1.0,5,No
TXN-0000180,2024-11-01,31403.0,Hogar,198547.0,Billetera digital,Sitio web,Desktop,Bucaramanga,3.0,5,No
,2022-01-03,57568.0,Moda,124225.0,Contraentrega,App móvil,Android,Barranquilla,9.0,4,No
TXN-0002566,2022-02-02,44000.0,MODA,106452.0,Tarjeta crédito,App móvil,Android,Medellín,3.0,5,No
TXN-0001002,2024-07-13,20510.0,Hogar,230970.0,Tarjeta débito,App móvil,Android,Bogotá,2.0,5,No
TXN-0000028,2022-07-18,15500.0,Belleza,70302.0,Tarjeta débito,App móvil,iOS,Barranquilla,5.0,5,No
,2024-09-12,10167.0,Libros,82340.0,Tarjeta crédito,App móvil,iOS,Cali,2.0,5,No
TXN-0005265,2024-06-27,47282.0,Belleza,106254.0,Tarjeta crédito,Sitio web,Desktop,Cúcuta,6.0,5,No
TXN-0001842,,17716.0,Hogar,217537.0,Tarjeta crédito,App móvil,Android,Cúcuta,4.0,5,No
TXN-0002703,2023-05-24,41836.0,Hogar,114089.0,Tarjeta débito,App móvil,Android,Cali,1.0,5,No
TXN-0006510,2022-04-20,33110.0,Electrónica,442482.0,Tarjeta débito,Sitio web,Android,Bogotá,6.0,5,No
TXN-0006058,2024-11-03,32961.0,Electrónica,563725.0,PSE,App móvil,Android,Bogotá,6.0,5,No
TXN-0006822,2023-12-20,33235.0,Alimentos,39647.0,Tarjeta crédito,App móvil,Android,Cali,6.0,5,No
TXN-0002094,2023-02-08,53367.0,Mascotas,106268.0,PSE,Sitio web,iOS,Bogotá,2.0,5,No
TXN-0006299,2023-05-19,19206.0,Moda,169189.0,Tarjeta débito,App móvil,Android,Bucaramanga,9.0,4,No
TXN-0004641,2022-12-11,10710.0,Belleza,74164.0,Tarjeta crédito,Sitio web,Android,Medellín,6.0,5,No
TXN-0003792,2023-04-14,43353.0,Electrónica,625732.0,Contraentrega,Sitio web,Android,Pereira,1.0,5,No
TXN-0002526,2023-10-22,18884.0,Hogar,252420.0,PSE,App móvil,Desktop,Bogotá,1.0,5,No
TXN-0000098,2023-01-12,47407.0,Electrónica,1216840.0,Tarjeta débito,Sitio web,Android,Barranquilla,2.0,5,No
TXN-0003945,2024-10-05,25100.0,Moda,180030.0,Tarjeta crédito,Sitio web,Android,Cartagena,6.0,5,No
TXN-0001496,,17308.0,Electrónica,466526.0,Billetera digital,App móvil,Desktop,Cartagena,4.0,5,No
TXN-0001053,2022-02-13,46026.0,Moda,135947.0,Contraentrega,App móvil,Android,Ibagué,5.0,5,No
,2022-08-12,25140.0,Mascotas,67876.0,Contraentrega,Sitio web,,Bogotá,6.0,5,No
TXN-0006054,2022-04-28,31200.0,MASCOTAS,43271.0,Tarjeta débito,App móvil,Android,Bucaramanga,2.0,5,No
TXN-0007846,2022-12-08,23789.0,Electrónica,524529.0,Tarjeta crédito,Sitio web,iOS,Bogotá,6.0,5,No
TXN-0004402,2022-09-21,26101.0,Alimentos,50597.0,Tarjeta débito,Sitio web,Android,Cali,5.0,5,No
TXN-0001707,2023-06-03,49083.0,Hogar,130606.0,Tarjeta crédito,App móvil,iOS,Bogotá,4.0,5,No
TXN-0006895,2023-06-09,51016.0,Hogar,196630.0,Tarjeta crédito,Sitio web,Android,Bogotá,5.0,5,No
TXN-0004319,2023-10-13,40496.0,Deportes,170906.0,Billetera digital,App móvil,Android,Ibagué,5.0,5,No
TXN-0003057,2022-11-25,41036.0,Belleza,136790.0,PSE,Sitio web,Android,Barranquilla,1.0,5,Sí
TXN-0006578,2024-05-09,48627.0,Juguetes,70993.0,Contraentrega,App móvil,Android,Medellín,1.0,5,No
TXN-0002637,2023-08-07,18137.0,Tecnología,405399.0,Tarjeta crédito,App móvil,,Bogotá,5.0,5,No
,2024-03-24,33134.0,Tecnología,786877.0,PSE,App móvil,Desktop,Medellín,3.0,5,No
TXN-0007109,2023-04-27,24330.0,Mascotas,76039.0,Tarjeta crédito,App móvil,Desktop,Bogotá,2.0,5,No
TXN-0000333,2022-10-23,54690.0,ELECTRÓNICA,690068.0,Contraentrega,Sitio web,Desktop,Bucaramanga,3.0,5,No
TXN-0003407,2023-06-08,24453.0,Hogar,164423.0,Tarjeta crédito,Sitio web,Android,Bogotá,8.0,4,No
TXN-0002034,2023-09-01,14601.0,Electrónica,504450.0,PSE,Sitio web,Android,Barranquilla,6.0,5,No
TXN-0005608,2024-10-06,13720.0,Mascotas,102530.0,Tarjeta crédito,App móvil,Android,Barranquilla,5.0,5,No
TXN-0002088,2023-09-13,27884.0,Hogar,234095.0,Tarjeta débito,Sitio web,Desktop,Cali,4.0,5,No
TXN-0003306,2022-08-19,13295.0,Electrónica,430847.0,Tarjeta débito,Sitio web,Android,Bogotá,7.0,5,No
TXN-0007072,2022-03-04,50960.0,Hogar,256765.0,Tarjeta crédito,App móvil,Android,Pereira,6.0,5,No
TXN-0005792,2024-11-17,34890.0,Alimentos,7969.0,Tarjeta crédito,App móvil,iOS,Medellín,3.0,5,No
TXN-0001110,2024-05-23,11408.0,Moda,162533.0,Tarjeta crédito,App móvil,,Bogotá,3.0,5,No
TXN-0001376,2023-11-28,35706.0,Electrónica,373420.0,PSE,Sitio web,Android,Bogotá,4.0,5,Sí
TXN-0007168,2023-04-21,31529.0,Moda,127180.0,Contraentrega,App móvil,iOS,Cali,3.0,5,No
TXN-0002260,2022-01-09,58314.0,Deportes,146929.0,Billetera digital,Sitio web,Android,Cúcuta,5.0,5,No
TXN-0003597,2024-07-15,12288.0,Deportes,24259.0,Contraentrega,App móvil,iOS,Medellín,2.0,5,No
TXN-0001201,2024-07-22,24561.0,Libros,54876.0,Tarjeta crédito,Sitio web,Android,Pereira,4.0,5,No
TXN-0005141,2023-09-19,40535.0,Belleza,99105.0,Billetera digital,Sitio web,Android,Barranquilla,4.0,5,No
TXN-0006858,2024-05-06,23730.0,Tecnología,534155.0,Tarjeta débito,Sitio web,Android,Bogotá,4.0,5,Sí
TXN-0003530,2023-08-19,30467.0,Belleza,80757.0,PSE,Sitio web,Android,Barranquilla,6.0,5,No
TXN-0001474,2022-05-03,12825.0,Belleza,111458.0,Tarjeta débito,App móvil,iOS,Bogotá,4.0,5,No
TXN-0002501,2024-04-08,35510.0,Electrónica,828043.0,Tarjeta crédito,Sitio web,Android,Medellín,4.0,5,No
TXN-0005084,2022-07-14,39460.0,Juguetes,134660.0,PSE,App móvil,iOS,Medellín,6.0,5,No
TXN-0007367,2022-10-30,50552.0,Tecnología,133089.0,PSE,Sitio web,Android,Medellín,3.0,5,No
TXN-0007352,2022-06-07,18516.0,Mascotas,74093.0,PSE,Sitio web,Android,Barranquilla,6.0,5,No
TXN-0004362,2024-05-02,51588.0,Moda,123404.0,Billetera digital,Sitio web,Android,BOGOTÁ,3.0,5,No
TXN-0002677,2024-06-30,21828.0,Moda,18436.0,Tarjeta débito,Sitio web,Android,Barranquilla,5.0,5,No
TXN-0003688,2023-01-19,28960.0,Electrónica,1378107.0,Tarjeta crédito,Sitio web,Android,Cartagena,2.0,5,No
TXN-0003230,2024-09-13,21110.0,Juguetes,133406.0,Tarjeta débito,App móvil,iOS,Cali,1.0,5,No
TXN-0002107,2024-10-11,,Electrónica,566594.0,Tarjeta crédito,App móvil,,Bogotá,3.0,5,No
TXN-0006416,2023-09-27,50699.0,Moda,80132.0,Tarjeta crédito,App móvil,Android,Cartagena,5.0,5,No
TXN-0005536,2024-05-10,42653.0,MODA,132945.0,Tarjeta crédito,App móvil,Desktop,Bogotá,2.0,5,No
TXN-0001196,2022-05-25,46919.0,Moda,190529.0,Contraentrega,Sitio web,Android,Cartagena,2.0,5,No
TXN-0007123,2023-09-15,17666.0,Belleza,78537.0,Billetera digital,App móvil,Android,Bogotá,4.0,5,Sí
TXN-0006359,2024-06-18,42620.0,MASCOTAS,57539.0,Tarjeta débito,App móvil,Android,Bucaramanga,4.0,5,No
TXN-0007671,2022-09-18,58576.0,Hogar,176700.0,Tarjeta crédito,Sitio web,Android,Barranquilla,3.0,5,No
TXN-0004511,2023-08-09,38554.0,Hogar,278462.0,PSE,App móvil,iOS,Medellín,5.0,5,No
TXN-0004316,2022-08-01,35382.0,Juguetes,12863.0,Tarjeta débito,App móvil,Android,Ibagué,5.0,5,No
TXN-0001749,2022-04-10,21677.0,Juguetes,83136.0,Tarjeta débito,Sitio web,Android,Bogotá,4.0,5,No
TXN-0006812,2024-04-10,45681.0,Electrónica,1011935.0,Tarjeta débito,App móvil,,Bogotá,3.0,5,No
TXN-0007340,2024-03-01,59324.0,Moda,74179.0,Tarjeta crédito,Sitio web,Android,MEDELLÍN,4.0,5,No
TXN-0007967,2022-05-25,52378.0,Juguetes,68411.0,PSE,Sitio web,Desktop,Pereira,6.0,5,No
TXN-0001702,2022-11-08,27982.0,Belleza,113310.0,Tarjeta débito,App móvil,iOS,Pereira,5.0,5,No
TXN-0001979,2024-04-11,11295.0,Deportes,143647.0,Tarjeta débito,Sitio web,iOS,Pereira,3.0,5,No
TXN-0002940,2022-06-28,34798.0,Hogar,167772.0,PSE,App móvil,Android,Bogotá,5.0,5,No
TXN-0000065,2023-11-07,31827.0,Belleza,92563.0,PSE,Sitio web,Desktop,Cali,1.0,5,No
TXN-0004227,2024-11-26,46369.0,Mascotas,45916.0,Contraentrega,App móvil,Desktop,Barranquilla,4.0,5,No
TXN-0005912,2022-10-27,17479.0,Tecnología,1479550.0,Tarjeta crédito,App móvil,Android,Bogotá,4.0,5,No
TXN-0006474,2024-03-25,55329.0,Hogar,209698.0,Tarjeta crédito,App móvil,Desktop,Bucaramanga,12.0,4,No
TXN-0006978,2023-08-29,24123.0,Tecnología,1114211.0,Tarjeta débito,App móvil,iOS,Bucaramanga,1.0,5,No
TXN-0006251,2023-09-02,12424.0,Juguetes,64070.0,Tarjeta crédito,App móvil,Android,Cúcuta,4.0,5,No
TXN-0003632,2024-03-04,40284.0,Hogar,168956.0,PSE,App móvil,Android,Medellín,4.0,5,No
TXN-0006486,2023-03-30,33979.0,Moda,71980.0,PSE,App móvil,Android,Cali,8.0,5,No
TXN-0007010,2023-03-19,18301.0,Juguetes,90384.0,Billetera digital,App móvil,Android,Pereira,4.0,5,No
TXN-0007324,2023-11-07,56779.0,Electrónica,5000.0,Tarjeta débito,App móvil,Android,Bogotá,2.0,5,No
TXN-0000209,2023-01-01,40343.0,Deportes,119531.0,Tarjeta débito,Sitio web,iOS,Bogotá,5.0,5,No
TXN-0004360,2022-06-07,45200.0,DEPORTES,151614.0,Tarjeta crédito,App móvil,iOS,Bogotá,4.0,5,No
TXN-0007334,2023-06-10,12498.0,Hogar,154701.0,Tarjeta débito,Sitio web,iOS,Bucaramanga,5.0,5,No
TXN-0002839,2022-10-06,11838.0,Moda,130457.0,PSE,App móvil,Desktop,Manizales,3.0,5,No
TXN-0001171,2022-08-14,41039.0,Hogar,142784.0,Tarjeta crédito,App móvil,Android,Cúcuta,2.0,5,No
TXN-0002288,2023-09-12,18560.0,Deportes,32855.0,PSE,App móvil,Android,Medellín,5.0,5,No
TXN-0000790,2022-05-31,16274.0,Tecnología,1637008.0,Tarjeta débito,App móvil,iOS,Pereira,4.0,5,No
,2024-12-17,13486.0,Alimentos,65096.0,Tarjeta crédito,App móvil,Android,Bogotá,6.0,5,No
TXN-0002537,2022-07-21,17730.0,Alimentos,52743.0,Contraentrega,Sitio web,Desktop,Bucaramanga,2.0,5,No
TXN-0007218,2023-03-31,37450.0,Electrónica,612753.0,Tarjeta crédito,Sitio web,iOS,Manizales,5.0,5,No
TXN-0001484,2022-05-30,12113.0,Belleza,91200.0,PSE,App móvil,Android,Cali,5.0,5,No
TXN-0003876,2023-06-15,52800.0,Electrónica,332463.0,Tarjeta crédito,App móvil,Android,Cartagena,5.0,5,No
,2023-09-17,37676.0,Belleza,34314.0,Tarjeta crédito,Sitio web,Desktop,Bogotá,4.0,5,No
TXN-0001854,2023-02-26,48958.0,Moda,161846.0,Contraentrega,Sitio web,Android,Medellín,3.0,5,No
TXN-0001302,2022-10-22,40128.0,Hogar,369916.0,Tarjeta crédito,App móvil,Desktop,Bucaramanga,1.0,5,No
TXN-0002343,2023-09-28,23540.0,Moda,160184.0,Contraentrega,App móvil,iOS,Bogotá,3.0,5,No
TXN-0003458,2022-10-15,38709.0,Alimentos,71868.0,PSE,App móvil,Android,Pereira,4.0,5,No
TXN-0004723,2023-12-08,25745.0,Deportes,154097.0,Billetera digital,App móvil,Android,Bogotá,4.0,5,No
TXN-0000690,2022-03-31,53412.0,Hogar,109157.0,Tarjeta débito,App móvil,Android,Medellín,3.0,5,Sí
TXN-0007190,2022-04-03,,Alimentos,39419.0,PSE,Sitio web,Android,Ibagué,5.0,5,No
TXN-0004147,2023-08-11,,Belleza,98955.0,Tarjeta débito,App móvil,,Cali,4.0,5,No
TXN-0007959,2024-06-05,46914.0,Hogar,206811.0,Tarjeta crédito,Sitio web,Android,Bogotá,6.0,5,No
TXN-0001151,2024-04-15,18702.0,Moda,148434.0,PSE,App móvil,iOS,Cali,5.0,5,No
TXN-0004470,2022-11-23,43672.0,Libros,88318.0,Tarjeta débito,App móvil,Android,Bogotá,3.0,5,No
TXN-0007266,2023-07-28,37365.0,Hogar,89803.0,Billetera digital,App móvil,iOS,Pereira,7.0,5,No
TXN-0002563,2023-12-06,15733.0,Electrónica,281690.0,Tarjeta débito,App móvil,iOS,Bogotá,5.0,5,No
TXN-0002078,2024-03-22,14506.0,Moda,121123.0,Tarjeta crédito,App móvil,iOS,Medellín,3.0,5,No
TXN-0004754,2024-12-28,14313.0,Hogar,142124.0,Contraentrega,App móvil,Android,Barranquilla,3.0,5,No
TXN-0005022,2023-06-23,34763.0,Moda,81775.0,Contraentrega,App móvil,Android,Bogotá,3.0,5,No
,2022-06-05,34085.0,Electrónica,611679.0,Tarjeta débito,Sitio web,Android,Bogotá,7.0,5,No
TXN-0004907,2023-04-27,28201.0,Belleza,77337.0,Tarjeta crédito,Sitio web,Android,Manizales,2.0,5,No
TXN-0001986,2023-11-24,56850.0,Tecnología,1100032.0,PSE,Sitio web,Android,Bogotá,1.0,5,No
TXN-0007496,2023-04-15,53802.0,Electrónica,760544.0,PSE,App móvil,Android,Medellín,1.0,5,No
TXN-0000835,2024-07-17,,Hogar,222188.0,PSE,App móvil,Android,Barranquilla,8.0,4,No
TXN-0004897,2024-07-02,55007.0,Juguetes,130115.0,Tarjeta débito,Sitio web,iOS,Cali,5.0,5,No
TXN-0005993,2023-01-25,40004.0,Belleza,35605.0,Contraentrega,App móvil,Android,Bogotá,4.0,5,No
TXN-0004285,,39065.0,Hogar,283734.0,Tarjeta débito,App móvil,Android,Bucaramanga,3.0,5,No
TXN-0006878,2022-09-08,,Deportes,5000.0,Tarjeta crédito,App móvil,Android,Cali,5.0,5,No
TXN-0006275,2024-10-17,25056.0,Tecnología,890822.0,Tarjeta crédito,Sitio web,iOS,Medellín,3.0,5,No
TXN-0002280,2024-10-17,52749.0,HOGAR,170639.0,Tarjeta crédito,Sitio web,Desktop,Medellín,1.0,5,No
TXN-0003981,2023-08-11,33787.0,Hogar,142365.0,PSE,App móvil,Desktop,Cali,1.0,5,No
TXN-0006479,2023-06-02,26301.0,Juguetes,95664.0,Billetera digital,App móvil,Android,Bogotá,2.0,5,No
,2024-10-03,30036.0,Tecnología,841494.0,PSE,App móvil,Android,Medellín,1.0,5,No
TXN-0006401,2024-03-07,54764.0,Moda,98851.0,Tarjeta crédito,Sitio web,Android,Cartagena,2.0,5,No
TXN-0005756,2023-12-31,28496.0,Libros,55477.0,Tarjeta crédito,Sitio web,iOS,Medellín,3.0,5,No
TXN-0003258,2022-10-02,38749.0,Libros,42233.0,Contraentrega,App móvil,Android,Pereira,3.0,5,No
TXN-0002641,2023-01-19,45557.0,Deportes,177068.0,PSE,Sitio web,Desktop,Cartagena,4.0,5,No
TXN-0002646,2024-03-29,31580.0,Moda,113699.0,PSE,App móvil,iOS,Bogotá,3.0,5,No
TXN-0007724,2022-03-14,28078.0,Moda,175959.0,Tarjeta crédito,App móvil,Desktop,Cali,4.0,5,No
TXN-0000494,2023-02-05,41644.0,Belleza,44374.0,Tarjeta crédito,App móvil,Android,Bucaramanga,6.0,5,No
TXN-0004026,2024-05-25,59207.0,Belleza,123829.0,PSE,App móvil,Desktop,Cali,5.0,5,No
TXN-0005749,2023-04-29,44619.0,Libros,70275.0,Tarjeta crédito,App móvil,iOS,Barranquilla,6.0,5,No
TXN-0005721,2024-05-12,36009.0,Moda,114084.0,Tarjeta crédito,App móvil,Android,Barranquilla,4.0,5,No
TXN-0000730,2024-09-05,40258.0,Hogar,177909.0,Tarjeta crédito,App móvil,Android,Pereira,6.0,5,Sí
TXN-0001591,2024-03-03,16663.0,Deportes,185662.0,Tarjeta débito,App móvil,Android,Bucaramanga,3.0,5,No
TXN-0001738,2023-01-12,26574.0,Libros,57421.0,Contraentrega,Sitio web,Android,Manizales,3.0,5,No
TXN-0004005,2023-01-09,28265.0,Electrónica,1346866.0,PSE,Sitio web,Android,Barranquilla,5.0,5,Sí
TXN-0002253,2023-04-18,18138.0,Juguetes,124150.0,PSE,App móvil,Android,Cartagena,5.0,5,No
TXN-0007378,2023-03-25,12686.0,Libros,54458.0,PSE,App móvil,iOS,Barranquilla,9.0,5,No
TXN-0000759,2024-02-09,20079.0,Belleza,56653.0,Billetera digital,App móvil,iOS,Cali,6.0,5,No
TXN-0000622,2022-12-29,46105.0,Moda,190903.0,Tarjeta crédito,App móvil,Android,Bucaramanga,5.0,5,No
TXN-0003047,2022-01-05,48801.0,Belleza,59014.0,Tarjeta crédito,App móvil,Android,Manizales,5.0,5,No
TXN-0000109,2024-06-22,13185.0,Moda,61683.0,Tarjeta crédito,App móvil,Android,Medellín,6.0,5,No
TXN-0001688,,23212.0,Hogar,168018.0,Tarjeta crédito,Sitio web,iOS,Cali,2.0,5,No
TXN-0004785,2022-04-24,59554.0,Hogar,110370.0,Tarjeta débito,App móvil,Android,Medellín,4.0,5,No
,2023-08-31,13986.0,Moda,72734.0,PSE,Sitio web,Desktop,Bogotá,2.0,5,No
TXN-0000495,2022-11-16,27393.0,Alimentos,49096.0,Contraentrega,App móvil,Android,Ibagué,2.0,5,No
TXN-0005044,2023-04-02,18712.0,Tecnología,886491.0,Tarjeta crédito,App móvil,Desktop,Cali,6.0,5,No
TXN-0006861,2022-06-22,23948.0,Belleza,42459.0,Tarjeta crédito,Sitio web,Android,Medellín,1.0,5,No
TXN-0007087,2022-06-20,,Moda,67509.0,PSE,Sitio web,Android,Bogotá,3.0,5,No
TXN-0006875,2022-11-01,37985.0,Hogar,115391.0,PSE,App móvil,Android,Bucaramanga,5.0,5,No
TXN-0000884,2024-07-18,33205.0,Mascotas,105865.0,PSE,App móvil,Android,Bogotá,5.0,5,No
TXN-0004918,2023-04-14,25004.0,Mascotas,24152.0,PSE,App móvil,iOS,Cali,5.0,5,No
TXN-0006166,2023-05-09,30856.0,Electrónica,945334.0,Contraentrega,Sitio web,Android,Medellín,2.0,5,No
TXN-0007748,2022-05-06,,Libros,29083.0,Tarjeta crédito,App móvil,Android,Cali,5.0,5,No
TXN-0000710,2022-05-03,56011.0,Moda,97145.0,PSE,Sitio web,iOS,Cúcuta,5.0,5,No
TXN-0001540,2023-08-19,44768.0,Belleza,83582.0,PSE,App móvil,Android,Bogotá,4.0,5,No
TXN-0000177,2022-09-01,15076.0,Hogar,134085.0,Tarjeta crédito,App móvil,Android,Bucaramanga,4.0,5,No
TXN-0007974,2023-10-05,24983.0,Electrónica,756882.0,PSE,App móvil,Android,Medellín,3.0,5,No
TXN-0004585,2024-06-16,17264.0,Electrónica,672824.0,Billetera digital,App móvil,Android,Medellín,4.0,5,No
TXN-0005381,2023-08-01,16399.0,Juguetes,82860.0,Tarjeta crédito,App móvil,Android,Manizales,4.0,5,No
TXN-0001106,2024-04-01,11437.0,Electrónica,36234.0,Contraentrega,App móvil,Desktop,Cali,5.0,5,No
TXN-0004840,2022-01-23,23505.0,Moda,179062.0,Tarjeta crédito,App móvil,iOS,Pereira,1.0,5,No
TXN-0007683,2023-06-25,41485.0,Hogar,188457.0,Tarjeta crédito,Sitio web,Android,Bucaramanga,5.0,5,No
TXN-0001211,2024-09-12,36029.0,Belleza,101519.0,Tarjeta crédito,App móvil,Desktop,Bogotá,7.0,5,No
TXN-0005981,2022-02-16,50150.0,Electrónica,903722.0,Tarjeta crédito,App móvil,Desktop,Cali,7.0,5,No
TXN-0005448,2023-04-03,11033.0,Tecnología,1091145.0,Tarjeta crédito,App móvil,Android,Bogotá,3.0,5,No
TXN-0006302,2022-07-27,58403.0,Moda,13839.0,Tarjeta crédito,App móvil,Android,Bogotá,8.0,4,No
TXN-0005892,2022-06-17,,Alimentos,39081.0,PSE,Sitio web,Desktop,Cali,5.0,5,No
TXN-0004602,2024-04-18,34948.0,Electrónica,742238.0,Contraentrega,Sitio web,Android,Bogotá,4.0,5,No
TXN-0004324,2023-05-25,33847.0,Belleza,5000.0,Contraentrega,App móvil,Android,Cali,1.0,5,No
TXN-0006674,2022-11-06,34651.0,Mascotas,119667.0,Contraentrega,App móvil,Android,Medellín,7.0,5,No
TXN-0002635,2024-02-20,15214.0,Belleza,54120.0,Tarjeta débito,Sitio web,Android,Manizales,6.0,5,Sí
TXN-0001326,2022-08-15,33643.0,Alimentos,10985.0,Tarjeta débito,App móvil,Android,Ibagué,5.0,5,No
TXN-0006749,2023-04-09,12047.0,Belleza,113982.0,Contraentrega,App móvil,Desktop,Cali,9.0,4,No
TXN-0005781,2022-04-26,10847.0,HOGAR,168182.0,Tarjeta crédito,App móvil,Android,Cartagena,6.0,5,No
TXN-0007988,2022-01-03,55697.0,Mascotas,120032.0,Tarjeta débito,App móvil,iOS,Cúcuta,1.0,5,No
TXN-0007682,2023-12-20,23002.0,Electrónica,439036.0,Tarjeta crédito,Sitio web,Android,Pereira,5.0,5,Sí
TXN-0003966,2022-05-11,54253.0,Mascotas,53257.0,PSE,App móvil,Android,Bogotá,6.0,5,No
TXN-0001884,2024-12-09,29027.0,Juguetes,27169.0,PSE,Sitio web,Desktop,Ibagué,1.0,5,No
TXN-0003243,2024-07-30,17230.0,DEPORTES,177940.0,Billetera digital,App móvil,iOS,Medellín,6.0,5,No
TXN-0004582,2023-09-08,24758.0,Belleza,110891.0,Tarjeta crédito,Sitio web,Android,Medellín,5.0,5,No
TXN-0005361,2024-05-29,59712.0,Hogar,90625.0,PSE,App móvil,Desktop,Barranquilla,1.0,5,No
TXN-0004328,2023-04-15,52997.0,Belleza,133671.0,Tarjeta crédito,App móvil,iOS,Pereira,6.0,5,No
TXN-0007468,2023-11-13,16864.0,Electrónica,525184.0,Tarjeta crédito,App móvil,Android,Bogotá,5.0,5,No
TXN-0002492,2023-06-11,14005.0,Moda,98561.0,Tarjeta crédito,App móvil,iOS,Cartagena,3.0,5,No
TXN-0003469,2023-10-02,44709.0,Mascotas,50637.0,Tarjeta débito,App móvil,Android,Cúcuta,2.0,5,No
TXN-0007131,,27781.0,Belleza,98076.0,Tarjeta crédito,Sitio web,Android,Bogotá,5.0,5,No
TXN-0005643,2024-01-12,14166.0,Electrónica,726392.0,Tarjeta crédito,Sitio web,Desktop,Bogotá,3.0,5,No
TXN-0000976,2024-09-03,30350.0,Moda,139873.0,PSE,App móvil,Android,Bogotá,6.0,5,No
TXN-0005423,2022-04-20,20635.0,Belleza,42237.0,Tarjeta crédito,App móvil,iOS,Medellín,5.0,5,No
TXN-0006964,2022-04-02,15385.0,Mascotas,41674.0,Billetera digital,Sitio web,Android,Bogotá,1.0,5,No
TXN-0007528,2022-11-04,32807.0,Moda,182172.0,PSE,App móvil,Android,Bogotá,1.0,5,No
TXN-0007788,2022-03-17,50721.0,Tecnología,793499.0,Tarjeta crédito,App móvil,Android,Manizales,3.0,5,Sí
TXN-0006987,2023-07-10,41184.0,Moda,187448.0,Tarjeta débito,App móvil,iOS,Barranquilla,5.0,5,No
TXN-0000560,2024-08-11,36708.0,Alimentos,58048.0,Tarjeta crédito,Sitio web,iOS,Pereira,6.0,5,No
TXN-0005548,2022-08-26,26653.0,Libros,67397.0,PSE,Sitio web,Android,Pereira,6.0,5,No
TXN-0007666,2023-01-11,17759.0,Libros,47282.0,Contraentrega,App móvil,Android,Bogotá,2.0,5,No
TXN-0004007,2023-10-18,10201.0,Libros,50170.0,Tarjeta crédito,Sitio web,Desktop,Cali,4.0,5,No
TXN-0004263,2022-03-21,18597.0,Electrónica,856699.0,Tarjeta crédito,Sitio web,Android,Medellín,1.0,5,No
TXN-0005603,2022-01-22,47749.0,Electrónica,985826.0,Tarjeta crédito,App móvil,Android,Bogotá,1.0,5,No
TXN-0000219,2022-10-16,21269.0,Tecnología,794297.0,Contraentrega,Sitio web,iOS,Bucaramanga,4.0,5,No
TXN-0004267,2022-05-23,30884.0,Alimentos,33131.0,Tarjeta crédito,App móvil,Desktop,Cali,2.0,5,No
,2024-09-25,44871.0,Libros,59797.0,Tarjeta crédito,Sitio web,Android,Bogotá,5.0,5,No
TXN-0006834,2024-07-10,35465.0,Moda,66541.0,PSE,App móvil,iOS,Manizales,5.0,5,No
TXN-0001363,2023-03-06,50543.0,Electrónica,356605.0,Tarjeta crédito,Sitio web,Android,Bogotá,3.0,5,No
TXN-0000006,2024-08-31,58714.0,Belleza,72603.0,PSE,Sitio web,Android,Bogotá,2.0,5,No
TXN-0004429,2024-03-19,50916.0,Moda,111726.0,Tarjeta crédito,Sitio web,Android,Medellín,8.0,3,No
TXN-0007338,2022-03-15,11790.0,Moda,163989.0,Tarjeta crédito,App móvil,iOS,Bogotá,3.0,5,No
TXN-0002046,2024-11-15,56560.0,Moda,59051.0,Tarjeta crédito,Sitio web,Android,Ibagué,1.0,5,No
TXN-0002385,2023-12-21,57964.0,Electrónica,774852.0,Tarjeta crédito,App móvil,iOS,Bogotá,2.0,5,No
TXN-0006157,2023-09-10,47838.0,Moda,256819.0,Contraentrega,App móvil,Android,BOGOTÁ,5.0,5,No
TXN-0003487,2023-03-17,59300.0,Hogar,206889.0,Contraentrega,App móvil,iOS,Bogotá,1.0,5,No
TXN-0001493,2022-06-12,31111.0,Mascotas,52260.0,Tarjeta crédito,App móvil,Android,Cali,11.0,5,No
TXN-0004717,2023-03-17,55901.0,Hogar,224787.0,Tarjeta crédito,Sitio web,iOS,Bogotá,4.0,5,No
TXN-0004020,2024-04-11,46786.0,Electrónica,1240689.0,PSE,App móvil,Android,Bogotá,5.0,5,No
TXN-0003751,2024-02-10,11873.0,Moda,67981.0,PSE,Sitio web,Desktop,Medellín,5.0,5,Sí
TXN-0005579,2023-09-29,44868.0,Moda,170752.0,PSE,App móvil,iOS,Medellín,5.0,5,No
TXN-0003034,2024-03-07,31105.0,BELLEZA,55376.0,Tarjeta crédito,App móvil,Android,Bogotá,4.0,5,No
TXN-0001606,2022-06-08,52344.0,Tecnología,1196312.0,Tarjeta débito,App móvil,Desktop,Bogotá,2.0,5,No
TXN-0003153,,29014.0,Tecnología,1158881.0,Tarjeta crédito,App móvil,Android,Cali,2.0,5,No
TXN-0002459,2024-09-24,44214.0,Electrónica,446444.0,Contraentrega,App móvil,Desktop,Bogotá,4.0,5,No
TXN-0001027,2024-07-14,34895.0,Hogar,299297.0,PSE,App móvil,Desktop,BOGOTÁ,5.0,5,No
TXN-0003657,2022-04-20,47387.0,Electrónica,1218699.0,PSE,Sitio web,iOS,Manizales,3.0,5,No
TXN-0002912,2023-01-03,15066.0,Alimentos,43117.0,Tarjeta débito,App móvil,iOS,Bogotá,4.0,5,No
TXN-0005496,2024-04-15,51954.0,Electrónica,664878.0,Contraentrega,Sitio web,Android,Medellín,3.0,5,No
TXN-0002514,2023-11-27,57892.0,Libros,96956.0,Billetera digital,Sitio web,Android,Bogotá,6.0,5,No
TXN-0006980,2023-02-12,11529.0,Belleza,85390.0,PSE,App móvil,Android,PEREIRA,2.0,5,No
TXN-0006087,2024-01-04,29111.0,Electrónica,452182.0,Tarjeta crédito,App móvil,iOS,Bucaramanga,5.0,5,No
TXN-0007385,2022-08-24,35425.0,Electrónica,963729.0,PSE,App móvil,Android,Bogotá,5.0,5,No
TXN-0005724,2023-12-03,,Electrónica,1175336.0,Contraentrega,App móvil,Android,Bogotá,5.0,5,No
TXN-0000613,2023-06-08,,Moda,167010.0,Billetera digital,Sitio web,Desktop,Bucaramanga,4.0,5,No
TXN-0001957,2022-01-24,28647.0,Libros,33021.0,PSE,Sitio web,Android,Bogotá,4.0,5,No
TXN-0007381,2024-05-29,38101.0,Moda,32003.0,Contraentrega,App móvil,Android,Ibagué,2.0,5,No
,2023-06-13,18854.0,Deportes,272472.0,Billetera digital,Sitio web,iOS,Medellín,2.0,5,No
TXN-0007036,2023-02-14,44166.0,Alimentos,5000.0,Tarjeta crédito,App móvil,Android,Barranquilla,3.0,5,No
TXN-0006903,2022-07-29,10903.0,Alimentos,39037.0,Billetera digital,App móvil,Android,Manizales,4.0,5,No
TXN-0001875,2023-08-30,23639.0,Mascotas,71198.0,Contraentrega,Sitio web,iOS,Manizales,2.0,5,No
TXN-0003432,2023-03-20,36668.0,Electrónica,490675.0,PSE,App móvil,Android,Cúcuta,2.0,5,No
TXN-0001369,2023-07-27,40014.0,Belleza,87247.0,PSE,App móvil,Desktop,Bogotá,5.0,5,No
,2022-05-17,15584.0,Belleza,56009.0,PSE,App móvil,iOS,Medellín,5.0,5,No
TXN-0006263,2023-02-11,10018.0,Electrónica,589609.0,Tarjeta crédito,App móvil,,Bogotá,3.0,5,No
TXN-0006599,2024-06-22,24178.0,Tecnología,959309.0,Tarjeta crédito,App móvil,iOS,Bogotá,5.0,5,No
TXN-0007424,2023-06-28,39755.0,Hogar,237206.0,Tarjeta débito,App móvil,Desktop,Medellín,1.0,5,No
TXN-0002062,2024-05-08,46767.0,Alimentos,27736.0,PSE,Sitio web,Desktop,Medellín,1.0,5,No
TXN-0005734,2023-01-05,14731.0,Electrónica,195967.0,Tarjeta crédito,App móvil,Desktop,BOGOTÁ,8.0,3,No
TXN-0002931,2023-06-04,21762.0,Electrónica,339143.0,Contraentrega,App móvil,Android,Bogotá,3.0,5,No
TXN-0004058,,,Tecnología,765784.0,Contraentrega,App móvil,Desktop,Cali,3.0,5,No
TXN-0001708,2022-06-10,29209.0,Electrónica,508049.0,Tarjeta crédito,App móvil,Desktop,Barranquilla,2.0,5,Sí
TXN-0004368,2024-09-10,49398.0,Deportes,142058.0,Tarjeta débito,App móvil,Android,Bogotá,3.0,5,No
TXN-0007709,2023-12-02,35911.0,Moda,27194.0,PSE,App móvil,Android,Cúcuta,8.0,5,No
TXN-0006448,2023-05-04,51950.0,Belleza,76784.0,Billetera digital,App móvil,Desktop,Barranquilla,5.0,5,No
TXN-0002180,2022-06-24,44300.0,Electrónica,611667.0,Tarjeta débito,Sitio web,iOS,Cali,4.0,5,No
TXN-0006857,2022-09-21,12096.0,Moda,181773.0,Tarjeta débito,App móvil,Android,Bogotá,2.0,5,No
TXN-0006603,2022-01-28,17807.0,Belleza,79084.0,PSE,App móvil,Android,Bogotá,5.0,5,No
TXN-0003834,2024-12-13,16068.0,Alimentos,42813.0,Tarjeta débito,Sitio web,Desktop,Cali,5.0,5,No
TXN-0005709,2024-03-20,29320.0,Electrónica,566650.0,PSE,App móvil,Android,Barranquilla,2.0,5,No
TXN-0007017,2024-06-09,23396.0,Moda,117273.0,Tarjeta crédito,Sitio web,Desktop,Cali,3.0,5,No
TXN-0003042,2024-10-28,54497.0,Belleza,108932.0,Tarjeta débito,Sitio web,iOS,Cartagena,4.0,5,No
TXN-0006865,2022-05-10,41479.0,Deportes,137398.0,PSE,App móvil,Android,Bogotá,2.0,5,No
TXN-0004188,2022-03-06,31271.0,Electrónica,695132.0,Tarjeta crédito,App móvil,Desktop,Bogotá,2.0,5,No
TXN-0007559,2022-12-08,46659.0,Alimentos,33823.0,Tarjeta débito,App móvil,Android,Bogotá,3.0,5,No
TXN-0001164,2024-01-22,23531.0,Hogar,161280.0,Tarjeta débito,App móvil,Desktop,Manizales,1.0,5,No
TXN-0006662,2023-09-28,48072.0,Electrónica,525474.0,Tarjeta crédito,App móvil,Android,Bogotá,1.0,5,No
TXN-0000913,2022-12-03,21636.0,Belleza,11771.0,Contraentrega,Sitio web,iOS,IBAGUÉ,14.0,4,No
TXN-0007876,2022-08-31,45699.0,BELLEZA,34095.0,Tarjeta débito,App móvil,Desktop,Pereira,7.0,5,No
TXN-0006693,2023-04-11,38509.0,Deportes,121245.0,Billetera digital,App móvil,Android,BOGOTÁ,3.0,5,No
TXN-0001910,2023-01-15,27788.0,Electrónica,523195.0,Tarjeta crédito,Sitio web,Desktop,Barranquilla,1.0,5,No
TXN-0001661,2023-08-25,49716.0,Belleza,76166.0,Tarjeta crédito,App móvil,Desktop,Bogotá,2.0,5,No
TXN-0002506,2022-08-15,28750.0,Hogar,171734.0,Contraentrega,Sitio web,Desktop,Cali,9.0,4,No
TXN-0001927,2024-11-01,52408.0,Electrónica,739253.0,Billetera digital,App móvil,iOS,Cali,4.0,5,No
TXN-0007409,2024-12-26,59446.0,Moda,108028.0,Contraentrega,Sitio web,Android,Barranquilla,5.0,5,No
TXN-0002991,2024-03-31,53622.0,Mascotas,58612.0,PSE,Sitio web,Android,Pereira,4.0,5,No
TXN-0004416,2022-06-23,34645.0,Alimentos,27878.0,Contraentrega,App móvil,iOS,Cali,5.0,5,No
TXN-0001224,2024-04-05,57508.0,Hogar,120565.0,Tarjeta débito,Sitio web,Android,Barranquilla,4.0,5,No
TXN-0000125,2023-09-07,16677.0,Deportes,161777.0,Contraentrega,App móvil,Android,Bogotá,1.0,5,No
,2024-01-12,12068.0,Moda,98662.0,PSE,App móvil,Android,Bogotá,4.0,5,No
TXN-0002995,2023-10-12,32810.0,Moda,78536.0,Tarjeta débito,Sitio web,Android,Medellín,2.0,5,No
TXN-0000893,2023-07-21,40014.0,Libros,87848.0,Tarjeta crédito,App móvil,iOS,Medellín,6.0,5,No
TXN-0006668,2023-03-26,23863.0,Hogar,295681.0,Tarjeta débito,Sitio web,Android,CARTAGENA,3.0,5,No
TXN-0004905,2024-10-03,41687.0,Belleza,121655.0,Contraentrega,App móvil,iOS,Ibagué,2.0,5,No
TXN-0004917,,16056.0,Hogar,121582.0,Billetera digital,Sitio web,Desktop,Barranquilla,1.0,5,No
TXN-0003441,2024-01-27,11489.0,Belleza,99830.0,PSE,Sitio web,Android,Bucaramanga,2.0,5,No
TXN-0007858,2023-08-28,22730.0,Moda,93480.0,Tarjeta débito,App móvil,Android,Barranquilla,4.0,5,No
TXN-0000086,2022-10-07,49558.0,Electrónica,809347.0,Tarjeta débito,Sitio web,iOS,Bogotá,2.0,5,No
TXN-0005764,2024-08-17,52904.0,Belleza,24815.0,Tarjeta débito,Sitio web,Desktop,Bogotá,1.0,5,No
TXN-0002422,2024-03-04,17005.0,Electrónica,420648.0,Billetera digital,App móvil,iOS,Medellín,6.0,5,No
TXN-0001381,2022-05-29,36731.0,Electrónica,535739.0,Tarjeta crédito,App móvil,Desktop,Manizales,5.0,5,No
TXN-0007301,2022-07-30,59053.0,Electrónica,528996.0,Tarjeta crédito,App móvil,Desktop,Medellín,1.0,5,No
TXN-0007211,2024-06-29,21261.0,Belleza,87998.0,PSE,App móvil,Android,Bogotá,4.0,5,No
,2022-12-24,10422.0,Mascotas,36402.0,Tarjeta crédito,App móvil,iOS,Medellín,3.0,5,No
TXN-0003180,2023-06-15,12892.0,Juguetes,105437.0,Tarjeta débito,App móvil,Android,Cartagena,6.0,5,No
TXN-0005667,2024-11-20,14558.0,Moda,202984.0,Tarjeta débito,Sitio web,,Cartagena,5.0,5,No
TXN-0007075,2024-04-19,29605.0,Electrónica,581256.0,PSE,App móvil,iOS,Bogotá,6.0,5,No
TXN-0000079,2022-09-14,52287.0,JUGUETES,102004.0,PSE,Sitio web,iOS,Barranquilla,8.0,4,No
TXN-0003063,2023-01-02,37562.0,Juguetes,158591.0,Billetera digital,Sitio web,Desktop,MEDELLÍN,5.0,5,No
TXN-0000253,2024-01-22,44817.0,Tecnología,548403.0,Tarjeta débito,App móvil,Android,Cali,7.0,5,No
TXN-0002736,2023-04-09,19130.0,Moda,144765.0,Contraentrega,App móvil,Android,Medellín,8.0,3,No
TXN-0002649,2022-05-31,39109.0,Electrónica,117549.0,Contraentrega,Sitio web,iOS,Medellín,5.0,5,No
TXN-0004436,2023-04-19,43610.0,Electrónica,310407.0,PSE,Sitio web,iOS,Medellín,7.0,5,No
TXN-0001799,2022-06-01,38180.0,Alimentos,10734.0,PSE,Sitio web,Android,Pereira,8.0,5,No
TXN-0002341,2022-07-03,16975.0,Alimentos,35500.0,Tarjeta débito,App móvil,Desktop,BOGOTÁ,6.0,5,No
TXN-0007415,2022-08-06,21055.0,Moda,200910.0,Tarjeta débito,Sitio web,Android,Medellín,4.0,5,No
TXN-0001955,2022-01-05,32757.0,Juguetes,19284.0,PSE,Sitio web,Android,Bogotá,6.0,5,No
TXN-0000004,2024-08-16,57499.0,Libros,61295.0,Tarjeta débito,Sitio web,Desktop,Cali,1.0,5,No
TXN-0000502,2023-10-29,33906.0,Moda,143454.0,Billetera digital,App móvil,iOS,Bucaramanga,3.0,5,No
TXN-0000311,2022-07-27,42632.0,MODA,174456.0,Tarjeta débito,Sitio web,Desktop,Bogotá,7.0,5,No
TXN-0004866,2024-02-25,37892.0,Tecnología,588507.0,Tarjeta crédito,App móvil,Android,Bogotá,7.0,5,No
TXN-0003559,2024-02-24,42536.0,Alimentos,59274.0,Tarjeta crédito,Sitio web,Desktop,BARRANQUILLA,5.0,5,No
TXN-0005853,2023-04-10,12377.0,Alimentos,52792.0,Tarjeta débito,App móvil,Android,Bogotá,7.0,5,No
TXN-0006146,2023-12-03,40908.0,Alimentos,60877.0,Tarjeta crédito,Sitio web,Android,Medellín,3.0,5,No
TXN-0000609,2023-08-20,44104.0,Tecnología,974919.0,Tarjeta débito,App móvil,Android,Bogotá,3.0,5,No
TXN-0006217,2023-03-12,53189.0,Alimentos,66770.0,Tarjeta crédito,App móvil,Desktop,MEDELLÍN,2.0,5,No
TXN-0007920,2022-09-07,15797.0,Electrónica,392072.0,Tarjeta crédito,App móvil,Android,Medellín,3.0,5,No
TXN-0005145,2023-03-07,48247.0,Alimentos,35606.0,Tarjeta crédito,App móvil,Android,Cali,6.0,5,No
TXN-0003473,2024-09-01,49155.0,Alimentos,27193.0,Tarjeta débito,Sitio web,Android,Bogotá,2.0,5,No
TXN-0003529,2023-10-08,45636.0,Alimentos,53300.0,Billetera digital,App móvil,iOS,Ibagué,7.0,5,No
TXN-0005160,2024-06-19,39811.0,Deportes,222568.0,Tarjeta débito,Sitio web,iOS,Bogotá,4.0,5,No
,2023-11-06,21307.0,Electrónica,873839.0,Tarjeta débito,App móvil,Desktop,Manizales,5.0,5,No
TXN-0005828,2023-07-25,15479.0,Hogar,170931.0,Tarjeta crédito,Sitio web,iOS,Bucaramanga,3.0,5,No
TXN-0001050,2022-12-23,41423.0,Hogar,154146.0,PSE,Sitio web,Android,Barranquilla,6.0,5,No
TXN-0004444,2022-12-04,54233.0,Deportes,185764.0,Tarjeta débito,Sitio web,iOS,Barranquilla,6.0,5,No
TXN-0001997,2024-06-01,20844.0,Mascotas,22685.0,Tarjeta débito,App móvil,iOS,Ibagué,1.0,5,No
TXN-0000104,2023-11-01,14814.0,Juguetes,111834.0,Billetera digital,Sitio web,Android,Bogotá,4.0,5,No
TXN-0006335,2024-03-05,28582.0,Belleza,38891.0,Contraentrega,App móvil,iOS,IBAGUÉ,6.0,5,No
TXN-0001280,2022-10-17,27895.0,Electrónica,882395.0,Tarjeta crédito,App móvil,Desktop,Medellín,4.0,5,No
TXN-0002983,2023-05-27,10812.0,Electrónica,575959.0,Tarjeta crédito,Sitio web,Android,Bogotá,4.0,5,No
TXN-0007963,2024-07-12,,Alimentos,39701.0,Tarjeta débito,Sitio web,iOS,CÚCUTA,4.0,5,No
TXN-0001259,2023-02-15,27902.0,Belleza,57045.0,PSE,Sitio web,Desktop,Bogotá,3.0,5,No
TXN-0007787,2022-04-25,29049.0,HOGAR,137802.0,PSE,Sitio web,Desktop,Barranquilla,2.0,5,No
TXN-0006974,2023-11-06,50411.0,Electrónica,319791.0,PSE,Sitio web,Android,Bogotá,6.0,5,No
TXN-0006821,2024-03-11,21311.0,Mascotas,100508.0,Tarjeta crédito,App móvil,Android,Bogotá,4.0,5,No
TXN-0002154,2022-03-11,38062.0,Belleza,89208.0,Tarjeta débito,Sitio web,iOS,Cali,6.0,5,No
TXN-0006851,2023-02-19,41853.0,Moda,136160.0,PSE,Sitio web,Android,Medellín,7.0,5,No
TXN-0000816,2024-05-06,13961.0,Moda,91736.0,Tarjeta débito,App móvil,Android,Medellín,3.0,5,No
TXN-0000118,2023-05-11,27810.0,Moda,96245.0,Tarjeta débito,App móvil,Desktop,BUCARAMANGA,1.0,5,No
TXN-0003182,2022-06-29,51055.0,Electrónica,128868.0,Tarjeta débito,Sitio web,Android,Cali,3.0,5,No
TXN-0002445,2022-12-13,23211.0,Juguetes,78911.0,Tarjeta crédito,App móvil,Desktop,Bucaramanga,4.0,5,No
TXN-0003095,2022-12-18,25149.0,Alimentos,23307.0,Tarjeta crédito,App móvil,Desktop,Bogotá,5.0,5,No
TXN-0006722,2022-04-13,34061.0,Mascotas,71456.0,Tarjeta débito,Sitio web,Desktop,Pereira,5.0,5,No
TXN-0005535,2024-10-26,46691.0,Tecnología,551862.0,Tarjeta débito,App móvil,Android,Barranquilla,3.0,5,No
TXN-0004681,2022-02-08,43614.0,Moda,144674.0,Tarjeta crédito,Sitio web,iOS,Medellín,2.0,5,No
TXN-0007968,2024-05-19,46031.0,Libros,66695.0,Tarjeta crédito,Sitio web,iOS,Bogotá,7.0,5,No
TXN-0003249,2022-07-27,36964.0,Alimentos,56665.0,Billetera digital,App móvil,,Medellín,2.0,5,No
TXN-0002540,2022-08-26,41934.0,Electrónica,1079752.0,Tarjeta débito,Sitio web,Android,Manizales,4.0,5,No
TXN-0005725,2022-03-31,49189.0,Belleza,12837.0,Tarjeta débito,App móvil,Desktop,Bucaramanga,6.0,5,No
TXN-0002966,2023-04-30,43822.0,Moda,56928.0,Tarjeta débito,Sitio web,Android,Cartagena,7.0,5,No
TXN-0002278,2023-01-10,39871.0,Mascotas,21102.0,Tarjeta débito,App móvil,Desktop,Bogotá,2.0,5,No
TXN-0004543,2022-01-11,25636.0,Alimentos,26198.0,Tarjeta crédito,Sitio web,iOS,Pereira,11.0,5,No
TXN-0002113,2024-12-14,53279.0,Hogar,187536.0,Tarjeta crédito,App móvil,,Medellín,6.0,5,No
TXN-0003775,2024-08-01,44716.0,Tecnología,705920.0,Tarjeta crédito,Sitio web,Desktop,Manizales,7.0,5,No
TXN-0002597,2023-01-20,46729.0,Hogar,297347.0,Tarjeta crédito,App móvil,Android,Barranquilla,1.0,5,No
TXN-0004996,2022-09-24,19135.0,Hogar,117749.0,Tarjeta crédito,App móvil,Desktop,Bogotá,6.0,5,No
TXN-0001199,2023-01-29,38941.0,Moda,46788.0,Tarjeta crédito,Sitio web,Android,Barranquilla,5.0,5,No
TXN-0004349,2024-01-24,,Alimentos,6687.0,Contraentrega,App móvil,iOS,Pereira,8.0,3,No
TXN-0004210,,58155.0,Libros,51967.0,Tarjeta crédito,App móvil,Android,Medellín,1.0,5,No
TXN-0005894,2024-06-08,28750.0,Hogar,153000.0,Tarjeta débito,App móvil,Android,Bogotá,7.0,5,No
TXN-0005552,2022-11-20,54470.0,Tecnología,1351366.0,Tarjeta crédito,App móvil,Desktop,Pereira,5.0,5,No
TXN-0004353,2022-04-21,49754.0,Moda,223684.0,Tarjeta crédito,App móvil,Desktop,Barranquilla,5.0,5,No
TXN-0007452,2022-07-07,39280.0,Hogar,271386.0,PSE,App móvil,Desktop,Medellín,3.0,5,No
TXN-0006711,2023-04-18,59633.0,Deportes,163411.0,PSE,App móvil,Desktop,Cali,5.0,5,No
TXN-0002468,2022-03-02,40006.0,Libros,62544.0,Tarjeta crédito,App móvil,Android,Bogotá,6.0,5,Sí
TXN-0006277,2022-06-07,10196.0,Electrónica,1076904.0,Contraentrega,App móvil,Android,Bogotá,4.0,5,No
TXN-0005580,2023-05-21,28307.0,Belleza,117579.0,Tarjeta débito,App móvil,Android,Cali,6.0,5,No
TXN-0004648,2023-11-16,59408.0,Hogar,127271.0,Tarjeta débito,Sitio web,iOS,Bogotá,5.0,5,No
TXN-0006574,2022-09-09,27962.0,Libros,57659.0,Contraentrega,Sitio web,iOS,Medellín,5.0,5,No
TXN-0000400,2022-01-13,30977.0,Moda,69005.0,Tarjeta crédito,App móvil,iOS,Bogotá,2.0,5,No
TXN-0006782,2024-02-08,32582.0,Hogar,237567.0,PSE,Sitio web,Android,Medellín,5.0,5,No
TXN-0003593,2024-12-18,25210.0,Deportes,218103.0,Contraentrega,Sitio web,Android,Bogotá,4.0,5,No
TXN-0002172,2022-10-17,54648.0,Electrónica,116063.0,PSE,App móvil,iOS,Bogotá,3.0,5,No
TXN-0005598,2023-06-14,22955.0,Libros,82118.0,Tarjeta crédito,Sitio web,Android,Cali,6.0,5,No
TXN-0004599,2022-05-28,13153.0,Tecnología,543577.0,Tarjeta crédito,App móvil,Desktop,Pereira,5.0,5,No
TXN-0003992,2022-12-22,30632.0,Moda,180424.0,PSE,App móvil,iOS,Bogotá,5.0,5,No
TXN-0007645,2022-01-26,56860.0,Electrónica,536405.0,Billetera digital,App móvil,iOS,Barranquilla,5.0,5,No
TXN-0002427,2023-03-10,35717.0,Alimentos,53860.0,Tarjeta crédito,App móvil,Android,BOGOTÁ,3.0,5,No
TXN-0003803,2022-09-08,17691.0,Juguetes,42694.0,Tarjeta débito,Sitio web,Android,Barranquilla,3.0,5,No
TXN-0001265,2024-07-02,29853.0,Mascotas,54188.0,Tarjeta crédito,Sitio web,Android,Pereira,4.0,5,No
TXN-0006355,2024-07-16,19622.0,Tecnología,389092.0,Tarjeta débito,Sitio web,iOS,Bogotá,4.0,5,No
TXN-0003001,2022-09-23,42430.0,Alimentos,88275.0,Tarjeta crédito,App móvil,Android,Cali,4.0,5,No
TXN-0003999,2024-12-29,59741.0,Deportes,224450.0,Tarjeta crédito,App móvil,Android,Bogotá,2.0,5,No
TXN-0001448,2024-09-27,50275.0,Juguetes,136647.0,Tarjeta crédito,Sitio web,Android,Bogotá,4.0,5,No
TXN-0004393,2024-08-17,15704.0,Moda,212565.0,Tarjeta crédito,Sitio web,Android,Bucaramanga,2.0,5,No
TXN-0007156,2023-08-13,15406.0,Electrónica,276499.0,Tarjeta crédito,App móvil,iOS,Manizales,4.0,5,No
TXN-0001569,2024-06-30,13902.0,Deportes,235481.0,Tarjeta crédito,App móvil,Android,Medellín,2.0,5,No
TXN-0002521,2022-01-21,59844.0,Hogar,181697.0,Contraentrega,App móvil,,Pereira,3.0,5,No
TXN-0001223,2022-05-28,34729.0,Electrónica,516428.0,Contraentrega,App móvil,Desktop,Medellín,2.0,5,No
TXN-0000857,2023-07-25,31029.0,Belleza,69474.0,Contraentrega,Sitio web,Desktop,Bogotá,3.0,5,No
TXN-0005521,2022-04-09,26197.0,Moda,165486.0,Contraentrega,App móvil,iOS,Manizales,4.0,5,No
TXN-0001731,2022-09-10,42237.0,Mascotas,90523.0,Tarjeta crédito,Sitio web,Desktop,Barranquilla,5.0,5,No
TXN-0002643,2023-11-24,52121.0,Tecnología,800638.0,Tarjeta débito,App móvil,Android,Cali,5.0,5,No
TXN-0007924,,57173.0,Electrónica,485334.0,Tarjeta crédito,App móvil,Android,Bucaramanga,5.0,5,No
TXN-0001653,2024-07-26,17194.0,Electrónica,416899.0,Tarjeta débito,App móvil,Android,Bogotá,5.0,5,No
TXN-0005550,2022-09-17,34184.0,Electrónica,360113.0,Tarjeta crédito,Sitio web,Android,Ibagué,5.0,5,No
,2023-06-09,33866.0,Moda,150733.0,Tarjeta crédito,Sitio web,Android,Pereira,3.0,5,No
TXN-0004627,2024-04-27,16825.0,Hogar,128156.0,Tarjeta débito,App móvil,Android,Bogotá,3.0,5,No
TXN-0006099,2024-04-27,15931.0,Alimentos,22516.0,PSE,App móvil,iOS,Bogotá,5.0,5,No
TXN-0006832,,42847.0,Tecnología,1074574.0,Contraentrega,Sitio web,Desktop,Cali,1.0,5,No
TXN-0006225,2023-03-18,32661.0,Deportes,273983.0,PSE,App móvil,Android,Barranquilla,5.0,5,No
TXN-0003938,2023-12-15,18867.0,Deportes,103934.0,Contraentrega,App móvil,Android,Pereira,2.0,5,No
TXN-0000342,2023-07-07,49337.0,JUGUETES,93584.0,Tarjeta débito,Sitio web,iOS,Medellín,3.0,5,No
TXN-0007197,2024-06-13,13215.0,Belleza,77058.0,Tarjeta crédito,App móvil,Desktop,Bogotá,3.0,5,No
TXN-0006211,2023-11-07,32271.0,Belleza,68263.0,Tarjeta crédito,App móvil,Android,Barranquilla,2.0,5,No
TXN-0005867,2022-03-20,26710.0,Moda,196365.0,Tarjeta débito,App móvil,Android,Barranquilla,6.0,5,No
TXN-0001655,2022-05-10,12781.0,Belleza,67446.0,Billetera digital,App móvil,iOS,Bogotá,3.0,5,No
TXN-0007602,2024-04-27,42497.0,Electrónica,1075532.0,Tarjeta crédito,App móvil,Android,Medellín,4.0,5,No
,2024-05-20,19005.0,Electrónica,754038.0,PSE,App móvil,Desktop,Ibagué,7.0,5,Sí
TXN-0000541,2022-02-24,42287.0,Belleza,84352.0,Tarjeta crédito,App móvil,Android,Bogotá,5.0,5,No
TXN-0002195,2022-10-20,35654.0,Alimentos,25901.0,PSE,App móvil,Android,Ibagué,3.0,5,No
TXN-0001337,2023-10-19,35794.0,Electrónica,548186.0,Tarjeta crédito,App móvil,Android,Cali,4.0,5,No
,2022-10-14,22317.0,Electrónica,899610.0,Tarjeta débito,Sitio web,iOS,Medellín,3.0,5,No
TXN-0003801,2024-11-23,58203.0,ELECTRÓNICA,214033.0,Billetera digital,App móvil,iOS,Bogotá,6.0,5,No
TXN-0002030,2022-07-04,40143.0,Alimentos,57702.0,Billetera digital,App móvil,Android,Bogotá,3.0,5,No
TXN-0004556,2022-06-06,38676.0,Hogar,232664.0,Billetera digital,App móvil,iOS,Bogotá,2.0,5,No
TXN-0002215,2023-02-16,38431.0,Deportes,7077.0,Tarjeta crédito,App móvil,Desktop,Medellín,4.0,5,No
TXN-0007200,2023-06-24,39462.0,Alimentos,29817.0,PSE,Sitio web,Android,Cali,5.0,5,No
TXN-0004758,2022-03-12,55772.0,Belleza,35895.0,Tarjeta débito,App móvil,Android,Bogotá,6.0,5,No
TXN-0002399,2023-01-06,25796.0,Moda,144812.0,PSE,App móvil,Android,Cali,8.0,5,No
TXN-0003813,2024-12-02,10225.0,Libros,30431.0,Tarjeta crédito,App móvil,Android,Bogotá,4.0,5,No
TXN-0002114,2023-03-19,48465.0,Hogar,266630.0,Tarjeta débito,App móvil,Android,Bogotá,5.0,5,No
TXN-0002994,2024-04-29,19423.0,Deportes,183879.0,Tarjeta crédito,App móvil,iOS,CÚCUTA,6.0,5,No
TXN-0005191,2022-03-20,13528.0,Tecnología,247817.0,Billetera digital,App móvil,Desktop,Cali,3.0,5,No
TXN-0003216,2023-05-13,30162.0,Alimentos,83044.0,Billetera digital,App móvil,iOS,Manizales,5.0,5,No
TXN-0007772,2022-05-23,45766.0,Hogar,249131.0,Billetera digital,Sitio web,Desktop,Cartagena,4.0,5,No
TXN-0000701,2023-03-14,27706.0,Moda,149397.0,Contraentrega,Sitio web,Android,Barranquilla,3.0,5,No
TXN-0002553,2024-01-07,10454.0,Deportes,163141.0,Tarjeta crédito,App móvil,Android,Bogotá,2.0,5,No
TXN-0005419,2024-04-03,20461.0,Alimentos,55952.0,Tarjeta crédito,App móvil,Android,Bogotá,3.0,5,No
TXN-0004911,2022-02-03,,Moda,112330.0,Tarjeta crédito,Sitio web,iOS,Bucaramanga,2.0,5,No
,2023-12-05,28760.0,Belleza,90284.0,Tarjeta débito,App móvil,Android,Bogotá,4.0,5,No
TXN-0004810,,14240.0,Libros,57624.0,Contraentrega,Sitio web,Android,Medellín,5.0,5,No
TXN-0007006,2022-05-18,14093.0,Moda,133113.0,PSE,App móvil,Android,Cali,6.0,5,No
TXN-0005305,2024-10-28,21219.0,Moda,118251.0,Contraentrega,App móvil,Android,Cúcuta,3.0,5,No
TXN-0005298,2022-03-20,42385.0,Belleza,91554.0,PSE,App móvil,iOS,Bogotá,7.0,5,No
,2024-03-09,58055.0,Moda,160153.0,Tarjeta crédito,Sitio web,Android,Bucaramanga,2.0,5,Sí
TXN-0005748,2022-03-30,29918.0,Mascotas,15411.0,Billetera digital,App móvil,Android,Medellín,3.0,5,No
TXN-0006883,2024-10-17,43866.0,Deportes,188739.0,Billetera digital,App móvil,Desktop,Medellín,1.0,5,No
TXN-0005163,2024-04-03,52810.0,Hogar,114631.0,PSE,App móvil,Android,Medellín,6.0,5,No
,2022-08-21,48519.0,Tecnología,836687.0,PSE,Sitio web,Android,Cali,6.0,5,No
TXN-0001792,2024-06-21,58118.0,Tecnología,856828.0,Tarjeta crédito,Sitio web,iOS,Bogotá,5.0,5,No
TXN-0005971,2022-01-09,45362.0,Tecnología,175339.0,PSE,Sitio web,Desktop,Medellín,2.0,5,No
TXN-0006179,2023-07-29,31846.0,Deportes,194978.0,PSE,Sitio web,Android,Cali,5.0,5,No
TXN-0003430,2022-01-03,32115.0,Libros,43145.0,Contraentrega,App móvil,iOS,Cartagena,3.0,5,No
TXN-0001829,2023-08-04,10552.0,Electrónica,800364.0,Tarjeta crédito,App móvil,Android,Bucaramanga,5.0,5,No
TXN-0002888,2023-11-18,57408.0,Alimentos,27796.0,Tarjeta crédito,Sitio web,iOS,Bogotá,1.0,5,No
TXN-0003368,2024-06-18,49948.0,Hogar,94223.0,Tarjeta débito,App móvil,Desktop,Bucaramanga,6.0,5,No
TXN-0003880,2022-10-26,54500.0,Electrónica,1155104.0,Tarjeta débito,Sitio web,iOS,Cartagena,6.0,5,No
TXN-0006630,2022-11-01,57338.0,Libros,38222.0,PSE,App móvil,Desktop,Cali,8.0,5,No
TXN-0007016,2024-01-06,31208.0,Alimentos,90152.0,Billetera digital,App móvil,Android,MEDELLÍN,3.0,5,No
TXN-0004942,2022-08-19,16972.0,Moda,105239.0,Tarjeta crédito,App móvil,Android,Cúcuta,5.0,5,No
TXN-0003797,2022-01-09,59471.0,Hogar,368115.0,Tarjeta crédito,App móvil,,Manizales,4.0,5,No
TXN-0004831,2023-07-11,40637.0,Moda,141051.0,Tarjeta crédito,Sitio web,Android,Cali,4.0,5,No
TXN-0001142,2023-12-25,50472.0,Libros,51527.0,Tarjeta crédito,App móvil,Desktop,Bucaramanga,5.0,5,No
TXN-0004276,2022-12-21,42283.0,Electrónica,766352.0,Tarjeta crédito,App móvil,Desktop,Medellín,4.0,5,No
TXN-0004081,2024-12-16,52275.0,Moda,191882.0,Tarjeta débito,App móvil,Android,Bogotá,5.0,5,No
TXN-0000665,2024-02-14,20306.0,Electrónica,329018.0,Tarjeta crédito,Sitio web,Desktop,Pereira,6.0,5,No
,2023-04-11,12226.0,Electrónica,915460.0,Tarjeta crédito,App móvil,Android,Cali,6.0,5,Sí
TXN-0005242,2024-02-15,31072.0,Tecnología,422655.0,Billetera digital,Sitio web,Desktop,Medellín,2.0,5,No
TXN-0007480,2023-05-23,31912.0,Hogar,219765.0,Billetera digital,App móvil,Android,Bogotá,5.0,5,No
TXN-0002400,2023-09-19,22818.0,MODA,169600.0,PSE,App móvil,Android,Bogotá,4.0,5,No
TXN-0002095,2022-01-06,12201.0,Libros,86660.0,PSE,App móvil,Android,Cali,8.0,5,No
TXN-0001942,2024-07-22,52298.0,Alimentos,35011.0,Tarjeta débito,Sitio web,Android,Bogotá,3.0,5,Sí
TXN-0001911,2023-03-30,18637.0,Belleza,17980.0,Tarjeta débito,App móvil,iOS,Cali,2.0,5,No
TXN-0003308,2024-01-05,49167.0,Electrónica,879592.0,Tarjeta crédito,Sitio web,Android,Barranquilla,4.0,5,No
TXN-0004332,2024-10-05,59056.0,Moda,208186.0,Tarjeta crédito,Sitio web,iOS,Bucaramanga,1.0,5,No
TXN-0002729,2024-05-10,31201.0,Libros,24981.0,Tarjeta crédito,App móvil,iOS,Bogotá,4.0,5,No
TXN-0007261,2024-12-22,20407.0,Electrónica,395147.0,Billetera digital,Sitio web,Android,Bogotá,7.0,5,No
TXN-0002629,2022-09-03,39970.0,Alimentos,56191.0,Tarjeta débito,App móvil,iOS,Medellín,1.0,5,No
TXN-0006038,2024-02-20,27152.0,Tecnología,968806.0,Billetera digital,Sitio web,Android,Bogotá,3.0,5,No
TXN-0004701,2024-01-25,26062.0,Belleza,98169.0,Tarjeta débito,App móvil,Android,Ibagué,2.0,5,No
TXN-0000066,2022-11-02,20789.0,ELECTRÓNICA,778734.0,Tarjeta crédito,Sitio web,Desktop,Manizales,7.0,5,No
TXN-0000670,2024-03-12,55982.0,Tecnología,849956.0,Tarjeta crédito,App móvil,iOS,Cartagena,2.0,5,No
TXN-0004033,2024-01-16,10670.0,Mascotas,73505.0,Contraentrega,App móvil,iOS,Cali,2.0,5,No
TXN-0002130,2024-06-02,46584.0,Deportes,148677.0,Tarjeta crédito,Sitio web,Android,Pereira,5.0,5,No
TXN-0003545,2024-03-23,30698.0,Juguetes,117279.0,Tarjeta crédito,App móvil,Android,Medellín,2.0,5,No
TXN-0002313,2023-11-08,46649.0,Belleza,127445.0,Contraentrega,App móvil,Android,Medellín,8.0,5,No
TXN-0001516,2022-07-07,38503.0,Electrónica,654114.0,PSE,App móvil,iOS,Cúcuta,1.0,5,No
TXN-0004102,2023-06-22,56576.0,Libros,95297.0,Tarjeta crédito,Sitio web,Android,Medellín,1.0,5,No
TXN-0004523,2022-10-05,34128.0,Belleza,101300.0,Tarjeta crédito,Sitio web,,Medellín,1.0,5,No
TXN-0006255,2024-04-07,19060.0,Libros,37972.0,Contraentrega,Sitio web,Android,Ibagué,2.0,5,No
TXN-0006285,2023-02-01,13522.0,MODA,127300.0,Tarjeta débito,Sitio web,Desktop,Cali,9.0,5,No
TXN-0007863,2024-01-04,32028.0,Juguetes,136052.0,Tarjeta crédito,Sitio web,Android,Bogotá,4.0,5,No
TXN-0000156,2022-05-05,36372.0,Alimentos,60452.0,Contraentrega,App móvil,Desktop,BOGOTÁ,3.0,5,No
TXN-0000429,2022-12-28,20979.0,Hogar,102576.0,Tarjeta crédito,App móvil,Android,Medellín,4.0,5,No
TXN-0005337,2024-05-23,57863.0,Deportes,105706.0,Tarjeta débito,Sitio web,iOS,Manizales,5.0,5,No
TXN-0000417,2022-08-13,12905.0,Hogar,287382.0,Tarjeta crédito,App móvil,Android,Manizales,6.0,5,No
TXN-0004569,2023-07-25,38404.0,Hogar,138327.0,Tarjeta débito,Sitio web,Android,Manizales,5.0,5,No
TXN-0006623,2022-06-23,13261.0,Alimentos,64542.0,Contraentrega,App móvil,Android,IBAGUÉ,5.0,5,No
TXN-0004458,2023-06-12,43590.0,Mascotas,44654.0,Contraentrega,Sitio web,Android,Bogotá,6.0,5,No
TXN-0002747,2022-08-14,51818.0,Tecnología,522309.0,Tarjeta crédito,App móvil,iOS,Bucaramanga,5.0,5,No
TXN-0007509,2024-11-30,31365.0,Deportes,159491.0,PSE,App móvil,iOS,Medellín,2.0,5,No
TXN-0005833,2022-10-04,38022.0,Hogar,141313.0,Contraentrega,Sitio web,iOS,Bogotá,2.0,5,No
TXN-0003114,2022-03-18,41237.0,Moda,129847.0,Tarjeta crédito,App móvil,iOS,Bogotá,7.0,5,No
TXN-0005212,2023-02-08,30086.0,Moda,196397.0,PSE,App móvil,Desktop,Medellín,5.0,5,No
TXN-0007257,2022-07-10,38600.0,Moda,110892.0,PSE,App móvil,Android,Ibagué,3.0,5,No
TXN-0000268,2022-12-05,21533.0,Hogar,170985.0,Tarjeta débito,App móvil,Android,Barranquilla,3.0,5,No
TXN-0004533,2024-09-26,53885.0,Hogar,266276.0,Billetera digital,App móvil,Android,Medellín,8.0,3,No
TXN-0005829,2022-05-21,12198.0,Belleza,56567.0,PSE,App móvil,Desktop,Bogotá,5.0,5,No
TXN-0000302,2024-01-04,13730.0,Hogar,82352.0,Tarjeta débito,App móvil,iOS,Medellín,7.0,5,No
TXN-0005180,2022-03-05,,Deportes,192324.0,Contraentrega,App móvil,Android,Barranquilla,8.0,3,No
TXN-0002565,,30309.0,Libros,65358.0,Tarjeta crédito,App móvil,iOS,Cartagena,1.0,5,No
TXN-0001178,2023-06-20,49759.0,Moda,73235.0,Contraentrega,Sitio web,Android,Bogotá,3.0,5,No
TXN-0005279,2023-01-15,46691.0,ALIMENTOS,48072.0,Contraentrega,App móvil,Android,BOGOTÁ,6.0,5,No
TXN-0002731,2024-06-05,37113.0,Electrónica,816781.0,Tarjeta crédito,Sitio web,iOS,Barranquilla,3.0,5,No
TXN-0003742,2024-03-03,29257.0,Moda,136958.0,PSE,Sitio web,Desktop,Cali,4.0,5,No
TXN-0000157,2024-03-08,28231.0,Hogar,195244.0,PSE,App móvil,Desktop,Bogotá,2.0,5,No
TXN-0003015,,19638.0,BELLEZA,32601.0,Contraentrega,Sitio web,Android,Barranquilla,4.0,5,No
TXN-0003479,2024-07-23,28006.0,Deportes,129990.0,Billetera digital,Sitio web,Android,Cartagena,6.0,5,No
TXN-0005418,2024-08-20,49422.0,Belleza,38434.0,Tarjeta débito,App móvil,Desktop,Ibagué,3.0,5,No
TXN-0006884,2024-05-03,58728.0,Deportes,157408.0,Tarjeta crédito,Sitio web,Android,IBAGUÉ,3.0,5,No
TXN-0004770,,32480.0,Hogar,78288.0,PSE,App móvil,Android,Cartagena,3.0,5,No
TXN-0000411,2023-10-21,39632.0,Deportes,115133.0,PSE,Sitio web,iOS,MEDELLÍN,6.0,5,No
TXN-0000981,2022-03-13,15654.0,Alimentos,58053.0,Tarjeta débito,Sitio web,Desktop,Cali,4.0,5,No
TXN-0005597,2024-06-11,10191.0,Juguetes,79671.0,Tarjeta débito,Sitio web,Desktop,Manizales,6.0,5,No
TXN-0002508,2024-09-30,24306.0,Moda,32534.0,Tarjeta débito,App móvil,Android,Cartagena,5.0,5,No
TXN-0001608,2024-06-04,17600.0,Juguetes,71674.0,PSE,App móvil,Android,Cartagena,6.0,5,No
TXN-0005505,2023-01-18,43905.0,Libros,71739.0,Contraentrega,App móvil,Android,Bucaramanga,6.0,5,No
TXN-0007149,2024-08-12,48263.0,Libros,97544.0,Contraentrega,App móvil,Android,Cartagena,5.0,5,No
TXN-0003653,2022-04-23,53677.0,Hogar,292445.0,Tarjeta débito,Sitio web,Desktop,Ibagué,3.0,5,No
TXN-0003068,2023-02-05,31572.0,Alimentos,76784.0,PSE,App móvil,Desktop,Bogotá,1.0,5,No
TXN-0006088,2022-12-30,11203.0,Electrónica,765261.0,Tarjeta crédito,App móvil,iOS,Manizales,5.0,5,No
TXN-0004061,2022-09-30,59762.0,Tecnología,785263.0,PSE,Sitio web,iOS,Medellín,10.0,5,No
TXN-0006567,2024-03-12,13682.0,Belleza,41718.0,PSE,Sitio web,iOS,Bogotá,3.0,5,No
TXN-0000413,2022-01-27,19401.0,Alimentos,47047.0,Contraentrega,Sitio web,Android,BOGOTÁ,5.0,5,No
TXN-0004749,2022-02-13,14661.0,Alimentos,16324.0,Billetera digital,App móvil,iOS,Manizales,3.0,5,No
TXN-0005917,2024-11-12,36533.0,Hogar,105106.0,Tarjeta crédito,App móvil,iOS,Bogotá,2.0,5,No
,2023-04-25,27531.0,Deportes,106773.0,PSE,App móvil,Android,Cartagena,6.0,5,No
TXN-0005184,2022-11-16,47198.0,Libros,86571.0,Tarjeta crédito,App móvil,Android,Bogotá,7.0,5,No
TXN-0003104,2024-04-16,21616.0,Moda,205750.0,Billetera digital,App móvil,Android,Manizales,4.0,5,No
TXN-0007739,2023-08-23,37631.0,Libros,19189.0,Billetera digital,App móvil,Desktop,Bogotá,3.0,5,No
TXN-0006753,2022-05-26,48005.0,Electrónica,674891.0,Tarjeta crédito,App móvil,Android,Pereira,2.0,5,No
TXN-0002990,2024-09-22,36064.0,Mascotas,13443.0,Tarjeta crédito,Sitio web,iOS,Bogotá,1.0,5,No
,2023-11-05,38358.0,Hogar,221087.0,PSE,App móvil,,Bucaramanga,2.0,5,No
TXN-0004262,2023-05-29,10383.0,Mascotas,54110.0,Tarjeta crédito,App móvil,iOS,Ibagué,3.0,5,No
TXN-0003457,2023-01-10,22744.0,Tecnología,613492.0,PSE,Sitio web,Android,Ibagué,5.0,5,No
TXN-0003924,2024-03-09,57874.0,Belleza,123185.0,PSE,App móvil,Desktop,Cúcuta,5.0,5,No
TXN-0004522,2022-04-18,39179.0,Electrónica,5000.0,Tarjeta débito,App móvil,Android,Cali,1.0,5,No
TXN-0003378,2024-02-21,41318.0,Electrónica,625705.0,PSE,App móvil,Android,Medellín,9.0,3,No
TXN-0000017,2023-07-04,,Tecnología,728901.0,Contraentrega,Sitio web,Android,Medellín,6.0,5,No
TXN-0005202,2023-01-25,56103.0,Moda,121611.0,PSE,Sitio web,Android,Cartagena,7.0,5,No
TXN-0001194,2024-05-19,48941.0,Hogar,325532.0,Tarjeta crédito,App móvil,iOS,Bogotá,6.0,5,No
TXN-0000444,2023-08-03,40927.0,Hogar,184708.0,Tarjeta crédito,Sitio web,iOS,Cali,5.0,5,No
TXN-0001306,2023-12-25,44022.0,Tecnología,726208.0,Tarjeta crédito,App móvil,Android,BOGOTÁ,3.0,5,No
TXN-0000754,2022-07-31,52727.0,Electrónica,803321.0,Tarjeta débito,Sitio web,Android,Barranquilla,3.0,5,No
TXN-0007969,2023-11-12,54319.0,Moda,68988.0,Tarjeta crédito,Sitio web,Android,Medellín,8.0,4,No
TXN-0005866,2022-01-18,40742.0,Hogar,121878.0,Tarjeta crédito,App móvil,Desktop,Cali,7.0,5,No
TXN-0006010,2022-11-28,48477.0,Hogar,265153.0,Contraentrega,Sitio web,iOS,Cali,3.0,5,No
TXN-0007778,2024-02-25,51028.0,Deportes,114252.0,Tarjeta crédito,Sitio web,Desktop,Cali,7.0,5,No
TXN-0003204,2023-09-04,51191.0,Hogar,167133.0,Tarjeta crédito,Sitio web,Android,Cali,3.0,5,No
TXN-0006358,2024-09-25,53349.0,Belleza,81033.0,Tarjeta crédito,Sitio web,iOS,Bucaramanga,1.0,5,No
TXN-0004042,2023-12-09,29767.0,Libros,41151.0,Tarjeta débito,App móvil,Android,Bogotá,1.0,5,No
TXN-0004683,2022-09-01,47134.0,Juguetes,58174.0,Contraentrega,Sitio web,Android,Manizales,2.0,5,No
,2022-08-25,,Tecnología,694479.0,Tarjeta crédito,Sitio web,iOS,Bogotá,4.0,5,No
TXN-0004939,2022-07-10,50011.0,Belleza,111521.0,Tarjeta crédito,App móvil,Android,Bucaramanga,2.0,5,No
TXN-0007680,2024-05-03,47921.0,Belleza,38915.0,Tarjeta crédito,App móvil,iOS,Bogotá,7.0,5,No
TXN-0002443,2022-03-21,12032.0,Alimentos,37035.0,Tarjeta crédito,App móvil,Android,Barranquilla,7.0,5,No
TXN-0007893,2023-07-27,45843.0,Electrónica,1317369.0,PSE,App móvil,iOS,Cartagena,4.0,5,No
TXN-0005076,2024-08-14,54370.0,ELECTRÓNICA,872109.0,Tarjeta crédito,Sitio web,iOS,Bogotá,5.0,5,Sí
TXN-0001001,2024-09-30,33506.0,Alimentos,33232.0,Tarjeta crédito,App móvil,iOS,Barranquilla,8.0,5,No
TXN-0001321,2024-04-23,31123.0,Hogar,149892.0,Tarjeta crédito,Sitio web,iOS,MEDELLÍN,5.0,5,No
TXN-0002282,2023-08-28,57388.0,Moda,181706.0,Billetera digital,App móvil,Android,Cali,3.0,5,No
TXN-0005524,2024-08-19,30173.0,Belleza,71130.0,PSE,Sitio web,Desktop,Bucaramanga,5.0,5,No
TXN-0001412,2024-03-18,46079.0,Tecnología,1159744.0,Contraentrega,App móvil,Android,Cartagena,7.0,5,No
TXN-0004309,,44253.0,Libros,30799.0,Contraentrega,App móvil,iOS,Pereira,7.0,5,No
TXN-0000132,2023-03-23,27081.0,Tecnología,845175.0,Tarjeta crédito,Sitio web,Android,Bogotá,3.0,5,No
TXN-0006921,2024-12-23,35553.0,Juguetes,153408.0,PSE,App móvil,Android,Barranquilla,5.0,5,Sí
TXN-0001780,2022-11-22,45801.0,Alimentos,72028.0,Tarjeta crédito,App móvil,Android,Barranquilla,4.0,5,Sí
TXN-0006676,2022-05-06,53383.0,Electrónica,526311.0,PSE,App móvil,Android,Ibagué,4.0,5,No
TXN-0001786,2024-04-30,15302.0,Electrónica,615500.0,Tarjeta débito,App móvil,iOS,Bucaramanga,4.0,5,No
TXN-0001563,,10483.0,Deportes,172506.0,Tarjeta crédito,App móvil,Android,Pereira,6.0,5,No
TXN-0001157,2023-08-18,22046.0,ALIMENTOS,7640.0,Billetera digital,App móvil,iOS,Medellín,2.0,5,No
TXN-0007300,2023-07-19,52809.0,Deportes,183184.0,Tarjeta crédito,Sitio web,Android,Pereira,3.0,5,No
TXN-0004971,2022-09-27,17223.0,Moda,46280.0,Tarjeta crédito,Sitio web,iOS,Medellín,6.0,5,No
TXN-0000192,2024-12-23,18619.0,Moda,175865.0,PSE,Sitio web,Android,Bogotá,4.0,5,No
TXN-0006497,2024-03-18,13163.0,Hogar,80556.0,PSE,Sitio web,Android,Bogotá,4.0,5,No
TXN-0001489,2023-04-08,,Belleza,24827.0,Tarjeta crédito,App móvil,Android,Cali,3.0,5,No
TXN-0000080,2022-11-01,58685.0,Deportes,76800.0,Contraentrega,App móvil,Android,MANIZALES,3.0,5,No
TXN-0000559,2022-09-29,56135.0,Libros,53777.0,PSE,Sitio web,Android,Cartagena,4.0,5,No
TXN-0003336,2024-12-24,25931.0,Mascotas,120419.0,Billetera digital,Sitio web,Android,Bogotá,1.0,5,No
TXN-0005252,2023-08-30,39999.0,Moda,101664.0,PSE,App móvil,Android,Bogotá,6.0,5,No
TXN-0005873,2022-05-18,29277.0,Deportes,116792.0,PSE,App móvil,,Cartagena,1.0,5,No
TXN-0007232,2024-04-18,49341.0,Deportes,239739.0,Tarjeta crédito,App móvil,iOS,Cúcuta,5.0,5,No
TXN-0001318,2023-12-11,23090.0,Hogar,128668.0,Billetera digital,App móvil,Android,Cali,1.0,5,No
TXN-0005143,2023-01-11,35918.0,Moda,140974.0,Tarjeta débito,App móvil,Android,MEDELLÍN,7.0,5,No
TXN-0002230,2024-02-02,29884.0,Electrónica,643480.0,PSE,App móvil,Android,Cali,4.0,5,No
TXN-0007297,2024-08-30,10655.0,Moda,139219.0,PSE,Sitio web,Android,Bogotá,5.0,5,No
TXN-0001904,,44372.0,Electrónica,562849.0,Tarjeta crédito,App móvil,,Cúcuta,3.0,5,No
TXN-0001779,2022-10-29,57302.0,Belleza,30070.0,Tarjeta crédito,App móvil,Desktop,Bogotá,4.0,5,No
TXN-0004965,2022-05-11,41565.0,Electrónica,213480.0,PSE,App móvil,Desktop,BARRANQUILLA,5.0,5,No
TXN-0005384,,55882.0,MODA,115614.0,Tarjeta crédito,Sitio web,Android,Cali,1.0,5,No
TXN-0002352,,42011.0,Electrónica,280903.0,Contraentrega,App móvil,Desktop,Barranquilla,5.0,5,No
TXN-0002067,2023-01-21,28163.0,Moda,105732.0,Tarjeta crédito,App móvil,Desktop,Medellín,6.0,5,No
TXN-0007832,2022-12-30,29969.0,Electrónica,382433.0,Tarjeta crédito,App móvil,Android,Pereira,3.0,5,Sí
TXN-0005243,2024-11-27,39547.0,Hogar,67737.0,Contraentrega,Sitio web,Android,Bogotá,1.0,5,Sí
TXN-0005166,2023-06-09,21900.0,Moda,116786.0,Billetera digital,App móvil,iOS,Medellín,6.0,5,No
TXN-0003286,2024-09-17,,ELECTRÓNICA,804546.0,Tarjeta débito,App móvil,Android,Cartagena,1.0,5,No
TXN-0006691,2024-09-03,13353.0,Deportes,144312.0,PSE,App móvil,Android,Medellín,2.0,5,No
TXN-0004488,2024-09-06,47093.0,Moda,131201.0,Billetera digital,Sitio web,Android,Bogotá,2.0,5,No
TXN-0000973,2022-11-13,33184.0,Tecnología,545646.0,Tarjeta crédito,Sitio web,Desktop,Ibagué,3.0,5,No
TXN-0000657,2022-09-25,18152.0,Electrónica,5000.0,PSE,Sitio web,iOS,Bucaramanga,3.0,5,No
TXN-0000084,2022-10-13,38965.0,Libros,69636.0,Tarjeta crédito,App móvil,iOS,IBAGUÉ,5.0,5,No
TXN-0001386,2022-01-25,50270.0,Moda,140678.0,Billetera digital,App móvil,iOS,Barranquilla,9.0,3,No
TXN-0007760,2023-11-26,46217.0,Alimentos,76137.0,Billetera digital,App móvil,Desktop,Bogotá,6.0,5,No
TXN-0005799,2023-07-18,35192.0,Electrónica,993259.0,Billetera digital,App móvil,Desktop,Bucaramanga,2.0,5,No
TXN-0000074,2024-07-17,11857.0,Alimentos,37602.0,Tarjeta crédito,Sitio web,Android,Medellín,7.0,5,No
TXN-0007250,2022-04-29,58642.0,Moda,62093.0,Tarjeta crédito,App móvil,iOS,CALI,3.0,5,No
TXN-0002063,2022-07-12,43284.0,Tecnología,572807.0,Contraentrega,App móvil,Android,Bogotá,1.0,5,No
TXN-0003466,2022-05-21,40079.0,Mascotas,114827.0,Tarjeta crédito,App móvil,Android,Medellín,2.0,5,No
TXN-0000083,2024-10-26,10103.0,Electrónica,366721.0,PSE,App móvil,,Barranquilla,5.0,5,No
TXN-0000859,2023-01-23,57085.0,Electrónica,707669.0,PSE,App móvil,iOS,Cali,6.0,5,No
TXN-0007222,2023-07-14,15018.0,Moda,181314.0,Contraentrega,App móvil,Android,Medellín,2.0,5,Sí
TXN-0002201,2024-03-22,54715.0,Tecnología,963379.0,Tarjeta crédito,Sitio web,Android,Bogotá,7.0,5,No
TXN-0005918,2022-08-23,38199.0,Belleza,70695.0,Tarjeta crédito,App móvil,Android,Cali,4.0,5,No
TXN-0006695,2022-01-25,28266.0,Belleza,79427.0,Tarjeta débito,App móvil,Android,Medellín,3.0,5,No
TXN-0001716,2024-01-10,38207.0,Libros,25979.0,Tarjeta crédito,App móvil,iOS,Bogotá,6.0,5,Sí
TXN-0005343,2024-01-04,34462.0,Moda,131199.0,Contraentrega,App móvil,iOS,Ibagué,7.0,5,No
TXN-0005504,2023-03-20,44669.0,Electrónica,453277.0,PSE,Sitio web,Android,Pereira,4.0,5,No
TXN-0005060,2023-04-02,45394.0,Hogar,236999.0,Tarjeta crédito,Sitio web,Desktop,Bucaramanga,8.0,4,No
TXN-0002112,,47122.0,Mascotas,43746.0,Tarjeta crédito,App móvil,Android,Bucaramanga,7.0,5,No
TXN-0006186,2024-05-23,46236.0,Electrónica,743183.0,Tarjeta débito,App móvil,Android,Bogotá,9.0,5,No
TXN-0000574,2022-11-13,18593.0,Juguetes,55174.0,Contraentrega,App móvil,Android,Bogotá,5.0,5,No
TXN-0007268,2022-11-06,34581.0,Electrónica,834131.0,Tarjeta crédito,App móvil,Android,MANIZALES,6.0,5,No
TXN-0000447,,14387.0,Belleza,29174.0,Contraentrega,App móvil,Android,Cali,2.0,5,No
TXN-0002947,2023-02-22,10313.0,Deportes,153268.0,Billetera digital,Sitio web,iOS,Bogotá,2.0,5,No
TXN-0005619,2022-10-12,33537.0,Belleza,102665.0,PSE,Sitio web,Desktop,Pereira,3.0,5,No
TXN-0007880,2024-02-05,50295.0,Moda,132211.0,Tarjeta crédito,Sitio web,Android,Medellín,7.0,5,No
TXN-0001041,2024-11-24,,Hogar,242393.0,PSE,App móvil,Android,Ibagué,3.0,5,No
TXN-0005820,2023-06-14,41194.0,Moda,166063.0,Tarjeta débito,App móvil,Android,Manizales,4.0,5,No
TXN-0005862,2024-06-14,23552.0,Tecnología,611571.0,Tarjeta crédito,App móvil,Android,Barranquilla,5.0,5,No
TXN-0002933,2022-03-24,33904.0,Juguetes,64912.0,Tarjeta débito,App móvil,Android,Ibagué,1.0,5,No
TXN-0004513,2022-09-18,47861.0,Juguetes,29896.0,Tarjeta crédito,App móvil,Android,Cúcuta,3.0,5,No
TXN-0002115,2022-04-17,34186.0,Deportes,161391.0,PSE,Sitio web,iOS,Ibagué,4.0,5,No
TXN-0003841,2023-03-14,21723.0,Alimentos,33509.0,Tarjeta débito,Sitio web,Android,Bogotá,3.0,5,No
TXN-0002762,2024-08-08,50847.0,Alimentos,29594.0,Tarjeta crédito,Sitio web,Android,Cali,2.0,5,No
TXN-0003986,2023-04-20,47737.0,Belleza,63550.0,Billetera digital,App móvil,Android,Cali,3.0,5,No
,2023-02-20,39009.0,Moda,94266.0,Tarjeta débito,App móvil,iOS,Pereira,7.0,5,No
TXN-0000891,2022-05-24,12075.0,Juguetes,95675.0,Contraentrega,App móvil,Android,Pereira,5.0,5,No
TXN-0007228,2024-04-21,27994.0,Deportes,116391.0,Tarjeta crédito,App móvil,Android,Cali,3.0,5,No
TXN-0000283,2023-01-28,18373.0,Belleza,137801.0,Tarjeta crédito,App móvil,Android,Pereira,5.0,5,No
TXN-0006425,2023-10-08,46470.0,Belleza,59606.0,Tarjeta débito,App móvil,Desktop,Cali,1.0,5,No
TXN-0007736,2022-05-21,21404.0,Libros,63786.0,Tarjeta crédito,Sitio web,Desktop,Cali,5.0,5,No
TXN-0007814,2022-05-04,37440.0,Juguetes,57103.0,PSE,App móvil,Desktop,Cartagena,4.0,5,No
TXN-0005285,2022-01-24,27104.0,Hogar,279946.0,Tarjeta crédito,Sitio web,iOS,Medellín,3.0,5,No
TXN-0007351,2022-06-11,44685.0,Hogar,235290.0,PSE,App móvil,Android,Medellín,4.0,5,No
TXN-0001480,2024-11-11,34520.0,Alimentos,43414.0,PSE,App móvil,Android,Pereira,1.0,5,No
TXN-0003277,2023-12-04,49380.0,Deportes,201640.0,Contraentrega,App móvil,Android,BOGOTÁ,5.0,5,No
TXN-0006366,2023-01-08,19700.0,Alimentos,60665.0,Tarjeta débito,App móvil,Android,Ibagué,3.0,5,No
TXN-0007841,2024-09-17,42192.0,Hogar,152954.0,PSE,App móvil,iOS,Bogotá,6.0,5,No
TXN-0001518,2023-08-03,,Deportes,103379.0,Contraentrega,App móvil,iOS,Bogotá,5.0,5,No
TXN-0007312,2023-03-18,36875.0,Moda,149233.0,Billetera digital,App móvil,iOS,Bogotá,2.0,5,No
TXN-0007699,2022-06-15,39824.0,Deportes,207505.0,Tarjeta crédito,App móvil,,Cali,6.0,5,No
TXN-0004380,2022-02-08,17479.0,Belleza,88186.0,Contraentrega,App móvil,Android,Medellín,4.0,5,No
TXN-0005730,2024-06-28,44203.0,Mascotas,93779.0,PSE,Sitio web,Desktop,Cartagena,5.0,5,No
TXN-0007117,2022-06-23,21242.0,Belleza,97365.0,Billetera digital,App móvil,Desktop,Bogotá,2.0,5,Sí
TXN-0001886,2022-01-25,56724.0,Deportes,113355.0,PSE,App móvil,Android,Bogotá,5.0,5,No
TXN-0007768,2022-12-12,23704.0,Belleza,114834.0,Billetera digital,Sitio web,Desktop,Barranquilla,7.0,5,No
TXN-0000441,2023-12-16,54799.0,Alimentos,26086.0,Tarjeta débito,Sitio web,iOS,Bogotá,5.0,5,No
,2022-10-15,27071.0,Hogar,144097.0,PSE,App móvil,Android,Barranquilla,8.0,4,No
TXN-0007118,2022-06-15,47750.0,Moda,162459.0,Contraentrega,Sitio web,iOS,Barranquilla,1.0,5,No
TXN-0002058,2023-07-02,49940.0,Moda,109002.0,Tarjeta débito,Sitio web,iOS,Bogotá,3.0,5,No
TXN-0003411,2023-08-10,13631.0,Moda,219838.0,Tarjeta crédito,App móvil,Android,Cartagena,3.0,5,No
TXN-0006473,2022-10-28,30266.0,Belleza,66015.0,Tarjeta crédito,Sitio web,iOS,Cartagena,7.0,5,No
TXN-0002799,2022-08-03,21520.0,ELECTRÓNICA,431277.0,PSE,App móvil,Android,Cali,9.0,5,No
TXN-0006547,2022-02-12,45040.0,Electrónica,469670.0,Tarjeta débito,App móvil,Android,Cúcuta,5.0,5,No
TXN-0001781,2022-11-26,37967.0,Moda,172801.0,Tarjeta crédito,App móvil,Android,Bogotá,6.0,5,No
TXN-0006462,2023-08-17,47925.0,Electrónica,632704.0,PSE,App móvil,Android,Ibagué,4.0,5,No
TXN-0005565,2023-03-04,24149.0,Mascotas,95852.0,PSE,App móvil,Android,Bogotá,4.0,5,No
TXN-0003409,2023-04-19,41325.0,Deportes,43067.0,Contraentrega,Sitio web,iOS,Bogotá,5.0,5,No
TXN-0006196,2024-02-20,14744.0,Libros,39658.0,PSE,App móvil,iOS,Cartagena,4.0,5,No
TXN-0007304,2024-08-14,37488.0,Electrónica,562345.0,Contraentrega,Sitio web,Desktop,Barranquilla,7.0,5,No
TXN-0004860,2022-04-02,29170.0,Hogar,116410.0,PSE,Sitio web,Android,Medellín,5.0,5,No
TXN-0000336,,57326.0,BELLEZA,161946.0,Tarjeta crédito,App móvil,iOS,Cartagena,5.0,5,No
TXN-0004702,2024-12-02,44989.0,Hogar,41628.0,PSE,Sitio web,Android,Bogotá,9.0,4,No
TXN-0002704,2022-01-24,17903.0,Juguetes,98083.0,Tarjeta crédito,Sitio web,iOS,Bogotá,3.0,5,No
TXN-0003952,2022-10-13,41926.0,Juguetes,119824.0,Tarjeta crédito,App móvil,Desktop,Bogotá,7.0,5,No
TXN-0002688,2022-11-29,26724.0,Belleza,72599.0,Tarjeta crédito,Sitio web,Android,Cali,7.0,5,No
TXN-0004689,2022-05-29,35455.0,Belleza,93044.0,PSE,App móvil,iOS,Manizales,7.0,5,No
TXN-0001801,2023-05-16,15269.0,Moda,167025.0,Tarjeta crédito,App móvil,iOS,Bogotá,3.0,5,No
TXN-0006505,2024-09-10,35396.0,Alimentos,30669.0,Tarjeta débito,App móvil,Desktop,Bogotá,7.0,5,No
,2024-06-20,34252.0,Belleza,67435.0,Contraentrega,App móvil,iOS,Barranquilla,3.0,5,No
TXN-0005700,2024-09-20,43118.0,Libros,52055.0,Tarjeta crédito,App móvil,Desktop,Bogotá,6.0,5,No
TXN-0003350,2022-07-27,39834.0,Deportes,55729.0,PSE,App móvil,Desktop,Medellín,4.0,5,No
TXN-0000370,2022-11-03,24441.0,Libros,35574.0,Tarjeta crédito,App móvil,iOS,Medellín,5.0,5,No
TXN-0000312,2023-08-17,35495.0,Mascotas,88814.0,Contraentrega,App móvil,Desktop,Bogotá,2.0,5,No
TXN-0007628,2024-08-06,55378.0,Mascotas,54375.0,Tarjeta débito,App móvil,iOS,Cali,6.0,5,No
TXN-0005217,2022-01-06,25707.0,Juguetes,64798.0,PSE,App móvil,iOS,Pereira,1.0,5,No
TXN-0001640,2023-11-03,20020.0,Tecnología,1039211.0,Tarjeta débito,App móvil,Android,Bogotá,1.0,5,No
TXN-0004956,2022-07-07,43524.0,Electrónica,717842.0,Tarjeta débito,Sitio web,,Cartagena,2.0,5,No
TXN-0006771,2023-01-15,41883.0,MODA,87980.0,Contraentrega,App móvil,iOS,Pereira,5.0,5,No
TXN-0001672,2023-11-05,48500.0,Belleza,40659.0,Billetera digital,Sitio web,Android,Cúcuta,4.0,5,No
TXN-0001176,2022-06-28,41740.0,Alimentos,54019.0,Tarjeta débito,App móvil,Android,Barranquilla,4.0,5,No
TXN-0007179,2024-03-25,33113.0,Deportes,209246.0,Tarjeta crédito,Sitio web,Desktop,Cali,5.0,5,No
TXN-0004745,2024-11-18,42180.0,Tecnología,893479.0,PSE,App móvil,iOS,Bogotá,4.0,5,No
TXN-0005406,2022-08-04,22681.0,Mascotas,61540.0,Billetera digital,Sitio web,Desktop,Bucaramanga,3.0,5,No
TXN-0006715,2022-02-05,53117.0,Deportes,90659.0,Tarjeta crédito,App móvil,iOS,Pereira,6.0,5,No
TXN-0004920,2024-05-24,33176.0,Alimentos,44798.0,Contraentrega,App móvil,Desktop,Bogotá,3.0,5,No
TXN-0003681,2023-05-27,55344.0,Libros,77351.0,Tarjeta crédito,Sitio web,Desktop,Ibagué,6.0,5,No
TXN-0003121,2023-02-16,49560.0,Moda,98256.0,Tarjeta crédito,App móvil,iOS,Bogotá,6.0,5,No
TXN-0006305,2024-06-20,10952.0,Mascotas,71665.0,Tarjeta débito,App móvil,Android,Bogotá,7.0,5,No
,2022-04-12,58863.0,Deportes,165419.0,Tarjeta débito,Sitio web,iOS,Cali,6.0,5,No
TXN-0000194,2022-08-26,13363.0,Libros,66835.0,Tarjeta crédito,App móvil,Desktop,Manizales,2.0,5,No
TXN-0002619,2023-02-01,16067.0,Mascotas,84646.0,Billetera digital,App móvil,Android,Barranquilla,4.0,5,No
TXN-0006178,2022-07-03,32799.0,Libros,49696.0,Tarjeta crédito,App móvil,Android,Bucaramanga,4.0,5,No
TXN-0007881,2022-10-17,53624.0,Belleza,69287.0,Tarjeta crédito,App móvil,Android,Bogotá,6.0,5,No
TXN-0003329,2023-12-03,52833.0,Electrónica,452911.0,Contraentrega,App móvil,Android,Medellín,3.0,5,No
TXN-0003556,,55546.0,Deportes,166263.0,PSE,App móvil,Android,Bogotá,1.0,5,No
TXN-0002973,2022-11-21,30106.0,Alimentos,21626.0,Tarjeta débito,App móvil,Desktop,Bucaramanga,7.0,5,No
TXN-0007612,2022-10-29,34072.0,Tecnología,966749.0,Tarjeta débito,App móvil,iOS,Pereira,3.0,5,No
TXN-0003971,2022-01-19,19551.0,Moda,113510.0,Tarjeta crédito,Sitio web,Desktop,Bogotá,4.0,5,No
TXN-0000320,2023-09-21,34253.0,Juguetes,147511.0,Billetera digital,App móvil,Desktop,Cartagena,4.0,5,No
TXN-0002564,2022-03-22,16476.0,Juguetes,119717.0,Tarjeta débito,App móvil,Android,Barranquilla,1.0,5,No
TXN-0000505,2023-03-02,49911.0,Moda,139549.0,PSE,App móvil,iOS,Bogotá,5.0,5,No
TXN-0006083,,57479.0,Libros,51478.0,Tarjeta crédito,Sitio web,Desktop,Medellín,3.0,5,No
TXN-0004172,2022-01-14,11563.0,Belleza,63094.0,Tarjeta crédito,App móvil,Desktop,Bogotá,3.0,5,No
TXN-0005556,2022-03-18,38045.0,Hogar,309561.0,Tarjeta débito,Sitio web,Android,Bucaramanga,5.0,5,No
TXN-0006882,2022-04-19,,Moda,122551.0,Tarjeta débito,App móvil,Desktop,Bogotá,3.0,5,No
TXN-0004258,2024-06-28,26086.0,Hogar,197784.0,Tarjeta crédito,Sitio web,Android,Bogotá,5.0,5,No
TXN-0005955,2022-05-07,52283.0,Alimentos,32150.0,Contraentrega,App móvil,Android,Manizales,6.0,5,No
TXN-0006344,2024-05-23,24877.0,Hogar,65730.0,Tarjeta crédito,Sitio web,Android,Cali,4.0,5,No
TXN-0007665,2024-08-03,55032.0,Hogar,333485.0,PSE,Sitio web,iOS,Bucaramanga,3.0,5,No
TXN-0000356,2022-10-31,38565.0,Deportes,131104.0,Tarjeta crédito,App móvil,Android,Cali,4.0,5,No
TXN-0005658,2023-11-14,38252.0,Mascotas,73988.0,Tarjeta débito,App móvil,iOS,Bogotá,1.0,5,No
TXN-0003830,2022-11-16,41820.0,Electrónica,483930.0,Tarjeta crédito,Sitio web,Android,Bogotá,1.0,5,No
TXN-0001077,2023-02-14,10739.0,Tecnología,689968.0,Tarjeta crédito,Sitio web,Android,Barranquilla,5.0,5,Sí
TXN-0006706,2023-04-15,25253.0,Moda,178604.0,Contraentrega,App móvil,iOS,Medellín,6.0,5,No
TXN-0006960,2024-04-28,14908.0,ELECTRÓNICA,1077922.0,Tarjeta crédito,App móvil,Android,Bogotá,4.0,5,No
TXN-0007172,2024-01-04,32809.0,Juguetes,119965.0,Tarjeta débito,Sitio web,Android,Medellín,4.0,5,No
TXN-0005770,2023-03-31,52691.0,Moda,164092.0,Tarjeta débito,Sitio web,iOS,Cali,4.0,5,No
TXN-0001222,2023-02-20,26779.0,Belleza,117747.0,Contraentrega,App móvil,iOS,Bogotá,3.0,5,No
TXN-0000488,2023-06-20,59228.0,Electrónica,703996.0,Contraentrega,App móvil,Android,Cali,6.0,5,No
TXN-0005575,2022-08-01,31065.0,Moda,114117.0,Tarjeta crédito,App móvil,iOS,BOGOTÁ,5.0,5,No
TXN-0003194,2023-04-30,33792.0,Moda,101911.0,PSE,App móvil,iOS,Bogotá,5.0,5,No
TXN-0006819,2022-10-02,13688.0,Mascotas,77964.0,Tarjeta débito,App móvil,Desktop,Cali,1.0,5,No
TXN-0006219,2022-10-05,46361.0,Mascotas,86999.0,Tarjeta crédito,Sitio web,Android,Bogotá,6.0,5,No
TXN-0005529,2022-07-06,11188.0,Tecnología,806200.0,Tarjeta débito,Sitio web,Android,Medellín,2.0,5,No
TXN-0000330,2024-10-22,59719.0,Moda,127465.0,Contraentrega,Sitio web,Desktop,Cartagena,5.0,5,No
TXN-0000824,2023-05-20,13937.0,Electrónica,640656.0,Contraentrega,Sitio web,Android,Pereira,3.0,5,No
TXN-0006951,2023-09-18,40755.0,Mascotas,66396.0,Tarjeta crédito,App móvil,Android,Cúcuta,3.0,5,No
TXN-0006555,2022-06-01,36461.0,HOGAR,32176.0,Tarjeta crédito,Sitio web,Android,Ibagué,3.0,5,No
TXN-0000773,2024-11-04,55397.0,Belleza,113758.0,PSE,Sitio web,Desktop,MEDELLÍN,3.0,5,No
,2024-06-23,54492.0,Alimentos,25499.0,PSE,App móvil,Desktop,Bogotá,6.0,5,No
TXN-0007703,2022-04-23,23567.0,Alimentos,40161.0,Tarjeta crédito,App móvil,Android,Cali,8.0,4,No
TXN-0000617,2022-11-14,48805.0,Hogar,214473.0,Tarjeta crédito,App móvil,Android,Bucaramanga,5.0,5,No
TXN-0001108,2022-10-20,32135.0,Deportes,117327.0,Tarjeta crédito,App móvil,Desktop,Cartagena,7.0,5,No
TXN-0003241,2023-07-14,26637.0,Belleza,50045.0,Contraentrega,App móvil,Desktop,Pereira,6.0,5,No
TXN-0000354,2023-02-05,31178.0,Alimentos,66935.0,Tarjeta crédito,Sitio web,Android,Cali,1.0,5,No
TXN-0000679,2023-11-02,31098.0,Belleza,60517.0,Tarjeta crédito,App móvil,Android,Medellín,2.0,5,No
TXN-0006855,2024-08-23,41694.0,Libros,28330.0,PSE,App móvil,Android,Pereira,1.0,5,No
TXN-0000876,2024-03-16,35589.0,Belleza,111445.0,PSE,Sitio web,Android,Bogotá,5.0,5,No
TXN-0004766,2022-06-11,18802.0,Mascotas,58688.0,Contraentrega,Sitio web,,Bucaramanga,5.0,5,No
TXN-0006105,2024-05-16,16568.0,Electrónica,1059006.0,Tarjeta débito,Sitio web,iOS,Bogotá,4.0,5,No
TXN-0001956,2024-04-02,23793.0,Hogar,212016.0,PSE,App móvil,,Barranquilla,2.0,5,No
TXN-0004077,2024-05-30,38004.0,Deportes,100598.0,PSE,App móvil,iOS,Medellín,6.0,5,No
TXN-0004497,2024-02-12,42836.0,Tecnología,372013.0,Contraentrega,App móvil,Android,Bucaramanga,2.0,5,No
,2023-04-14,46261.0,Moda,136591.0,Tarjeta crédito,App móvil,Android,Cali,3.0,5,No
TXN-0004710,2022-05-21,50199.0,Belleza,68543.0,PSE,App móvil,iOS,Medellín,4.0,5,No
TXN-0001814,2022-07-29,50408.0,MODA,102374.0,Tarjeta crédito,Sitio web,Desktop,Cartagena,6.0,5,No
TXN-0004498,2024-06-08,34238.0,Juguetes,94695.0,Tarjeta crédito,App móvil,Android,Ibagué,7.0,5,No
TXN-0004401,2024-09-25,56641.0,BELLEZA,126303.0,Tarjeta débito,App móvil,Android,BOGOTÁ,4.0,5,No
TXN-0004601,2023-07-16,37787.0,Electrónica,861803.0,Tarjeta crédito,Sitio web,iOS,Pereira,6.0,5,No
,2023-02-05,31072.0,MASCOTAS,103914.0,Tarjeta débito,App móvil,iOS,Cúcuta,3.0,5,No
TXN-0004342,2024-11-19,20139.0,Moda,152251.0,PSE,App móvil,Android,Medellín,6.0,5,No
TXN-0003295,2022-11-03,19505.0,Deportes,120411.0,PSE,Sitio web,Android,Medellín,4.0,5,No
TXN-0001636,2023-06-26,18808.0,Moda,100528.0,Tarjeta crédito,Sitio web,Android,PEREIRA,6.0,5,No
TXN-0003724,2023-01-14,34709.0,Alimentos,77223.0,Contraentrega,App móvil,Desktop,Bogotá,3.0,5,No
TXN-0006791,2022-06-21,43570.0,Electrónica,5000.0,Tarjeta débito,Sitio web,Android,Cali,9.0,5,No
TXN-0000375,2023-05-04,43266.0,Alimentos,25209.0,Contraentrega,App móvil,Android,Manizales,2.0,5,No
TXN-0004216,2023-10-02,25788.0,Moda,130139.0,Tarjeta crédito,App móvil,Android,BOGOTÁ,8.0,3,No
TXN-0000041,2023-05-15,33302.0,Alimentos,58136.0,PSE,App móvil,Android,Bucaramanga,3.0,5,No
TXN-0005767,2023-12-14,10988.0,MODA,80744.0,Contraentrega,Sitio web,iOS,Bogotá,5.0,5,No
TXN-0000664,2023-08-30,57977.0,Moda,89632.0,Tarjeta débito,App móvil,Android,Pereira,3.0,5,No
TXN-0004203,2022-12-05,56853.0,Moda,115422.0,Tarjeta débito,App móvil,Android,Bogotá,3.0,5,No
TXN-0000647,2022-02-02,,Deportes,154213.0,Tarjeta crédito,App móvil,Desktop,Medellín,5.0,5,No
TXN-0002579,2023-02-17,20451.0,Juguetes,85673.0,PSE,Sitio web,Android,Barranquilla,4.0,5,No
TXN-0001436,2022-05-29,25321.0,Moda,37958.0,Tarjeta crédito,Sitio web,Android,Cartagena,6.0,5,No
TXN-0003796,2023-03-28,49478.0,Tecnología,1246997.0,Tarjeta crédito,App móvil,Android,Pereira,7.0,5,No
TXN-0002795,2022-01-28,18977.0,Electrónica,828138.0,Tarjeta débito,Sitio web,iOS,Bogotá,4.0,5,No
TXN-0002066,2023-06-13,27798.0,Hogar,160299.0,Tarjeta crédito,App móvil,Desktop,Bogotá,2.0,5,No
TXN-0004852,2024-04-08,52805.0,Moda,94163.0,Tarjeta crédito,Sitio web,Android,Bogotá,1.0,5,No
TXN-0003370,2022-11-01,59175.0,Electrónica,739108.0,Tarjeta crédito,App móvil,Desktop,Bogotá,10.0,3,No
TXN-0004651,2023-07-06,43402.0,Hogar,62852.0,Tarjeta crédito,Sitio web,iOS,Bogotá,5.0,5,No
TXN-0002951,2023-10-03,36532.0,Deportes,88269.0,Tarjeta crédito,App móvil,Android,Cali,5.0,5,No
TXN-0007518,2023-08-24,32944.0,Deportes,260171.0,Tarjeta débito,App móvil,Android,Cartagena,7.0,5,No
TXN-0002028,2022-05-05,31786.0,Belleza,84829.0,Tarjeta débito,Sitio web,Android,Bogotá,8.0,3,No
TXN-0000803,2022-02-21,55803.0,Mascotas,94349.0,Tarjeta crédito,App móvil,Android,Manizales,6.0,5,No
TXN-0005871,2023-08-29,34623.0,Juguetes,80615.0,Contraentrega,Sitio web,iOS,Bucaramanga,6.0,5,No
TXN-0001388,2022-10-18,28984.0,Tecnología,930152.0,Tarjeta débito,App móvil,Android,Medellín,2.0,5,No
TXN-0000395,2024-05-06,41849.0,Moda,45912.0,PSE,App móvil,Desktop,Cartagena,6.0,5,No
TXN-0007160,2024-03-15,20848.0,Tecnología,508134.0,Contraentrega,Sitio web,iOS,Medellín,6.0,5,No
TXN-0000379,2023-03-26,44878.0,Alimentos,53195.0,Tarjeta crédito,App móvil,Android,Bogotá,2.0,5,No
TXN-0003270,2023-04-16,53522.0,Belleza,42248.0,Tarjeta crédito,Sitio web,Android,Medellín,5.0,5,No
TXN-0007653,2022-10-17,33127.0,Moda,91968.0,Contraentrega,App móvil,iOS,Cali,5.0,5,No
TXN-0000606,2022-02-07,32371.0,Alimentos,42096.0,PSE,Sitio web,iOS,Bogotá,3.0,5,No
TXN-0001515,2022-02-03,16537.0,HOGAR,118640.0,Tarjeta crédito,App móvil,iOS,Cali,3.0,5,No
TXN-0000290,,30581.0,Deportes,172629.0,PSE,App móvil,Android,Medellín,5.0,5,No
TXN-0001272,2024-05-04,54760.0,Juguetes,104688.0,Tarjeta crédito,App móvil,iOS,Ibagué,4.0,5,No
TXN-0002615,2022-09-15,30157.0,Electrónica,683696.0,Billetera digital,App móvil,Desktop,Manizales,6.0,5,No
TXN-0003028,2023-09-28,59824.0,Juguetes,74291.0,Tarjeta débito,Sitio web,Desktop,Medellín,2.0,5,No
TXN-0006274,2024-06-06,57095.0,Belleza,72560.0,Contraentrega,App móvil,iOS,Cartagena,4.0,5,No
,2023-08-12,,Hogar,168719.0,Tarjeta débito,Sitio web,Android,Bogotá,4.0,5,No
TXN-0004143,2023-02-04,58741.0,Deportes,218386.0,Tarjeta débito,Sitio web,Desktop,Medellín,3.0,5,No
TXN-0007541,2022-06-15,55974.0,Moda,59525.0,Tarjeta crédito,App móvil,iOS,Bogotá,3.0,5,No
TXN-0000298,2022-01-23,20351.0,Electrónica,320045.0,Tarjeta débito,Sitio web,Desktop,Manizales,3.0,5,No
TXN-0001918,2022-07-03,23750.0,Moda,139257.0,Contraentrega,Sitio web,Android,Cúcuta,2.0,5,No
TXN-0007952,2022-01-26,45902.0,Hogar,343568.0,Contraentrega,App móvil,Android,Cartagena,1.0,5,No
TXN-0002974,2024-01-03,13601.0,Belleza,68653.0,Tarjeta crédito,App móvil,iOS,Medellín,2.0,5,No
TXN-0005803,2023-01-02,14013.0,Electrónica,396193.0,Tarjeta crédito,App móvil,Android,Medellín,5.0,5,No
TXN-0001382,2023-04-15,23261.0,Hogar,340827.0,Tarjeta débito,App móvil,Android,Medellín,1.0,5,No
TXN-0007972,2024-05-29,37628.0,Mascotas,66029.0,PSE,App móvil,iOS,Ibagué,5.0,5,No
TXN-0004800,,22126.0,Hogar,223664.0,Contraentrega,App móvil,iOS,Medellín,6.0,5,No
TXN-0007627,2024-12-15,23776.0,Belleza,91115.0,PSE,App móvil,Android,Cali,4.0,5,No
TXN-0006327,2024-02-08,24981.0,Juguetes,149146.0,Tarjeta crédito,App móvil,Android,Medellín,1.0,5,No
TXN-0001550,2024-12-25,39329.0,Juguetes,103996.0,Tarjeta crédito,Sitio web,Android,Manizales,5.0,5,No
TXN-0002678,2022-10-17,27604.0,Juguetes,112847.0,Tarjeta crédito,App móvil,iOS,Cúcuta,6.0,5,No
TXN-0006238,2022-05-18,42642.0,Electrónica,413661.0,Tarjeta débito,Sitio web,Desktop,Medellín,3.0,5,No
TXN-0002773,2023-08-29,59981.0,Moda,158284.0,Tarjeta crédito,App móvil,Android,Bogotá,2.0,5,No
TXN-0000483,2023-02-17,46849.0,Electrónica,736606.0,Billetera digital,App móvil,Android,Barranquilla,6.0,5,No
TXN-0003010,2024-06-06,32980.0,Electrónica,642969.0,Tarjeta crédito,App móvil,Android,Cartagena,1.0,5,No
TXN-0003687,2022-04-18,39031.0,Alimentos,35095.0,Tarjeta crédito,App móvil,,Cali,6.0,5,No
TXN-0007677,2022-01-29,29077.0,Hogar,161324.0,PSE,Sitio web,Android,Bogotá,3.0,5,No
TXN-0006080,2023-01-18,29803.0,Electrónica,869495.0,Contraentrega,App móvil,iOS,Medellín,1.0,5,No
TXN-0004373,,37098.0,Tecnología,1129680.0,Tarjeta débito,App móvil,iOS,Bucaramanga,4.0,5,No
TXN-0006132,2022-07-18,50847.0,Belleza,178490.0,Contraentrega,Sitio web,iOS,Barranquilla,3.0,5,No
TXN-0001008,2022-07-23,35430.0,Deportes,205002.0,Contraentrega,Sitio web,Desktop,Cali,4.0,5,No
TXN-0002603,2022-10-13,35744.0,Electrónica,502981.0,Billetera digital,App móvil,Desktop,Cali,2.0,5,No
TXN-0005007,2024-12-31,50462.0,Hogar,314479.0,Tarjeta crédito,App móvil,iOS,Pereira,6.0,5,No
TXN-0005888,2023-06-17,59385.0,Moda,130050.0,Tarjeta crédito,App móvil,Android,Pereira,5.0,5,No
TXN-0002686,2022-10-07,43982.0,Alimentos,52413.0,Billetera digital,App móvil,iOS,Medellín,3.0,5,No
TXN-0006148,2024-03-20,31345.0,Electrónica,142644.0,PSE,App móvil,Android,Cali,3.0,5,No
TXN-0007363,2022-06-07,46740.0,Deportes,227349.0,Tarjeta débito,Sitio web,Desktop,Bogotá,5.0,5,No
TXN-0001798,2024-12-25,46871.0,Moda,90187.0,Tarjeta crédito,App móvil,Desktop,Ibagué,3.0,5,No
TXN-0004321,2024-09-18,27120.0,Belleza,37849.0,Tarjeta crédito,App móvil,Android,Cartagena,3.0,5,No
TXN-0001368,2022-05-09,59812.0,Moda,77490.0,PSE,Sitio web,Android,BOGOTÁ,3.0,5,No
TXN-0002921,2023-07-21,22528.0,LIBROS,62960.0,Tarjeta crédito,Sitio web,Android,MEDELLÍN,4.0,5,No
TXN-0006172,2022-01-06,27790.0,Belleza,23731.0,PSE,Sitio web,Android,Medellín,5.0,5,No
TXN-0007616,2022-05-25,34647.0,Tecnología,901027.0,Tarjeta crédito,App móvil,Android,Cali,7.0,5,No
TXN-0001284,2024-05-17,39328.0,Moda,90833.0,Tarjeta crédito,Sitio web,iOS,Bucaramanga,1.0,5,No
TXN-0007545,2024-01-17,26408.0,Mascotas,87654.0,PSE,Sitio web,iOS,Cartagena,4.0,5,Sí
TXN-0002880,2023-03-13,59418.0,Electrónica,423830.0,Tarjeta crédito,App móvil,Desktop,MEDELLÍN,7.0,5,No
TXN-0003754,2022-10-14,31772.0,Hogar,144921.0,Contraentrega,App móvil,Android,Cartagena,4.0,5,No
TXN-0004178,2022-02-08,24009.0,Moda,175905.0,Tarjeta crédito,Sitio web,iOS,Medellín,7.0,5,No
TXN-0002899,2022-11-17,19957.0,Electrónica,436289.0,Billetera digital,App móvil,Android,Barranquilla,5.0,5,No
TXN-0002605,2022-05-19,34041.0,Alimentos,41091.0,PSE,App móvil,Android,Bogotá,6.0,5,No
TXN-0007161,2023-08-18,41395.0,MODA,100014.0,Tarjeta débito,Sitio web,Android,Medellín,7.0,5,No
TXN-0007289,2022-06-01,28906.0,Juguetes,36069.0,Tarjeta crédito,App móvil,iOS,Bucaramanga,5.0,5,No
TXN-0006915,2022-05-26,46471.0,Electrónica,597157.0,Tarjeta crédito,App móvil,Android,Bogotá,1.0,5,No
TXN-0005557,2024-11-15,26549.0,Juguetes,90242.0,PSE,App móvil,,Medellín,6.0,5,No
TXN-0000107,2022-01-09,15176.0,Libros,55971.0,Tarjeta débito,Sitio web,Android,Bogotá,4.0,5,No
TXN-0000599,2022-05-19,57458.0,Hogar,177032.0,Tarjeta crédito,App móvil,iOS,Barranquilla,5.0,5,No
TXN-0005998,2024-02-11,18716.0,Libros,92600.0,Tarjeta débito,App móvil,,Bogotá,4.0,5,No
TXN-0004163,2023-05-20,10675.0,Electrónica,595248.0,Contraentrega,App móvil,Android,Cartagena,7.0,5,No
TXN-0002474,2023-07-04,42245.0,Belleza,56469.0,Tarjeta crédito,App móvil,iOS,Ibagué,2.0,5,No
TXN-0005027,2022-07-04,,Moda,170648.0,Billetera digital,Sitio web,Desktop,Bogotá,6.0,5,No
TXN-0000360,,41875.0,Alimentos,64821.0,Tarjeta débito,App móvil,Android,Cúcuta,5.0,5,No
TXN-0002444,2024-03-22,43344.0,ALIMENTOS,59483.0,PSE,App móvil,,Bogotá,3.0,5,No
TXN-0003645,2024-11-18,38458.0,Juguetes,70885.0,PSE,Sitio web,Android,Medellín,5.0,5,No
TXN-0000170,2022-04-30,34576.0,Electrónica,367550.0,Contraentrega,App móvil,Desktop,Cali,4.0,5,No
TXN-0005320,2024-02-16,58287.0,Moda,109764.0,Tarjeta crédito,Sitio web,Desktop,Cartagena,4.0,5,No
TXN-0001870,2024-06-02,38348.0,Deportes,132183.0,Tarjeta débito,App móvil,iOS,Cali,5.0,5,No
TXN-0002266,2022-05-07,47183.0,Juguetes,86299.0,Tarjeta débito,App móvil,Desktop,Bogotá,6.0,5,No
TXN-0005289,2024-02-28,43902.0,Libros,42294.0,Contraentrega,App móvil,Desktop,Medellín,3.0,5,No
TXN-0003131,2022-11-12,11589.0,Deportes,162509.0,Tarjeta crédito,Sitio web,Android,Medellín,3.0,5,No
TXN-0002512,2022-04-20,51073.0,Hogar,292396.0,Billetera digital,App móvil,Android,Bucaramanga,4.0,5,No
TXN-0000867,2022-10-26,28774.0,Tecnología,574755.0,Contraentrega,App móvil,Android,Bogotá,2.0,5,No
TXN-0003925,2024-10-07,12107.0,Deportes,7443.0,Contraentrega,Sitio web,iOS,Cali,4.0,5,No
TXN-0006946,2022-07-09,16652.0,Belleza,119115.0,Tarjeta débito,App móvil,Android,Bogotá,5.0,5,No
TXN-0004438,2023-06-14,25315.0,Alimentos,64744.0,Tarjeta crédito,Sitio web,Android,Cali,1.0,5,No
,2024-01-06,39760.0,Moda,88805.0,Contraentrega,Sitio web,,Bogotá,2.0,5,No
TXN-0002244,2022-06-03,45548.0,Alimentos,32817.0,Tarjeta débito,App móvil,Android,CALI,1.0,5,Sí
TXN-0007323,2023-04-03,20805.0,Libros,25853.0,Tarjeta débito,Sitio web,iOS,Ibagué,4.0,5,No
TXN-0004387,2023-11-17,19948.0,Libros,65608.0,Tarjeta crédito,App móvil,Android,Bogotá,5.0,5,No
TXN-0004160,2024-02-21,33295.0,TECNOLOGÍA,547771.0,Tarjeta débito,App móvil,Desktop,Cali,5.0,5,No
TXN-0001643,2023-11-01,48426.0,ELECTRÓNICA,794730.0,Tarjeta crédito,App móvil,Android,Bucaramanga,3.0,5,No
TXN-0003790,2022-05-10,17812.0,Electrónica,497169.0,PSE,App móvil,Android,Bogotá,7.0,5,No
TXN-0003364,2024-09-22,11335.0,Moda,219439.0,Tarjeta débito,App móvil,Android,Bogotá,3.0,5,No
TXN-0006283,2022-08-24,29427.0,Tecnología,848364.0,Tarjeta crédito,App móvil,Desktop,Cúcuta,2.0,5,No
TXN-0002981,2022-10-31,46024.0,Moda,42307.0,Contraentrega,App móvil,,Medellín,2.0,5,No
TXN-0007488,2023-02-01,41177.0,Mascotas,124083.0,Tarjeta crédito,Sitio web,,Medellín,9.0,4,No
TXN-0002077,2024-10-02,18749.0,Juguetes,52254.0,PSE,App móvil,iOS,Manizales,5.0,5,No
TXN-0007094,2023-07-31,17339.0,Moda,62963.0,Tarjeta crédito,Sitio web,Desktop,Medellín,3.0,5,No
TXN-0005408,2023-02-14,24103.0,Libros,30604.0,Billetera digital,App móvil,,Cali,5.0,5,No
TXN-0000601,,14972.0,Juguetes,98599.0,Billetera digital,App móvil,Desktop,Cartagena,9.0,3,No
TXN-0005999,2023-01-02,43419.0,Electrónica,784782.0,PSE,App móvil,iOS,Bogotá,5.0,5,No
TXN-0002623,2024-05-13,39391.0,Moda,119387.0,PSE,App móvil,Desktop,Manizales,4.0,5,No
TXN-0006890,2023-04-29,57742.0,Moda,107455.0,Tarjeta débito,App móvil,,Bogotá,3.0,5,No
TXN-0000394,2024-04-28,44187.0,Tecnología,1309930.0,Billetera digital,Sitio web,Android,Bogotá,2.0,5,No
TXN-0003782,2024-03-10,16539.0,Moda,90966.0,Billetera digital,App móvil,iOS,Bogotá,4.0,5,No
TXN-0000766,2023-03-12,,Libros,65722.0,Tarjeta débito,App móvil,Android,Barranquilla,5.0,5,Sí
TXN-0007877,2024-09-20,17341.0,Hogar,145834.0,Contraentrega,App móvil,iOS,Bogotá,2.0,5,No
TXN-0002680,2024-06-04,52627.0,Electrónica,1008213.0,Tarjeta crédito,Sitio web,Android,Bogotá,6.0,5,No
TXN-0004391,2023-10-06,40620.0,Mascotas,94619.0,Contraentrega,Sitio web,Android,Ibagué,8.0,4,No
TXN-0000689,2023-02-20,50247.0,Deportes,65039.0,PSE,App móvil,Android,Bogotá,1.0,5,No
TXN-0006641,2024-02-10,26502.0,Mascotas,57220.0,Tarjeta crédito,App móvil,Android,Bogotá,4.0,5,No
TXN-0001551,2022-10-17,30339.0,Moda,96485.0,PSE,App móvil,iOS,Manizales,6.0,5,No
TXN-0002161,2024-12-03,20083.0,MODA,168602.0,Tarjeta débito,Sitio web,iOS,Bogotá,3.0,5,No
TXN-0003272,2023-05-20,49492.0,JUGUETES,68263.0,Contraentrega,Sitio web,iOS,Bogotá,6.0,5,No
TXN-0003905,2023-10-02,55215.0,Juguetes,124469.0,Tarjeta crédito,App móvil,Android,Bogotá,4.0,5,No
TXN-0004301,2023-11-13,35725.0,Belleza,97264.0,Tarjeta crédito,Sitio web,Android,Bogotá,5.0,5,No
TXN-0007983,2024-08-16,35396.0,Electrónica,28776.0,Tarjeta crédito,Sitio web,Android,Cali,4.0,5,No
TXN-0002349,2024-08-30,41007.0,Moda,215557.0,Contraentrega,App móvil,iOS,Barranquilla,3.0,5,No
TXN-0002721,2022-03-10,37045.0,Moda,86476.0,PSE,Sitio web,Android,Ibagué,8.0,4,No
TXN-0006996,2023-07-09,19955.0,Belleza,64419.0,Tarjeta crédito,App móvil,Android,Medellín,5.0,5,Sí
TXN-0006866,2023-04-02,18762.0,Tecnología,758094.0,PSE,Sitio web,,Bogotá,4.0,5,No
TXN-0000700,,15391.0,Belleza,78649.0,Tarjeta crédito,App móvil,Android,Pereira,4.0,5,No
TXN-0007931,2022-05-22,15434.0,Moda,138952.0,Tarjeta crédito,App móvil,Android,Medellín,1.0,5,No
TXN-0006568,2022-12-01,28612.0,Alimentos,39761.0,Tarjeta crédito,App móvil,Android,Cartagena,5.0,5,No
TXN-0002556,2023-01-29,56794.0,Moda,171068.0,Billetera digital,App móvil,iOS,Medellín,8.0,5,No
TXN-0001338,2022-11-20,13010.0,Electrónica,939576.0,Billetera digital,App móvil,iOS,Pereira,6.0,5,No
TXN-0003721,2023-05-18,38321.0,ELECTRÓNICA,467333.0,Billetera digital,App móvil,Android,Cali,3.0,5,No
TXN-0007399,2022-09-07,14678.0,Juguetes,112723.0,Tarjeta débito,App móvil,Android,Medellín,2.0,5,No
TXN-0001612,2022-07-23,16955.0,Deportes,187956.0,Tarjeta crédito,App móvil,Desktop,Bogotá,1.0,5,No
TXN-0001481,2022-12-08,14946.0,Electrónica,668348.0,PSE,Sitio web,Android,Bogotá,5.0,5,No
TXN-0005116,2024-03-22,21613.0,Moda,112417.0,Tarjeta crédito,Sitio web,Android,Barranquilla,3.0,5,No
TXN-0006130,2022-11-27,38071.0,Moda,106722.0,Tarjeta débito,Sitio web,Android,Bucaramanga,5.0,5,No
TXN-0000458,2022-05-26,21463.0,Moda,87403.0,Contraentrega,App móvil,iOS,CÚCUTA,5.0,5,No
TXN-0003930,2022-02-19,11898.0,Electrónica,646872.0,Billetera digital,App móvil,iOS,Bogotá,1.0,5,No
TXN-0000013,2024-02-12,25452.0,Deportes,153702.0,PSE,Sitio web,Android,Bogotá,8.0,4,No
TXN-0006273,2024-12-19,14980.0,Hogar,103042.0,Contraentrega,Sitio web,Desktop,Bogotá,1.0,5,No
TXN-0006780,2024-11-03,59522.0,Libros,54229.0,Billetera digital,App móvil,Android,Bogotá,4.0,5,No
TXN-0007140,2022-05-01,12149.0,Hogar,231555.0,Tarjeta débito,App móvil,Android,Medellín,8.0,5,No
TXN-0003100,2022-11-23,58591.0,Alimentos,49038.0,Contraentrega,App móvil,iOS,Cali,6.0,5,No
TXN-0001553,2024-11-21,46380.0,Juguetes,39895.0,Tarjeta débito,App móvil,Android,Barranquilla,3.0,5,No
TXN-0005465,2022-07-30,57005.0,Mascotas,76247.0,PSE,Sitio web,,Medellín,3.0,5,No
TXN-0005633,2024-02-25,11675.0,Belleza,147190.0,PSE,App móvil,Desktop,Medellín,4.0,5,No
TXN-0004948,2023-04-28,45680.0,Juguetes,5000.0,Tarjeta débito,App móvil,Desktop,Bogotá,1.0,5,No
TXN-0003569,2022-04-15,,Moda,108501.0,Contraentrega,App móvil,iOS,Bogotá,4.0,5,No
TXN-0000793,2022-02-26,17619.0,Moda,154700.0,Tarjeta débito,Sitio web,Android,Bogotá,6.0,5,No
,2023-06-08,52536.0,Tecnología,998422.0,Tarjeta débito,Sitio web,Desktop,Cartagena,1.0,5,No
TXN-0000907,2022-02-17,55284.0,Electrónica,748773.0,Tarjeta débito,Sitio web,iOS,Pereira,6.0,5,No
TXN-0002431,2023-07-06,21977.0,Moda,143873.0,PSE,App móvil,Desktop,Ibagué,8.0,4,No
TXN-0004665,2023-11-29,51472.0,Electrónica,559558.0,PSE,Sitio web,Android,Bucaramanga,3.0,5,No
TXN-0005573,2024-08-21,23866.0,Moda,89627.0,Tarjeta débito,App móvil,Android,Cartagena,5.0,5,No
TXN-0002786,2022-07-13,46549.0,Hogar,199046.0,Tarjeta débito,Sitio web,Desktop,Medellín,6.0,5,No
TXN-0005777,2023-02-08,26370.0,Mascotas,93077.0,Tarjeta crédito,App móvil,Android,Medellín,6.0,5,No
TXN-0005532,2023-12-23,,Deportes,120416.0,Billetera digital,App móvil,iOS,Pereira,5.0,5,No
TXN-0001894,2022-02-18,55923.0,Deportes,159991.0,Contraentrega,App móvil,Desktop,Medellín,5.0,5,No
TXN-0005728,2022-09-18,11940.0,Belleza,74488.0,Tarjeta crédito,Sitio web,Desktop,Barranquilla,3.0,5,No
TXN-0006284,2024-02-26,25853.0,Deportes,100645.0,PSE,Sitio web,Android,MANIZALES,6.0,5,Sí
TXN-0006071,2024-08-09,18973.0,Electrónica,439022.0,Contraentrega,Sitio web,Android,Bogotá,3.0,5,No
TXN-0000489,2023-05-16,20351.0,Moda,58402.0,Tarjeta crédito,App móvil,Android,Bogotá,6.0,5,No
TXN-0007875,2024-03-07,43428.0,Libros,39816.0,Billetera digital,App móvil,Android,Cali,6.0,5,No
TXN-0000745,2022-08-05,36908.0,Alimentos,39060.0,Tarjeta débito,App móvil,iOS,Bogotá,1.0,5,No
TXN-0000433,2024-03-22,27791.0,Juguetes,88712.0,Tarjeta crédito,Sitio web,Desktop,Manizales,4.0,5,No
TXN-0004784,2023-08-28,36813.0,Tecnología,727663.0,Contraentrega,Sitio web,Android,Barranquilla,5.0,5,No
TXN-0006261,2022-10-09,39019.0,Moda,147672.0,Contraentrega,Sitio web,Android,Manizales,3.0,5,No
TXN-0006730,2023-02-08,22919.0,Moda,98816.0,Billetera digital,Sitio web,Desktop,Bogotá,5.0,5,No
,2024-02-11,52303.0,Alimentos,45735.0,Tarjeta débito,App móvil,iOS,Cartagena,3.0,5,No
TXN-0006925,2024-10-01,40097.0,Libros,41600.0,Tarjeta débito,Sitio web,Desktop,Cali,6.0,5,No
TXN-0002757,2024-02-18,57830.0,Libros,33674.0,Tarjeta débito,App móvil,Android,Barranquilla,6.0,5,No
TXN-0001665,,36422.0,Moda,127360.0,PSE,Sitio web,Android,Medellín,3.0,5,No
TXN-0002347,2024-07-25,,Hogar,193592.0,Billetera digital,App móvil,iOS,Medellín,6.0,5,No
TXN-0001775,2023-05-03,35566.0,Tecnología,1157260.0,Contraentrega,App móvil,iOS,Pereira,3.0,5,No
TXN-0004750,2022-08-14,26972.0,Belleza,62978.0,Tarjeta crédito,App móvil,iOS,Cúcuta,8.0,4,No
TXN-0000508,2023-03-10,17080.0,Belleza,111213.0,Tarjeta crédito,App móvil,Android,Manizales,2.0,5,No
TXN-0000765,2024-05-04,59205.0,Hogar,106889.0,Billetera digital,App móvil,Android,Bogotá,6.0,5,No
TXN-0005848,2024-07-22,19186.0,Alimentos,42359.0,Tarjeta crédito,App móvil,Android,Pereira,3.0,5,No
TXN-0006543,2023-01-06,55669.0,BELLEZA,71318.0,PSE,App móvil,Android,Cali,6.0,5,No
TXN-0002875,2023-11-11,10570.0,Deportes,164693.0,Tarjeta crédito,Sitio web,Android,Barranquilla,2.0,5,No
TXN-0001771,2022-04-10,25671.0,Electrónica,424768.0,Contraentrega,App móvil,iOS,Cúcuta,1.0,5,No
TXN-0002735,2024-10-01,58886.0,HOGAR,203692.0,Contraentrega,App móvil,Android,Bogotá,6.0,5,No
TXN-0004675,2024-07-16,39985.0,Moda,98470.0,Tarjeta crédito,Sitio web,Android,Bogotá,3.0,5,No
TXN-0006127,2024-07-04,25209.0,Electrónica,571348.0,PSE,App móvil,Android,Bogotá,4.0,5,No
TXN-0006787,2023-12-19,38379.0,Electrónica,515581.0,PSE,App móvil,Android,Medellín,5.0,5,No
TXN-0000422,2023-09-20,49537.0,Electrónica,752006.0,Contraentrega,App móvil,Android,Bucaramanga,5.0,5,No
TXN-0007426,2023-11-18,48905.0,Tecnología,209121.0,Tarjeta crédito,Sitio web,iOS,Bogotá,7.0,5,No
TXN-0007384,2024-01-14,55430.0,Alimentos,70281.0,Tarjeta débito,Sitio web,iOS,Medellín,6.0,5,No
TXN-0007567,2023-06-13,35930.0,Electrónica,778833.0,PSE,App móvil,Android,Cali,5.0,5,No
TXN-0001289,2023-08-01,14043.0,Libros,26681.0,Tarjeta débito,App móvil,iOS,Medellín,5.0,5,No
TXN-0004336,2022-11-28,59210.0,Hogar,237834.0,Tarjeta crédito,Sitio web,Android,Barranquilla,2.0,5,No
TXN-0004817,2024-06-04,27956.0,Libros,52258.0,Contraentrega,Sitio web,Desktop,Cali,5.0,5,No
TXN-0002924,2022-07-27,51680.0,Hogar,168844.0,Tarjeta crédito,App móvil,Desktop,Bogotá,3.0,5,No
TXN-0006385,2023-01-03,12171.0,Electrónica,595734.0,PSE,App móvil,Android,Bogotá,6.0,5,No
TXN-0005699,2024-02-26,18666.0,Electrónica,573978.0,Tarjeta crédito,App móvil,Desktop,Bogotá,3.0,5,No
TXN-0003650,2024-06-29,23021.0,Juguetes,165885.0,Tarjeta crédito,App móvil,Android,BOGOTÁ,4.0,5,No
TXN-0002573,2022-07-16,52588.0,Hogar,159864.0,Tarjeta crédito,App móvil,Android,Manizales,7.0,5,No
TXN-0000904,,52655.0,Hogar,215652.0,Tarjeta débito,Sitio web,Android,Cúcuta,2.0,5,No
TXN-0007174,2023-06-11,41989.0,Libros,60890.0,Billetera digital,App móvil,Android,Barranquilla,3.0,5,No
TXN-0001312,2023-06-21,45284.0,Deportes,67924.0,Tarjeta débito,App móvil,Android,Cartagena,6.0,5,No
TXN-0007374,2022-08-14,28654.0,Moda,48698.0,Tarjeta crédito,App móvil,iOS,Barranquilla,2.0,5,No
TXN-0003119,2023-09-11,24360.0,Moda,144166.0,Tarjeta débito,App móvil,Android,Pereira,2.0,5,No
TXN-0000804,2024-07-28,21617.0,Deportes,214830.0,Contraentrega,App móvil,Android,Bucaramanga,4.0,5,No
TXN-0002827,2023-08-06,46297.0,Electrónica,830046.0,PSE,App móvil,iOS,Cartagena,5.0,5,No
TXN-0006949,,33136.0,Deportes,240263.0,Contraentrega,Sitio web,Android,Barranquilla,2.0,5,No
TXN-0004748,2023-08-20,22558.0,Tecnología,1497142.0,PSE,Sitio web,Android,Manizales,6.0,5,No
TXN-0003394,2024-08-28,35466.0,Juguetes,91254.0,Tarjeta crédito,App móvil,Android,Bogotá,7.0,5,No
TXN-0002527,2023-05-27,54118.0,Belleza,71860.0,Billetera digital,App móvil,Android,Bogotá,4.0,5,No
TXN-0000344,2024-09-20,17312.0,Deportes,230239.0,PSE,Sitio web,,BOGOTÁ,6.0,5,No
TXN-0001331,2024-06-22,58736.0,Mascotas,87363.0,Tarjeta crédito,Sitio web,Android,Cúcuta,1.0,5,No
TXN-0007763,2023-02-21,44026.0,Belleza,77328.0,Tarjeta crédito,Sitio web,Android,Bogotá,8.0,3,Sí
TXN-0005823,2024-01-11,16093.0,Deportes,153303.0,Tarjeta crédito,Sitio web,iOS,Medellín,5.0,5,No
TXN-0005807,2023-11-19,43443.0,Belleza,41118.0,PSE,App móvil,Android,Medellín,3.0,5,No
TXN-0005509,2022-07-25,40218.0,Moda,126552.0,Contraentrega,Sitio web,iOS,Bogotá,7.0,5,No
TXN-0004984,2023-01-25,43783.0,Belleza,89020.0,Contraentrega,App móvil,Android,Bucaramanga,4.0,5,No
TXN-0004383,2024-04-05,29330.0,Juguetes,116029.0,Tarjeta crédito,Sitio web,Android,Bucaramanga,4.0,5,No
TXN-0005868,2022-10-04,31371.0,Deportes,199408.0,Contraentrega,App móvil,Android,Bogotá,1.0,5,No
TXN-0001941,2024-05-28,32080.0,Tecnología,820679.0,Billetera digital,App móvil,Android,Bucaramanga,5.0,5,No
TXN-0007216,2024-07-19,15462.0,Alimentos,48669.0,Contraentrega,App móvil,Android,Medellín,2.0,5,No
TXN-0006268,2023-09-13,26290.0,Alimentos,54565.0,Contraentrega,App móvil,Android,Manizales,5.0,5,No
TXN-0006117,2024-10-28,33241.0,Belleza,59682.0,PSE,App móvil,Android,Cali,2.0,5,No
TXN-0006697,2022-08-24,38591.0,Mascotas,81334.0,PSE,App móvil,Android,Cartagena,7.0,5,No
TXN-0001577,2023-07-08,17185.0,Hogar,180869.0,Contraentrega,App móvil,iOS,Ibagué,6.0,5,No
TXN-0002192,2022-10-13,35372.0,Juguetes,80839.0,Tarjeta crédito,Sitio web,Android,Bogotá,3.0,5,No
TXN-0005926,2022-07-10,,Electrónica,305688.0,Contraentrega,App móvil,Android,Bogotá,8.0,3,No
TXN-0002102,2022-07-26,31699.0,HOGAR,198692.0,PSE,App móvil,Android,Medellín,5.0,5,Sí
TXN-0001086,2022-11-23,33817.0,Alimentos,70153.0,Tarjeta crédito,Sitio web,Desktop,Medellín,6.0,5,No
TXN-0002470,2022-02-27,,Electrónica,591800.0,Contraentrega,App móvil,Android,Bogotá,6.0,5,No
TXN-0003328,2023-05-01,34547.0,Electrónica,822923.0,Contraentrega,App móvil,Android,Cali,4.0,5,No
TXN-0006094,2023-02-10,31059.0,Moda,100432.0,Tarjeta débito,Sitio web,Android,Bogotá,6.0,5,No
TXN-0004064,2023-11-20,47024.0,Belleza,53381.0,Tarjeta crédito,App móvil,Android,Ibagué,4.0,5,No
TXN-0007605,2024-05-30,38475.0,Deportes,154185.0,Tarjeta crédito,App móvil,Android,Bogotá,4.0,5,No
TXN-0001123,2022-06-13,36257.0,Deportes,150099.0,Tarjeta débito,App móvil,Desktop,Bogotá,2.0,5,No
TXN-0004264,2022-09-10,45702.0,Hogar,172616.0,Billetera digital,Sitio web,Android,Bogotá,5.0,5,No
TXN-0003490,2022-08-28,19375.0,Belleza,85819.0,Tarjeta crédito,App móvil,Android,Cartagena,2.0,5,No
TXN-0006361,2023-11-20,20893.0,Alimentos,32545.0,Tarjeta crédito,App móvil,iOS,Bogotá,3.0,5,No
TXN-0001805,2023-11-10,41279.0,Juguetes,53790.0,PSE,Sitio web,Desktop,Pereira,7.0,5,No
TXN-0005137,2024-04-10,56502.0,Libros,39246.0,Contraentrega,Sitio web,Android,Bogotá,4.0,5,No
TXN-0000012,2024-01-30,59723.0,Moda,93649.0,Tarjeta crédito,Sitio web,Android,Bogotá,5.0,5,No
,2023-08-20,49255.0,Juguetes,108135.0,Tarjeta crédito,App móvil,iOS,Cartagena,3.0,5,No
TXN-0005463,2024-08-08,37426.0,Hogar,165007.0,PSE,Sitio web,Android,Bogotá,2.0,5,No
TXN-0003805,2024-11-16,53430.0,Electrónica,737442.0,PSE,App móvil,Android,Pereira,6.0,5,No
TXN-0003616,2024-11-06,38081.0,Moda,161814.0,Tarjeta débito,App móvil,iOS,Barranquilla,3.0,5,No
,2023-06-26,17128.0,Moda,79752.0,PSE,App móvil,Android,BOGOTÁ,4.0,5,No
TXN-0005818,2022-02-02,44668.0,Libros,75922.0,Contraentrega,Sitio web,Android,Cali,7.0,5,No
TXN-0000146,2024-02-21,41206.0,Hogar,182053.0,Tarjeta crédito,Sitio web,iOS,Medellín,2.0,5,No
TXN-0004408,2022-01-03,14816.0,Belleza,76528.0,Billetera digital,App móvil,Android,Bogotá,4.0,5,No
TXN-0001044,2024-01-30,30102.0,Mascotas,70402.0,Tarjeta crédito,App móvil,Desktop,Medellín,4.0,5,No
TXN-0004065,2023-12-28,50440.0,Moda,135045.0,Contraentrega,App móvil,Desktop,Pereira,5.0,5,No
TXN-0003586,2023-02-08,,Electrónica,693713.0,Contraentrega,App móvil,Android,Bogotá,5.0,5,No
TXN-0004584,2022-03-28,17719.0,Tecnología,534705.0,PSE,App móvil,Android,Cali,1.0,5,No
TXN-0002412,2024-05-31,43052.0,Moda,126402.0,PSE,App móvil,Android,Barranquilla,6.0,5,No
TXN-0007906,2023-07-22,55707.0,HOGAR,193041.0,Billetera digital,App móvil,Android,CÚCUTA,6.0,5,No
TXN-0005547,2023-08-01,38144.0,Deportes,116329.0,Tarjeta débito,Sitio web,iOS,Cali,9.0,4,No
TXN-0003719,2023-04-01,49473.0,Deportes,160163.0,Tarjeta crédito,Sitio web,Desktop,Bogotá,3.0,5,No
TXN-0002428,2023-12-24,43905.0,TECNOLOGÍA,776206.0,Contraentrega,Sitio web,Android,Barranquilla,2.0,5,No
TXN-0002738,2024-09-13,33149.0,Mascotas,86781.0,Tarjeta crédito,App móvil,iOS,Medellín,3.0,5,No
TXN-0005318,2023-06-30,35360.0,ELECTRÓNICA,267873.0,Tarjeta crédito,Sitio web,Android,Medellín,5.0,5,No
,2023-09-29,29717.0,Juguetes,151038.0,Tarjeta crédito,App móvil,Android,Bucaramanga,4.0,5,No
TXN-0005334,2022-01-15,21947.0,Hogar,124079.0,Tarjeta débito,Sitio web,Android,Bucaramanga,7.0,5,No
TXN-0001912,2023-09-12,53815.0,Hogar,81310.0,Billetera digital,App móvil,iOS,Bucaramanga,8.0,3,No
TXN-0007093,2022-06-16,54146.0,Tecnología,1092404.0,PSE,Sitio web,iOS,Pereira,5.0,5,No
TXN-0001288,2022-03-07,33008.0,Electrónica,890844.0,Tarjeta débito,App móvil,Desktop,Bogotá,7.0,5,No
TXN-0003232,2023-06-06,53162.0,Tecnología,120531.0,Tarjeta débito,App móvil,Android,CALI,6.0,5,No
TXN-0007104,2023-09-12,25557.0,Electrónica,454334.0,Billetera digital,App móvil,Android,Bucaramanga,6.0,5,No
TXN-0003291,2024-05-18,36541.0,Electrónica,1120617.0,Tarjeta crédito,App móvil,iOS,Bogotá,1.0,5,No
TXN-0007034,2024-06-12,18414.0,Hogar,355521.0,Contraentrega,App móvil,Android,Bucaramanga,3.0,5,No
TXN-0000950,2024-09-14,46406.0,Tecnología,1247261.0,Tarjeta débito,App móvil,Android,Cartagena,1.0,5,No
TXN-0002998,2024-11-04,28256.0,Electrónica,617047.0,Billetera digital,App móvil,Android,Bogotá,2.0,5,No
TXN-0005931,2023-08-07,44090.0,Electrónica,1471001.0,Billetera digital,Sitio web,Android,Cali,7.0,5,No
TXN-0004610,2023-11-18,40061.0,Hogar,242788.0,Tarjeta débito,App móvil,Desktop,Bogotá,3.0,5,No
TXN-0007717,2022-10-19,13809.0,Deportes,149328.0,PSE,App móvil,Android,Bogotá,1.0,5,No
TXN-0000634,2024-01-23,17342.0,Juguetes,172010.0,Tarjeta débito,Sitio web,iOS,Bogotá,6.0,5,No
TXN-0003089,2024-12-21,42154.0,Tecnología,823393.0,Tarjeta débito,App móvil,iOS,Medellín,4.0,5,No
TXN-0003209,2024-06-11,20251.0,Juguetes,85375.0,Tarjeta crédito,App móvil,Android,Manizales,2.0,5,No
TXN-0004843,2022-08-30,10768.0,Hogar,176357.0,Contraentrega,App móvil,Android,Cali,4.0,5,No
TXN-0005014,2022-12-22,48416.0,Deportes,150311.0,PSE,Sitio web,Android,Cali,6.0,5,No
TXN-0007870,2023-08-21,33386.0,Libros,44524.0,Tarjeta débito,App móvil,Android,Bogotá,3.0,5,No
TXN-0000714,2022-02-12,35905.0,Hogar,116881.0,Tarjeta crédito,App móvil,Desktop,Cartagena,6.0,5,No
TXN-0003760,2022-03-26,36695.0,Juguetes,95802.0,PSE,App móvil,Desktop,Medellín,3.0,5,Sí
TXN-0005652,2024-06-07,36688.0,Belleza,62563.0,PSE,App móvil,Android,Cartagena,5.0,5,No
TXN-0004487,2022-03-29,26425.0,Belleza,77848.0,PSE,Sitio web,iOS,Medellín,3.0,5,No
TXN-0006535,2022-03-07,38936.0,Deportes,36754.0,Contraentrega,App móvil,Android,Bogotá,5.0,5,No
TXN-0001590,2024-06-03,34956.0,Tecnología,1198075.0,Tarjeta crédito,App móvil,Android,Ibagué,6.0,5,No
TXN-0003998,2023-09-02,30497.0,Moda,135617.0,Tarjeta débito,App móvil,Desktop,Cali,3.0,5,No
TXN-0003087,2024-12-29,46255.0,Belleza,45626.0,Billetera digital,App móvil,Desktop,Bogotá,4.0,5,No
TXN-0002340,2023-09-04,19793.0,Alimentos,40300.0,Tarjeta crédito,App móvil,Android,Barranquilla,2.0,5,No
TXN-0000908,2022-11-19,23224.0,Electrónica,192946.0,Billetera digital,App móvil,Android,Cúcuta,3.0,5,No
TXN-0000572,2024-05-04,13813.0,Deportes,177101.0,Contraentrega,Sitio web,iOS,Ibagué,4.0,5,No
TXN-0002363,2023-11-07,46116.0,Hogar,258289.0,PSE,App móvil,Desktop,Medellín,4.0,5,No
TXN-0005527,2024-03-27,54790.0,Hogar,113065.0,Tarjeta débito,App móvil,Android,Medellín,5.0,5,No
TXN-0005291,2024-11-02,34720.0,Moda,111348.0,Tarjeta crédito,Sitio web,Android,Barranquilla,1.0,5,No
TXN-0006677,2022-12-21,37569.0,Tecnología,931693.0,Tarjeta crédito,App móvil,Desktop,Bogotá,5.0,5,No
TXN-0001834,2023-10-27,17341.0,Hogar,136877.0,Tarjeta débito,App móvil,iOS,Bogotá,4.0,5,No
TXN-0007915,2023-12-05,11125.0,Deportes,252809.0,PSE,App móvil,iOS,Bogotá,5.0,5,Sí
TXN-0004054,2022-05-21,56742.0,Hogar,310795.0,Tarjeta débito,App móvil,,Bogotá,4.0,5,No
TXN-0007828,2024-11-09,35603.0,Juguetes,56054.0,PSE,App móvil,iOS,Pereira,1.0,5,No
TXN-0007380,2022-12-02,37434.0,Electrónica,946047.0,Tarjeta crédito,App móvil,Android,Bucaramanga,2.0,5,Sí
TXN-0005909,2024-12-29,39867.0,Hogar,243826.0,Billetera digital,App móvil,Desktop,Bogotá,4.0,5,No
TXN-0007804,2022-11-10,19625.0,Moda,145294.0,PSE,Sitio web,Desktop,Ibagué,4.0,5,No
,2022-01-24,41634.0,Moda,74072.0,PSE,App móvil,Android,Medellín,6.0,5,No
TXN-0001841,2023-02-09,40357.0,Mascotas,60641.0,Billetera digital,App móvil,Android,Bucaramanga,4.0,5,No
TXN-0000163,2024-02-29,,Hogar,258582.0,Tarjeta débito,Sitio web,Android,Cali,3.0,5,No
TXN-0001751,2024-02-22,20205.0,MODA,214030.0,Contraentrega,App móvil,Android,CALI,8.0,4,No
TXN-0001644,2023-01-01,29864.0,ELECTRÓNICA,471953.0,Billetera digital,App móvil,Desktop,Bogotá,1.0,5,No
TXN-0000101,2024-03-30,,Deportes,129094.0,PSE,Sitio web,Desktop,Cúcuta,6.0,5,No
TXN-0002269,2022-03-28,16219.0,Moda,71397.0,PSE,App móvil,iOS,MANIZALES,2.0,5,No
TXN-0001810,2024-08-02,28671.0,Mascotas,43421.0,Tarjeta crédito,App móvil,iOS,Medellín,3.0,5,No
TXN-0003933,2023-07-13,29718.0,Moda,92917.0,Tarjeta crédito,App móvil,Android,Cartagena,4.0,5,No
TXN-0002483,2024-04-09,30721.0,BELLEZA,40098.0,Tarjeta crédito,App móvil,Android,Cartagena,7.0,5,No
TXN-0000409,2024-08-03,30344.0,Mascotas,35990.0,Tarjeta crédito,App móvil,iOS,Medellín,4.0,5,No
TXN-0005479,2022-07-16,22854.0,Deportes,101921.0,PSE,Sitio web,,Cali,7.0,5,No
TXN-0005739,2022-04-09,39274.0,Electrónica,637315.0,Contraentrega,App móvil,iOS,Medellín,5.0,5,No
TXN-0001347,2022-10-02,13234.0,BELLEZA,17551.0,Tarjeta crédito,Sitio web,Desktop,Cartagena,3.0,5,No
TXN-0007639,2022-06-20,30091.0,Moda,148632.0,Tarjeta crédito,App móvil,iOS,Manizales,4.0,5,No
TXN-0002451,2024-10-22,51730.0,Moda,116608.0,PSE,App móvil,Android,Cartagena,8.0,4,No
TXN-0005090,2023-03-08,26365.0,Belleza,117596.0,Tarjeta crédito,Sitio web,Android,CÚCUTA,3.0,5,No
TXN-0003074,2023-06-14,23485.0,Electrónica,331501.0,Billetera digital,Sitio web,Android,Cúcuta,6.0,5,No
TXN-0003143,2024-01-30,31910.0,Moda,77756.0,PSE,Sitio web,Android,Medellín,2.0,5,No
TXN-0003488,2022-07-06,41027.0,Tecnología,5000.0,Tarjeta débito,Sitio web,Android,Bogotá,4.0,5,No
TXN-0003641,2023-06-02,29182.0,Alimentos,24236.0,Tarjeta débito,App móvil,Android,Cali,4.0,5,No
TXN-0004140,2024-01-31,56291.0,Mascotas,50081.0,Tarjeta crédito,Sitio web,iOS,Ibagué,3.0,5,No
TXN-0007062,2022-09-29,18234.0,Hogar,175660.0,Tarjeta crédito,App móvil,Android,Cali,5.0,5,No
TXN-0001452,2022-06-19,59751.0,Juguetes,108202.0,Tarjeta débito,App móvil,Android,Medellín,3.0,5,No
TXN-0004236,2023-01-24,11141.0,Libros,51998.0,Contraentrega,App móvil,Android,Cali,4.0,5,No
TXN-0000856,2022-04-09,45994.0,Deportes,142597.0,Billetera digital,App móvil,Desktop,Medellín,2.0,5,No
TXN-0005605,2022-01-20,25447.0,Electrónica,552872.0,PSE,Sitio web,Android,Pereira,5.0,5,No
TXN-0000249,2023-06-07,17951.0,Electrónica,612172.0,Tarjeta crédito,App móvil,Android,Medellín,10.0,4,No
TXN-0005444,2024-11-29,51356.0,Electrónica,667053.0,Tarjeta débito,Sitio web,Android,BOGOTÁ,3.0,5,No
TXN-0001850,2022-12-25,58953.0,Tecnología,883287.0,Tarjeta crédito,Sitio web,Android,Bogotá,5.0,5,No
TXN-0007335,2022-07-13,,Deportes,230587.0,Tarjeta crédito,Sitio web,Android,Cali,7.0,5,No
TXN-0003486,2024-12-06,11127.0,Moda,92928.0,Tarjeta débito,App móvil,Android,Barranquilla,5.0,5,No
TXN-0004256,2023-12-08,41008.0,Hogar,166472.0,Tarjeta crédito,App móvil,Android,CALI,1.0,5,No
TXN-0006494,2022-12-21,24733.0,Mascotas,108874.0,Tarjeta débito,Sitio web,Android,Medellín,4.0,5,No
TXN-0006506,2022-09-10,48544.0,Alimentos,31701.0,Tarjeta crédito,App móvil,iOS,Barranquilla,3.0,5,No
TXN-0002424,2023-09-09,18986.0,Electrónica,982055.0,Tarjeta débito,App móvil,Android,Ibagué,5.0,5,No
TXN-0001079,2023-11-15,38547.0,Electrónica,1236190.0,Tarjeta crédito,Sitio web,Desktop,Pereira,6.0,5,No
TXN-0004268,2022-11-26,29599.0,Electrónica,650297.0,Tarjeta débito,App móvil,,Cali,4.0,5,No
TXN-0005674,2023-10-08,48250.0,Hogar,112150.0,PSE,Sitio web,Android,Bucaramanga,3.0,5,No
TXN-0004867,2022-12-01,41993.0,Hogar,249788.0,Tarjeta crédito,App móvil,Android,Pereira,2.0,5,No
TXN-0003197,2023-05-05,22488.0,Tecnología,526851.0,PSE,Sitio web,Desktop,Bogotá,4.0,5,No
TXN-0000562,2022-01-15,28535.0,Libros,59164.0,Tarjeta crédito,App móvil,Android,Bogotá,1.0,5,No
TXN-0006210,2023-09-18,16487.0,Mascotas,47407.0,Tarjeta crédito,Sitio web,iOS,Bogotá,6.0,5,No
TXN-0007894,2024-10-22,50144.0,Deportes,141104.0,PSE,App móvil,Android,Bogotá,5.0,5,No
TXN-0001506,2022-08-25,43749.0,Mascotas,38874.0,Contraentrega,App móvil,Android,Cali,4.0,5,No
TXN-0003248,2023-07-24,54966.0,Tecnología,5000.0,Contraentrega,Sitio web,iOS,Cali,4.0,5,No
TXN-0005941,2023-05-03,13358.0,Tecnología,1027429.0,Tarjeta crédito,App móvil,Desktop,Bogotá,1.0,5,No
TXN-0004615,2023-11-14,21294.0,Belleza,131573.0,Contraentrega,App móvil,Desktop,Medellín,8.0,3,No
TXN-0006754,2024-05-08,51191.0,Hogar,151687.0,Tarjeta crédito,App móvil,Desktop,Barranquilla,6.0,5,No
TXN-0000963,2022-06-05,48159.0,Belleza,110526.0,Tarjeta crédito,App móvil,Android,Bogotá,4.0,5,No
TXN-0000284,2022-07-27,28805.0,Moda,112540.0,Tarjeta crédito,App móvil,Android,Manizales,5.0,5,Sí
TXN-0006597,2023-02-08,48385.0,Alimentos,39277.0,Billetera digital,App móvil,iOS,Barranquilla,4.0,5,No
TXN-0002756,2024-01-31,58981.0,Electrónica,1227734.0,Tarjeta crédito,Sitio web,Android,Bogotá,5.0,5,No
TXN-0000709,2024-08-10,14004.0,Moda,60218.0,Tarjeta crédito,App móvil,Desktop,Medellín,2.0,5,No
TXN-0007780,2022-07-19,44214.0,Libros,67130.0,PSE,App móvil,Android,Bogotá,4.0,5,No
TXN-0006349,2023-07-10,15141.0,Electrónica,515469.0,Tarjeta crédito,App móvil,Android,Manizales,1.0,5,No
TXN-0004617,2024-08-07,38883.0,Libros,67432.0,Tarjeta crédito,App móvil,Desktop,Bogotá,4.0,5,No
TXN-0003508,2022-02-24,28563.0,Belleza,84703.0,Tarjeta crédito,App móvil,Android,Pereira,4.0,5,Sí
TXN-0001776,2024-06-01,20545.0,Belleza,69108.0,Tarjeta crédito,Sitio web,Android,Bogotá,4.0,5,No
TXN-0000760,2022-11-28,29470.0,Alimentos,28530.0,Contraentrega,App móvil,Desktop,Medellín,3.0,5,No
TXN-0007162,2022-03-28,11713.0,Deportes,263422.0,Tarjeta débito,App móvil,iOS,Bogotá,7.0,5,No
TXN-0006049,2022-01-10,26740.0,Juguetes,138935.0,Tarjeta crédito,App móvil,iOS,Manizales,2.0,5,No
TXN-0006920,2022-07-28,47399.0,Hogar,80475.0,Tarjeta crédito,Sitio web,iOS,Bucaramanga,3.0,5,No
TXN-0006060,2022-01-02,35882.0,Alimentos,37372.0,Billetera digital,Sitio web,Android,Pereira,2.0,5,No
TXN-0004133,2023-03-30,13475.0,Deportes,192738.0,Tarjeta crédito,App móvil,Desktop,Pereira,3.0,5,No
TXN-0004123,2022-03-08,28022.0,Alimentos,52335.0,Contraentrega,App móvil,Android,Cali,3.0,5,Sí
TXN-0000897,2022-10-10,16447.0,Mascotas,105298.0,Tarjeta crédito,App móvil,Desktop,Medellín,3.0,5,No
TXN-0004182,2024-11-29,41925.0,Libros,37598.0,Contraentrega,App móvil,Android,Medellín,5.0,5,No
TXN-0007311,2024-03-23,,Juguetes,81299.0,PSE,Sitio web,Desktop,Manizales,4.0,5,No
TXN-0000805,2024-12-07,29572.0,Moda,208975.0,Tarjeta débito,App móvil,Android,BARRANQUILLA,3.0,5,No
TXN-0002882,2024-04-28,48955.0,Moda,174688.0,Contraentrega,Sitio web,Android,Bogotá,4.0,5,No
TXN-0005913,2023-06-12,40563.0,Juguetes,97245.0,Tarjeta crédito,App móvil,iOS,Bogotá,4.0,5,No
TXN-0006231,2022-01-26,37604.0,Moda,83499.0,Tarjeta crédito,Sitio web,Desktop,Medellín,5.0,5,No
TXN-0001739,2023-02-13,14973.0,Belleza,109116.0,Tarjeta débito,App móvil,Android,Medellín,8.0,4,No
TXN-0002128,2023-09-06,40347.0,Hogar,133814.0,Contraentrega,App móvil,Desktop,Medellín,1.0,5,No
TXN-0004972,2023-05-11,17474.0,Hogar,218978.0,Tarjeta débito,App móvil,iOS,Bogotá,6.0,5,No
TXN-0000148,2023-03-31,58800.0,Moda,160845.0,PSE,Sitio web,Android,Bogotá,7.0,5,No
TXN-0007815,2024-03-14,16284.0,Mascotas,33985.0,Tarjeta crédito,App móvil,Android,Barranquilla,7.0,5,No
TXN-0001701,2023-04-02,30048.0,Deportes,149472.0,Tarjeta débito,Sitio web,Desktop,Barranquilla,3.0,5,No
TXN-0001094,2022-01-17,25965.0,Juguetes,70347.0,Tarjeta crédito,Sitio web,Desktop,Cartagena,10.0,4,No
TXN-0000928,2022-03-22,42328.0,Electrónica,851039.0,Tarjeta crédito,App móvil,Android,Medellín,7.0,5,No
TXN-0003761,2022-08-24,30337.0,Libros,52560.0,Tarjeta crédito,Sitio web,Desktop,Barranquilla,2.0,5,No
TXN-0000528,2024-03-24,48873.0,Tecnología,519187.0,PSE,Sitio web,Android,BARRANQUILLA,5.0,5,No
TXN-0001263,2024-01-04,14261.0,BELLEZA,74967.0,PSE,App móvil,Android,Medellín,3.0,5,No
TXN-0007864,2023-12-16,24616.0,Hogar,126640.0,Tarjeta débito,Sitio web,Desktop,Medellín,4.0,5,Sí
TXN-0004435,2023-09-04,53840.0,LIBROS,65295.0,PSE,Sitio web,Android,Barranquilla,1.0,5,Sí
TXN-0002949,2023-03-03,16164.0,JUGUETES,139601.0,Tarjeta crédito,App móvil,Desktop,Manizales,8.0,4,No
TXN-0004896,2024-04-03,11635.0,Moda,159610.0,Billetera digital,Sitio web,Android,Bogotá,6.0,5,No
TXN-0002614,2023-09-24,42092.0,Deportes,74380.0,Tarjeta débito,App móvil,Android,Bucaramanga,2.0,5,No
TXN-0005819,2023-02-02,11187.0,Electrónica,664899.0,PSE,App móvil,Android,Medellín,7.0,5,No
TXN-0006950,2024-03-08,32109.0,Alimentos,40452.0,Tarjeta crédito,Sitio web,Desktop,Medellín,5.0,5,No
TXN-0007581,2022-11-21,,Hogar,197606.0,PSE,App móvil,iOS,Cartagena,7.0,5,No
TXN-0000382,2023-01-10,43083.0,Hogar,5000.0,Tarjeta débito,Sitio web,Android,Cali,4.0,5,No
TXN-0000486,2024-03-13,13108.0,Deportes,189144.0,Tarjeta débito,Sitio web,iOS,Bucaramanga,3.0,5,No
TXN-0007818,2024-08-20,24097.0,Moda,142329.0,PSE,App móvil,Android,Cali,3.0,5,No
TXN-0002329,2023-07-09,11355.0,Electrónica,371980.0,Billetera digital,App móvil,Android,Medellín,3.0,5,Sí
TXN-0005199,2024-11-01,10086.0,Juguetes,71641.0,Tarjeta crédito,App móvil,Android,Bogotá,3.0,5,No
TXN-0000597,2022-01-11,20292.0,Moda,145627.0,Contraentrega,Sitio web,Android,Bogotá,7.0,5,No
TXN-0001414,2023-07-06,57013.0,Moda,91612.0,Tarjeta crédito,App móvil,,BARRANQUILLA,7.0,5,No
TXN-0005395,2023-08-02,36795.0,Tecnología,949080.0,Tarjeta débito,Sitio web,,Bogotá,5.0,5,No
TXN-0003685,2023-12-05,47987.0,Moda,169227.0,Tarjeta crédito,Sitio web,iOS,Bogotá,8.0,3,No
TXN-0004589,2024-10-26,49600.0,Electrónica,915620.0,Tarjeta crédito,App móvil,Android,Cartagena,5.0,5,No
TXN-0002627,2022-06-30,19797.0,Juguetes,5829.0,Tarjeta crédito,Sitio web,iOS,Pereira,7.0,5,No
TXN-0000580,2023-01-18,33775.0,Belleza,22119.0,Contraentrega,App móvil,iOS,Cúcuta,1.0,5,No
TXN-0002656,2023-04-09,45611.0,Alimentos,46172.0,Billetera digital,Sitio web,iOS,Bogotá,5.0,5,No
TXN-0004703,2023-06-06,58993.0,Juguetes,132842.0,Tarjeta débito,Sitio web,Android,PEREIRA,6.0,5,No
TXN-0006570,2024-05-01,58128.0,Alimentos,45411.0,Tarjeta crédito,App móvil,,Medellín,4.0,5,No
TXN-0007269,2024-04-09,58519.0,Moda,145838.0,Contraentrega,Sitio web,Android,Bogotá,7.0,5,No
TXN-0003778,2024-11-26,50020.0,Belleza,80475.0,Contraentrega,Sitio web,Android,Barranquilla,3.0,5,No
TXN-0004739,2022-03-13,41433.0,Alimentos,60619.0,Tarjeta débito,App móvil,iOS,Cartagena,7.0,5,No
TXN-0007366,2022-04-06,59212.0,Libros,44113.0,Billetera digital,App móvil,Android,Barranquilla,3.0,5,No
TXN-0004881,2022-01-10,44515.0,Electrónica,789098.0,Tarjeta crédito,App móvil,Android,Bogotá,3.0,5,No
TXN-0003795,2023-07-03,49758.0,Moda,91356.0,PSE,App móvil,Android,Medellín,2.0,5,No
TXN-0002469,2023-12-08,,Deportes,132343.0,Tarjeta crédito,App móvil,Android,Bogotá,2.0,5,No
TXN-0006272,2023-04-29,21674.0,Moda,137226.0,Tarjeta crédito,Sitio web,Android,Medellín,5.0,5,No
TXN-0001830,2024-03-30,25752.0,Electrónica,1079188.0,Contraentrega,App móvil,Android,Barranquilla,1.0,5,No
TXN-0006735,2022-10-02,31696.0,Deportes,72282.0,Tarjeta crédito,Sitio web,Android,Bogotá,5.0,5,No
TXN-0002722,2022-11-09,43163.0,Libros,63095.0,Contraentrega,App móvil,Android,Bogotá,5.0,5,No
TXN-0002193,2023-12-23,17076.0,Belleza,96455.0,Tarjeta débito,App móvil,iOS,Medellín,6.0,5,No
TXN-0002138,2023-12-10,18081.0,Tecnología,1713095.0,PSE,App móvil,Android,Bogotá,5.0,5,No
,2024-12-18,15276.0,Moda,129600.0,Tarjeta crédito,App móvil,Android,Cali,5.0,5,No
TXN-0007043,2023-12-17,27221.0,Tecnología,810966.0,Tarjeta crédito,Sitio web,Desktop,Medellín,4.0,5,No
TXN-0001982,2023-11-08,34843.0,Alimentos,25753.0,Tarjeta crédito,App móvil,Desktop,Bogotá,3.0,5,No
TXN-0001437,2023-01-30,31421.0,Alimentos,57478.0,PSE,App móvil,Android,Bogotá,2.0,5,No
TXN-0001179,2022-08-03,20462.0,Mascotas,80925.0,Tarjeta crédito,Sitio web,iOS,Pereira,2.0,5,No
TXN-0006267,2023-03-14,59591.0,Libros,100665.0,Tarjeta débito,App móvil,iOS,Medellín,4.0,5,No
TXN-0006873,2024-10-15,35066.0,Belleza,120780.0,Tarjeta crédito,App móvil,Desktop,Bogotá,4.0,5,No
,2022-08-17,24364.0,Moda,117138.0,Contraentrega,App móvil,Android,Bogotá,3.0,5,No
TXN-0002969,2024-12-22,42629.0,Moda,121437.0,Contraentrega,App móvil,Android,Cali,3.0,5,No
TXN-0004547,2023-07-01,35970.0,Hogar,243983.0,PSE,App móvil,iOS,Bucaramanga,4.0,5,No
TXN-0003729,2024-11-12,24511.0,Mascotas,28610.0,PSE,App móvil,Android,Manizales,7.0,5,No
TXN-0000931,2022-05-04,10101.0,Belleza,50593.0,PSE,App móvil,Android,Bogotá,3.0,5,No
TXN-0003886,2023-07-19,16865.0,Moda,200331.0,Tarjeta crédito,App móvil,Android,Pereira,1.0,5,No
TXN-0003846,2023-07-04,24960.0,Electrónica,671265.0,Billetera digital,App móvil,Android,Cali,2.0,5,No
TXN-0006350,2024-04-11,13238.0,Belleza,6118.0,PSE,App móvil,Desktop,Bogotá,4.0,5,No
TXN-0007624,,29213.0,Belleza,60786.0,Tarjeta débito,Sitio web,Desktop,Cartagena,2.0,5,No
TXN-0004491,2022-06-03,51519.0,Electrónica,866947.0,PSE,App móvil,Android,Barranquilla,4.0,5,No
TXN-0007341,2024-11-22,59234.0,Electrónica,161928.0,PSE,Sitio web,Android,Bogotá,3.0,5,No
TXN-0007604,2022-06-08,13351.0,Juguetes,131113.0,Billetera digital,Sitio web,Android,Cartagena,8.0,5,No
TXN-0000328,2024-06-07,58924.0,Moda,98464.0,Billetera digital,Sitio web,iOS,Medellín,1.0,5,No
TXN-0007084,2023-04-03,14237.0,Tecnología,804276.0,Billetera digital,App móvil,iOS,Cartagena,5.0,5,No
TXN-0001937,2024-03-13,58491.0,Deportes,185155.0,Tarjeta crédito,App móvil,Desktop,Pereira,2.0,5,No
TXN-0005534,2022-10-17,19974.0,Electrónica,310531.0,Tarjeta crédito,App móvil,Android,Cartagena,9.0,3,No
TXN-0005469,2022-10-23,23032.0,Alimentos,63731.0,PSE,Sitio web,,Bogotá,2.0,5,No
TXN-0007477,2023-06-04,58076.0,Hogar,232687.0,Contraentrega,App móvil,Android,Barranquilla,3.0,5,No
TXN-0007603,2024-12-02,52397.0,Mascotas,56568.0,PSE,Sitio web,Android,Manizales,2.0,5,No
TXN-0001666,2022-01-21,42374.0,Juguetes,131632.0,Tarjeta débito,Sitio web,iOS,Bucaramanga,8.0,4,No
TXN-0002256,2022-07-04,20615.0,Electrónica,606737.0,Tarjeta débito,Sitio web,Android,BOGOTÁ,2.0,5,No
TXN-0006156,2022-09-27,15207.0,Libros,41652.0,Tarjeta crédito,App móvil,Desktop,Cúcuta,2.0,5,No
TXN-0003793,2023-03-01,49227.0,Moda,84626.0,Tarjeta crédito,App móvil,iOS,Bogotá,2.0,5,No
,2024-04-27,47460.0,Deportes,226595.0,Billetera digital,App móvil,Desktop,Cúcuta,5.0,5,No
TXN-0007578,2022-11-05,52830.0,Mascotas,45212.0,PSE,App móvil,Android,Bogotá,7.0,5,No
TXN-0005790,2024-08-22,10662.0,Alimentos,25976.0,Tarjeta débito,App móvil,Android,Cali,7.0,5,No
TXN-0005278,2024-11-01,59743.0,Electrónica,392072.0,Tarjeta débito,App móvil,Android,Ibagué,5.0,5,No
TXN-0007715,2023-05-27,20757.0,Deportes,120829.0,Contraentrega,App móvil,Android,MANIZALES,3.0,5,Sí
TXN-0001539,2023-07-28,43712.0,Tecnología,1413826.0,Tarjeta crédito,App móvil,Android,Barranquilla,2.0,5,No
TXN-0005769,2022-11-15,55513.0,Libros,5000.0,PSE,Sitio web,Android,Bogotá,2.0,5,No
TXN-0003575,2024-03-03,36445.0,Deportes,59592.0,Tarjeta débito,App móvil,Android,Bogotá,8.0,3,No
TXN-0005045,2024-12-08,32860.0,Alimentos,56063.0,PSE,App móvil,Desktop,Bogotá,7.0,5,No
TXN-0003927,2024-11-07,29785.0,Hogar,134165.0,Tarjeta crédito,Sitio web,Android,IBAGUÉ,7.0,5,No
TXN-0006258,2024-06-19,30081.0,Deportes,212097.0,Tarjeta crédito,App móvil,,Bogotá,6.0,5,No
TXN-0001323,2022-04-24,32599.0,Moda,166150.0,Tarjeta débito,App móvil,Android,Manizales,6.0,5,No
TXN-0003889,2022-10-24,20687.0,Belleza,59557.0,PSE,App móvil,,BARRANQUILLA,1.0,5,No
TXN-0001509,2023-02-19,13726.0,Tecnología,582753.0,PSE,App móvil,Android,Barranquilla,4.0,5,No
TXN-0002069,2023-02-20,28133.0,Libros,34798.0,Tarjeta crédito,Sitio web,Android,Bogotá,1.0,5,No
TXN-0004073,2022-04-09,30446.0,Hogar,79181.0,Contraentrega,App móvil,Android,MEDELLÍN,5.0,5,No
TXN-0001865,2022-12-26,13475.0,Belleza,88439.0,Billetera digital,Sitio web,Android,Cali,8.0,4,No
TXN-0000869,2022-09-21,17497.0,Electrónica,746521.0,Tarjeta crédito,App móvil,iOS,Cúcuta,2.0,5,No
TXN-0007556,2024-06-17,57307.0,HOGAR,259465.0,Contraentrega,App móvil,Android,Bogotá,4.0,5,No
TXN-0002170,2022-11-07,35054.0,Hogar,201062.0,Tarjeta crédito,App móvil,Android,Cúcuta,5.0,5,No
TXN-0004731,2023-12-20,43692.0,Belleza,104084.0,Contraentrega,Sitio web,iOS,Bogotá,4.0,5,No
TXN-0002248,2023-12-03,,Belleza,100236.0,Contraentrega,App móvil,Android,Manizales,7.0,5,Sí
TXN-0000221,2022-08-12,58202.0,Moda,105473.0,Billetera digital,App móvil,iOS,Pereira,5.0,5,No
TXN-0003000,2022-06-14,10222.0,Alimentos,36313.0,Tarjeta débito,App móvil,iOS,Bogotá,3.0,5,No
,2024-04-13,34198.0,Alimentos,59855.0,Billetera digital,Sitio web,Android,Pereira,3.0,5,No
TXN-0006767,2024-09-23,49046.0,Hogar,297083.0,Tarjeta crédito,App móvil,iOS,Bogotá,9.0,3,No
TXN-0003213,2022-07-09,29145.0,Moda,178797.0,Tarjeta crédito,App móvil,Android,Medellín,6.0,5,No
TXN-0006956,2024-07-23,40790.0,Alimentos,46416.0,Tarjeta crédito,App móvil,Desktop,Bucaramanga,4.0,5,No
TXN-0000305,,44628.0,MODA,83647.0,Contraentrega,App móvil,iOS,Bogotá,5.0,5,No
TXN-0003098,2023-09-10,23550.0,Libros,52103.0,Tarjeta crédito,App móvil,Android,Cali,5.0,5,No
TXN-0007842,2024-11-01,22833.0,Belleza,6031.0,Tarjeta crédito,App móvil,Android,Bucaramanga,4.0,5,No
TXN-0001852,2022-12-07,32934.0,Deportes,221022.0,Tarjeta crédito,App móvil,Android,Cali,4.0,5,No
TXN-0006008,2024-05-19,47796.0,Tecnología,935724.0,Contraentrega,Sitio web,Android,Bogotá,4.0,5,No
TXN-0001097,2022-02-19,18130.0,Hogar,151850.0,Tarjeta crédito,Sitio web,iOS,Cúcuta,4.0,5,No
TXN-0005954,2023-09-08,39244.0,Belleza,61971.0,Billetera digital,App móvil,Android,Cúcuta,3.0,5,No
TXN-0000047,2024-10-23,27256.0,Tecnología,862043.0,Billetera digital,App móvil,Android,Bucaramanga,6.0,5,No
TXN-0003212,2022-11-17,,Alimentos,28357.0,Billetera digital,App móvil,Android,Barranquilla,6.0,5,No
TXN-0001146,,27750.0,Juguetes,19552.0,Tarjeta débito,Sitio web,iOS,Cartagena,3.0,5,No
TXN-0004709,2023-08-30,21794.0,HOGAR,149533.0,Tarjeta crédito,App móvil,Android,Manizales,5.0,5,No
TXN-0006014,2024-05-08,26117.0,Deportes,189882.0,PSE,App móvil,iOS,Barranquilla,6.0,5,No
TXN-0002534,2023-11-18,13041.0,Deportes,62331.0,Tarjeta débito,App móvil,iOS,Cali,5.0,5,No
TXN-0003771,2023-04-10,52195.0,Electrónica,339842.0,Contraentrega,App móvil,iOS,Cali,4.0,5,No
TXN-0000718,2022-06-23,56955.0,Alimentos,45543.0,Tarjeta crédito,Sitio web,iOS,Pereira,6.0,5,No
TXN-0001495,2023-03-08,47385.0,Alimentos,36141.0,Tarjeta crédito,Sitio web,iOS,Cali,4.0,5,No
TXN-0003111,2022-09-02,46503.0,Moda,149953.0,Tarjeta crédito,App móvil,Desktop,Bogotá,1.0,5,No
TXN-0000596,,29297.0,Hogar,180238.0,Tarjeta crédito,App móvil,iOS,Medellín,4.0,5,No
TXN-0000590,2024-12-13,,Moda,5000.0,Tarjeta crédito,Sitio web,Desktop,Barranquilla,3.0,5,No
TXN-0000523,2024-09-29,15763.0,Alimentos,47443.0,Billetera digital,Sitio web,Android,Bogotá,3.0,5,No
TXN-0002751,2023-12-06,35958.0,Electrónica,794595.0,Tarjeta crédito,App móvil,Desktop,MEDELLÍN,5.0,5,No
TXN-0001589,2023-06-02,54345.0,Alimentos,19178.0,Tarjeta crédito,App móvil,Desktop,Cali,5.0,5,No
TXN-0006897,2023-04-20,57453.0,Hogar,63519.0,PSE,App móvil,iOS,Bogotá,9.0,4,No
TXN-0007416,2024-04-16,45888.0,Belleza,46432.0,Tarjeta crédito,App móvil,iOS,Bogotá,3.0,5,No
TXN-0004175,2023-09-26,30617.0,Belleza,83517.0,Contraentrega,Sitio web,Android,Bogotá,3.0,5,Sí
TXN-0003247,2024-02-28,49709.0,Hogar,348965.0,Tarjeta débito,App móvil,Android,Bogotá,6.0,5,No
TXN-0001069,,57532.0,Alimentos,76854.0,Tarjeta crédito,Sitio web,Android,Bogotá,4.0,5,No
TXN-0007483,2023-10-01,42321.0,Electrónica,1166123.0,Tarjeta débito,Sitio web,Android,Medellín,2.0,5,No
TXN-0005810,,24546.0,Hogar,157660.0,PSE,Sitio web,iOS,BOGOTÁ,3.0,5,No
TXN-0001532,2024-01-22,14845.0,Electrónica,293494.0,PSE,App móvil,Android,Barranquilla,3.0,5,No
TXN-0002781,2023-04-30,56085.0,Juguetes,139537.0,Tarjeta débito,Sitio web,Android,Bogotá,3.0,5,No
TXN-0007447,2024-04-24,37249.0,Electrónica,733348.0,Contraentrega,App móvil,Desktop,Bogotá,7.0,5,No
TXN-0004645,2024-12-13,53362.0,Juguetes,64474.0,Tarjeta crédito,Sitio web,Android,Barranquilla,1.0,5,No
TXN-0006150,2024-07-18,52291.0,Belleza,111670.0,Contraentrega,App móvil,Android,Barranquilla,5.0,5,No
TXN-0003804,2022-07-09,11729.0,Electrónica,665018.0,Tarjeta crédito,Sitio web,Android,Manizales,4.0,5,No
TXN-0005314,2024-07-23,37595.0,Moda,117684.0,Tarjeta crédito,App móvil,Desktop,Bucaramanga,6.0,5,No
TXN-0007455,2023-09-12,12248.0,Deportes,201373.0,Tarjeta débito,Sitio web,iOS,Cúcuta,3.0,5,No
TXN-0005826,2022-03-14,57491.0,Mascotas,29298.0,PSE,Sitio web,Desktop,Barranquilla,6.0,5,No
TXN-0004403,2023-09-22,54710.0,Mascotas,30619.0,PSE,App móvil,Desktop,Cali,8.0,4,No
TXN-0007811,2024-07-11,45341.0,Belleza,101079.0,Tarjeta crédito,App móvil,Desktop,Cali,3.0,5,No
TXN-0006859,2023-11-18,43041.0,Electrónica,715955.0,Tarjeta débito,App móvil,Android,Bogotá,1.0,5,No
TXN-0000416,2024-05-28,42362.0,Electrónica,494062.0,Billetera digital,App móvil,Desktop,Ibagué,2.0,5,No
TXN-0005834,2023-10-17,11788.0,Electrónica,804716.0,Billetera digital,Sitio web,Android,Bogotá,5.0,5,No
TXN-0003753,2023-02-22,33143.0,ELECTRÓNICA,564384.0,Tarjeta crédito,App móvil,iOS,Cali,4.0,5,No
TXN-0001684,2023-12-09,49449.0,BELLEZA,87988.0,Tarjeta débito,App móvil,Android,Cartagena,6.0,5,No
TXN-0005690,,58646.0,Moda,153731.0,Tarjeta crédito,Sitio web,iOS,Bogotá,5.0,5,No
TXN-0000431,2024-05-24,55425.0,Belleza,72613.0,Contraentrega,Sitio web,Android,MEDELLÍN,1.0,5,No
TXN-0002591,2022-05-22,51773.0,Electrónica,1056775.0,Tarjeta crédito,App móvil,Android,Bucaramanga,6.0,5,No
TXN-0003023,2023-09-03,42490.0,Moda,53147.0,Tarjeta crédito,App móvil,Android,Bogotá,1.0,5,No
TXN-0002586,2023-10-14,48901.0,Belleza,114208.0,Billetera digital,App móvil,Android,Manizales,2.0,5,No
TXN-0003014,2023-05-07,49943.0,Moda,111350.0,Contraentrega,App móvil,Android,Bogotá,3.0,5,No
TXN-0001958,2023-06-14,52116.0,Moda,153476.0,Tarjeta crédito,App móvil,iOS,Medellín,1.0,5,No
TXN-0006042,2022-08-06,35445.0,Hogar,240691.0,Tarjeta crédito,Sitio web,iOS,Cali,4.0,5,No
TXN-0003982,2022-09-10,54295.0,Hogar,164639.0,PSE,Sitio web,Android,Bogotá,4.0,5,No
TXN-0005793,2023-09-13,,Hogar,109612.0,Tarjeta crédito,Sitio web,Android,Bogotá,1.0,5,No
TXN-0003758,2022-08-28,43922.0,Electrónica,703751.0,PSE,App móvil,Desktop,Medellín,5.0,5,No
TXN-0004287,2023-08-03,26660.0,Alimentos,12465.0,PSE,App móvil,Android,Medellín,5.0,5,No
TXN-0003006,2022-12-30,23372.0,Electrónica,1127769.0,Tarjeta crédito,App móvil,Desktop,Bogotá,1.0,5,No
TXN-0004849,2024-07-11,36216.0,Tecnología,1210729.0,PSE,Sitio web,iOS,Bogotá,8.0,3,Sí
TXN-0002292,2022-09-08,16117.0,Electrónica,916488.0,Tarjeta crédito,Sitio web,Android,Bogotá,8.0,4,No
TXN-0004233,2022-03-26,40342.0,Electrónica,872732.0,PSE,App móvil,iOS,Medellín,1.0,5,No
TXN-0005774,2023-08-02,23044.0,Hogar,288196.0,Contraentrega,Sitio web,Android,Cartagena,5.0,5,No
TXN-0006556,2023-12-29,41740.0,Hogar,143725.0,Tarjeta débito,App móvil,Desktop,Barranquilla,4.0,5,No
TXN-0004623,2022-02-25,43904.0,Electrónica,549064.0,Tarjeta débito,App móvil,Android,Cartagena,8.0,5,No
TXN-0000355,2024-01-13,32209.0,Belleza,52594.0,PSE,Sitio web,Desktop,Medellín,4.0,5,No
TXN-0007393,2024-04-26,43368.0,Electrónica,234655.0,Tarjeta crédito,App móvil,Desktop,Medellín,3.0,5,No
TXN-0005393,2024-04-23,19249.0,Mascotas,15361.0,PSE,Sitio web,Desktop,Cali,2.0,5,No
TXN-0007314,2023-09-07,27018.0,Moda,103917.0,Contraentrega,Sitio web,Desktop,CALI,2.0,5,No
,2023-01-22,52840.0,ALIMENTOS,55642.0,Contraentrega,App móvil,Android,Medellín,3.0,5,No
TXN-0002942,2022-01-31,34121.0,Moda,144740.0,Contraentrega,App móvil,Desktop,Cartagena,6.0,5,No
TXN-0003571,2022-02-09,16710.0,Mascotas,71166.0,Tarjeta crédito,App móvil,Android,CARTAGENA,3.0,5,No
TXN-0005420,2024-08-30,21788.0,Electrónica,511005.0,Contraentrega,App móvil,Android,Bucaramanga,1.0,5,No
TXN-0001476,2022-10-13,24253.0,Hogar,159230.0,PSE,App móvil,Android,Medellín,6.0,5,No
TXN-0006763,2024-03-13,13887.0,Moda,71756.0,PSE,App móvil,Android,Bogotá,7.0,5,No
TXN-0007965,2023-05-27,21171.0,Moda,166735.0,Billetera digital,Sitio web,Desktop,Bogotá,6.0,5,No
TXN-0006580,2024-03-19,53245.0,Moda,171474.0,Billetera digital,App móvil,,Medellín,3.0,5,No
TXN-0003661,2023-04-27,47151.0,Hogar,180889.0,Tarjeta débito,App móvil,Android,Medellín,1.0,5,No
TXN-0000003,2024-02-24,19405.0,Tecnología,583425.0,Contraentrega,App móvil,Android,Bogotá,1.0,5,No
TXN-0002098,2023-03-07,56349.0,Moda,196458.0,Tarjeta crédito,Sitio web,Android,Bogotá,5.0,5,No
TXN-0002616,2023-04-15,11911.0,Alimentos,56598.0,PSE,App móvil,Desktop,Cali,4.0,5,No
TXN-0001068,2022-08-15,12826.0,Electrónica,743698.0,Tarjeta débito,App móvil,Desktop,Barranquilla,7.0,5,No
TXN-0000181,2022-04-02,27817.0,Moda,56212.0,Tarjeta crédito,App móvil,Android,Bogotá,4.0,5,No
,2022-06-24,28132.0,Hogar,199195.0,Tarjeta crédito,App móvil,Android,Cali,4.0,5,No
TXN-0004089,2022-06-30,30125.0,Belleza,26305.0,Tarjeta crédito,App móvil,Desktop,Ibagué,3.0,5,No
TXN-0004726,2023-01-16,56277.0,Belleza,55322.0,Tarjeta débito,App móvil,Android,Barranquilla,4.0,5,No
TXN-0000402,2023-09-18,53356.0,Belleza,54084.0,Billetera digital,App móvil,Android,Bogotá,5.0,5,No
TXN-0005201,2022-08-12,17768.0,Moda,73024.0,Tarjeta débito,Sitio web,Desktop,Ibagué,5.0,5,No
TXN-0002908,2024-04-14,28929.0,Deportes,105560.0,PSE,App móvil,Desktop,Bogotá,6.0,5,No
TXN-0001450,2022-04-03,31827.0,HOGAR,46546.0,PSE,Sitio web,Android,Cali,4.0,5,No
TXN-0006483,2022-09-01,19312.0,Belleza,33380.0,Tarjeta débito,App móvil,Desktop,Bogotá,5.0,5,No
TXN-0000173,2024-12-09,45407.0,Hogar,157746.0,PSE,App móvil,Desktop,Bogotá,5.0,5,No
,2024-01-11,33101.0,Electrónica,657045.0,Contraentrega,App móvil,iOS,Bogotá,5.0,5,No
TXN-0004764,2024-02-29,36019.0,Libros,58221.0,Tarjeta crédito,Sitio web,Android,MANIZALES,5.0,5,No
TXN-0007648,2024-08-01,38431.0,Moda,138218.0,Tarjeta crédito,Sitio web,Android,Cali,5.0,5,No
TXN-0007028,2022-01-14,14084.0,Libros,68689.0,Tarjeta crédito,Sitio web,Desktop,Medellín,3.0,5,Sí
TXN-0003857,2022-10-10,19832.0,Belleza,107759.0,Contraentrega,Sitio web,Android,Barranquilla,6.0,5,No
TXN-0002524,2022-09-16,35621.0,Deportes,273491.0,Billetera digital,Sitio web,iOS,Bogotá,7.0,5,No
TXN-0001917,2023-01-11,47256.0,Tecnología,1622955.0,Tarjeta crédito,App móvil,Desktop,Cali,3.0,5,No
TXN-0005010,2022-10-19,11455.0,Mascotas,59861.0,PSE,App móvil,Android,Barranquilla,1.0,5,No
TXN-0002536,2023-11-08,41383.0,Mascotas,98098.0,Contraentrega,App móvil,Android,Manizales,9.0,4,No
TXN-0007644,2022-03-12,20541.0,Moda,189110.0,Tarjeta débito,App móvil,Android,Cali,3.0,5,No
TXN-0002691,2023-08-28,26871.0,Moda,102775.0,Tarjeta crédito,App móvil,iOS,Ibagué,7.0,5,No
TXN-0003300,2023-02-19,11342.0,Tecnología,515230.0,Tarjeta crédito,Sitio web,Android,Cali,1.0,5,No
TXN-0002029,2023-12-04,21398.0,Hogar,212536.0,Tarjeta débito,App móvil,Android,Cartagena,3.0,5,No
TXN-0000776,2024-08-01,25200.0,Hogar,227746.0,PSE,Sitio web,Android,Bogotá,6.0,5,No
TXN-0006586,2022-10-15,23194.0,Alimentos,5000.0,Contraentrega,Sitio web,Android,Bogotá,6.0,5,No
TXN-0001005,2022-06-01,15133.0,Deportes,89415.0,PSE,App móvil,Android,Bogotá,4.0,5,No
TXN-0000412,2024-02-22,59496.0,Alimentos,55102.0,Tarjeta crédito,App móvil,Android,CÚCUTA,4.0,5,No
TXN-0000259,2022-10-12,34712.0,Alimentos,24701.0,Tarjeta crédito,Sitio web,Android,Ibagué,3.0,5,Sí
TXN-0000901,2022-10-25,25043.0,DEPORTES,272521.0,PSE,App móvil,Android,Cali,4.0,5,No
TXN-0005669,2024-05-28,21945.0,Hogar,183327.0,PSE,Sitio web,Android,Bogotá,6.0,5,No
TXN-0003837,2024-08-11,25491.0,Hogar,134482.0,Contraentrega,App móvil,iOS,Ibagué,4.0,5,No
TXN-0005703,2024-10-21,27295.0,Hogar,146519.0,Tarjeta débito,App móvil,Android,Medellín,5.0,5,No
TXN-0006290,2024-03-15,51829.0,Tecnología,1638434.0,Tarjeta débito,App móvil,Android,Pereira,2.0,5,No
TXN-0006896,2023-03-12,29680.0,Belleza,66341.0,Tarjeta débito,App móvil,iOS,Medellín,3.0,5,No
TXN-0004059,2024-04-21,,Alimentos,64101.0,Contraentrega,App móvil,iOS,BOGOTÁ,7.0,5,No
TXN-0005620,2024-12-15,38291.0,Belleza,41926.0,Tarjeta débito,Sitio web,Android,Medellín,2.0,5,No
TXN-0001416,2023-04-20,14532.0,Hogar,182215.0,Tarjeta crédito,App móvil,Android,Pereira,6.0,5,No
TXN-0006606,2023-10-24,51680.0,Belleza,77871.0,Contraentrega,App móvil,Android,Cali,7.0,5,No
TXN-0000792,2024-12-18,11525.0,Tecnología,865414.0,Billetera digital,App móvil,Android,Barranquilla,3.0,5,No
TXN-0000531,2024-07-04,55019.0,Libros,66809.0,Tarjeta débito,App móvil,Android,Bogotá,6.0,5,No
TXN-0000898,2023-12-12,47088.0,Belleza,44205.0,Tarjeta crédito,App móvil,iOS,Medellín,5.0,5,No
,2023-11-08,14282.0,Moda,139500.0,Tarjeta débito,Sitio web,iOS,Medellín,10.0,5,No
TXN-0003290,2023-07-03,38697.0,Juguetes,65880.0,Tarjeta débito,Sitio web,Desktop,Ibagué,5.0,5,No
TXN-0007152,2024-05-03,,Juguetes,135163.0,Tarjeta crédito,App móvil,Android,Cali,3.0,5,No
TXN-0007550,2024-08-13,36172.0,Alimentos,48240.0,Tarjeta débito,App móvil,Android,Pereira,7.0,5,No
TXN-0000966,2022-03-27,32978.0,Hogar,138597.0,PSE,Sitio web,Android,Ibagué,2.0,5,No
TXN-0002515,2022-11-18,15880.0,Electrónica,906880.0,Billetera digital,App móvil,Android,Bogotá,3.0,5,No
TXN-0000834,,50540.0,ELECTRÓNICA,584437.0,Tarjeta débito,App móvil,Desktop,Pereira,4.0,5,No
TXN-0005492,2023-11-28,23830.0,Mascotas,96272.0,Tarjeta crédito,App móvil,Android,Medellín,6.0,5,No
TXN-0004480,2024-05-07,49091.0,Belleza,98540.0,PSE,App móvil,Android,Cali,5.0,5,No
,2024-12-14,41487.0,Electrónica,26517.0,PSE,App móvil,Android,Bogotá,2.0,5,No
TXN-0004887,2023-02-28,45194.0,Belleza,39469.0,Billetera digital,Sitio web,iOS,Cali,8.0,4,No
TXN-0005881,2022-05-20,55162.0,Electrónica,777137.0,Billetera digital,App móvil,Android,Bogotá,6.0,5,No
TXN-0002599,2023-06-10,23693.0,Alimentos,31311.0,Tarjeta crédito,App móvil,Android,Cali,5.0,5,No
TXN-0003884,2023-09-18,36241.0,Hogar,185083.0,Contraentrega,App móvil,Desktop,Bogotá,2.0,5,No
TXN-0000781,2022-06-26,53888.0,Moda,167634.0,Contraentrega,App móvil,Android,Bucaramanga,3.0,5,No
TXN-0006241,2023-12-17,40365.0,Deportes,202344.0,Tarjeta crédito,App móvil,Android,Barranquilla,2.0,5,Sí
TXN-0001180,2023-12-28,46809.0,Electrónica,397677.0,Billetera digital,Sitio web,iOS,Bogotá,5.0,5,No
TXN-0001109,2024-01-28,55103.0,Deportes,147093.0,Billetera digital,Sitio web,Android,Cali,4.0,5,No
TXN-0002852,2022-01-26,43754.0,TECNOLOGÍA,979934.0,Tarjeta crédito,App móvil,Android,Bogotá,2.0,5,No
TXN-0005925,2023-06-01,56074.0,Belleza,94271.0,Tarjeta crédito,App móvil,Android,Bogotá,5.0,5,No
TXN-0005241,2023-10-10,58274.0,Belleza,109966.0,Contraentrega,Sitio web,Desktop,Cartagena,1.0,5,Sí
TXN-0000133,2023-07-30,35081.0,Alimentos,49215.0,Contraentrega,App móvil,Android,Bogotá,1.0,5,No
TXN-0002477,,27559.0,Electrónica,555742.0,Tarjeta débito,Sitio web,Android,Ibagué,3.0,5,No
TXN-0005299,2024-08-24,20860.0,Libros,72602.0,PSE,Sitio web,iOS,Cartagena,2.0,5,No
TXN-0007845,2023-09-13,46373.0,Mascotas,41331.0,PSE,Sitio web,Android,Bogotá,1.0,5,No
TXN-0002868,2023-08-10,53756.0,Moda,78890.0,Billetera digital,App móvil,Android,Ibagué,6.0,5,No
TXN-0002320,2023-09-19,58255.0,Deportes,91910.0,Billetera digital,App móvil,Android,Bogotá,2.0,5,No
TXN-0005554,2024-05-04,53288.0,Moda,146608.0,Contraentrega,App móvil,Android,Barranquilla,3.0,5,No
TXN-0002881,2022-12-31,10694.0,Juguetes,120819.0,Tarjeta crédito,App móvil,Desktop,Cartagena,1.0,5,No
TXN-0004150,2023-09-06,57299.0,Hogar,187806.0,Tarjeta crédito,App móvil,,Barranquilla,1.0,5,No
TXN-0000620,2023-04-30,55883.0,Belleza,97871.0,Tarjeta crédito,Sitio web,iOS,Bogotá,4.0,5,Sí
TXN-0001016,2022-10-03,38807.0,Libros,57771.0,Tarjeta débito,Sitio web,Android,Bogotá,3.0,5,No
TXN-0004381,2022-08-24,59654.0,Electrónica,567695.0,Tarjeta débito,App móvil,iOS,Bogotá,2.0,5,No
TXN-0003501,2022-11-04,40576.0,Belleza,76175.0,Billetera digital,App móvil,Desktop,Manizales,4.0,5,No
TXN-0004799,2024-05-06,58801.0,Moda,167125.0,Tarjeta crédito,App móvil,Desktop,Bogotá,5.0,5,No
TXN-0001552,2024-03-28,29591.0,Electrónica,898631.0,Contraentrega,App móvil,iOS,Cúcuta,4.0,5,No
TXN-0001297,2024-05-31,45067.0,Moda,44727.0,Contraentrega,Sitio web,Android,Bogotá,3.0,5,No
TXN-0003734,2023-06-06,50799.0,Tecnología,667058.0,Tarjeta crédito,App móvil,Android,Bogotá,1.0,5,No
TXN-0001953,2024-03-15,14665.0,Belleza,39952.0,Tarjeta crédito,App móvil,Android,Bogotá,8.0,3,No
TXN-0002828,2022-10-21,18074.0,Libros,65118.0,PSE,Sitio web,Desktop,Bogotá,1.0,5,No
TXN-0004518,2023-11-08,28716.0,Hogar,301881.0,Contraentrega,Sitio web,Android,Manizales,4.0,5,Sí
TXN-0007750,2022-04-11,45844.0,Deportes,79208.0,Tarjeta crédito,App móvil,Android,Barranquilla,5.0,5,No
TXN-0007382,2023-02-07,21238.0,Belleza,110237.0,PSE,Sitio web,Android,Barranquilla,1.0,5,No
TXN-0005584,2024-02-14,47741.0,Moda,118150.0,Billetera digital,Sitio web,Android,Bogotá,3.0,5,No
TXN-0003066,2023-02-26,56591.0,Libros,53361.0,Tarjeta crédito,App móvil,Desktop,Barranquilla,4.0,5,No
TXN-0004707,2023-06-04,54397.0,Moda,84073.0,Tarjeta crédito,App móvil,iOS,Bogotá,2.0,5,No
TXN-0000475,2022-09-12,24579.0,Electrónica,721477.0,PSE,App móvil,Android,Medellín,5.0,5,No
TXN-0004656,2024-09-20,50440.0,Belleza,42638.0,Tarjeta crédito,App móvil,iOS,Bogotá,3.0,5,No
TXN-0003050,2023-01-21,44496.0,Deportes,122525.0,Contraentrega,App móvil,iOS,Bogotá,1.0,5,No
TXN-0002298,2023-04-06,44990.0,Electrónica,779807.0,Tarjeta débito,App móvil,iOS,Cúcuta,7.0,5,No
TXN-0006013,2024-09-05,52021.0,Libros,54078.0,Contraentrega,App móvil,Android,Cali,7.0,5,No
TXN-0005676,2022-07-19,33421.0,Hogar,140775.0,Tarjeta crédito,Sitio web,Desktop,Barranquilla,2.0,5,No
TXN-0002682,2022-05-06,,Electrónica,1110410.0,Tarjeta crédito,App móvil,iOS,Barranquilla,3.0,5,No
TXN-0007904,2024-10-19,59433.0,Alimentos,20086.0,Billetera digital,App móvil,Android,Bucaramanga,7.0,5,No
TXN-0007878,2023-05-22,47682.0,Deportes,178085.0,Contraentrega,App móvil,,Medellín,3.0,5,No
TXN-0007207,2022-10-27,28151.0,Libros,66962.0,Tarjeta débito,App móvil,Android,Cartagena,3.0,5,No
TXN-0005596,2024-02-09,32416.0,Juguetes,74393.0,Tarjeta débito,Sitio web,Android,Bogotá,2.0,5,No
TXN-0002907,2022-12-15,48846.0,Deportes,149411.0,Tarjeta crédito,App móvil,,Medellín,8.0,4,No
TXN-0005236,2023-09-12,45999.0,Belleza,82806.0,Tarjeta débito,App móvil,Android,Bogotá,5.0,5,No
TXN-0007621,2022-10-14,14785.0,BELLEZA,97323.0,Tarjeta débito,Sitio web,iOS,Cúcuta,3.0,5,No
TXN-0003443,2022-11-19,39857.0,Hogar,140710.0,Tarjeta crédito,App móvil,Android,Bogotá,8.0,3,No
TXN-0002802,2022-10-13,31413.0,Belleza,78452.0,Tarjeta crédito,App móvil,Desktop,Medellín,7.0,5,No
TXN-0007003,2023-10-21,12758.0,Belleza,100258.0,Tarjeta crédito,App móvil,Android,Cali,3.0,5,No
TXN-0003199,,29729.0,Moda,90407.0,Billetera digital,App móvil,iOS,Cali,4.0,5,No
TXN-0003897,2023-09-29,19238.0,Belleza,78016.0,PSE,App móvil,Android,Cali,2.0,5,No
TXN-0001458,2024-11-08,39612.0,Moda,161690.0,Tarjeta crédito,App móvil,Desktop,Bogotá,4.0,5,No
TXN-0000770,2022-01-20,25682.0,Alimentos,74980.0,Contraentrega,Sitio web,Android,Bogotá,7.0,5,No
TXN-0003548,2024-07-10,40658.0,Tecnología,1286752.0,Tarjeta crédito,Sitio web,Android,Cali,5.0,5,No
TXN-0001991,2023-12-08,32865.0,Tecnología,1271588.0,Tarjeta débito,App móvil,Android,Barranquilla,8.0,4,No
TXN-0004034,2022-01-08,16793.0,Mascotas,27325.0,Tarjeta débito,App móvil,Android,Medellín,3.0,5,No
TXN-0001303,2023-09-23,49224.0,Moda,132241.0,Tarjeta débito,Sitio web,Desktop,Medellín,5.0,5,No
TXN-0003307,2022-07-30,34041.0,Tecnología,588722.0,Contraentrega,Sitio web,Android,Barranquilla,8.0,4,No
TXN-0006760,2023-08-03,33227.0,Belleza,101516.0,Tarjeta crédito,App móvil,Android,Medellín,2.0,5,No
TXN-0001134,2023-09-23,24541.0,MODA,159420.0,Tarjeta débito,App móvil,Desktop,BARRANQUILLA,3.0,5,No
TXN-0004101,2023-04-05,57771.0,Moda,129995.0,Tarjeta crédito,App móvil,Android,Manizales,4.0,5,No
TXN-0000439,2022-04-16,13577.0,Alimentos,32156.0,Tarjeta débito,App móvil,Android,Bucaramanga,3.0,5,No
TXN-0005766,2022-04-21,13353.0,Moda,146755.0,PSE,App móvil,iOS,Bogotá,6.0,5,No
TXN-0000250,2024-04-04,11722.0,Moda,108816.0,Tarjeta débito,App móvil,iOS,Barranquilla,5.0,5,No
TXN-0003191,2022-08-09,18555.0,Electrónica,429472.0,Billetera digital,App móvil,iOS,Bucaramanga,5.0,5,No
TXN-0007292,2024-10-29,21019.0,Juguetes,73803.0,Contraentrega,App móvil,iOS,Cali,1.0,5,No
TXN-0004198,2024-04-17,32921.0,Libros,31206.0,Contraentrega,Sitio web,,Medellín,10.0,4,No
,2023-07-04,14242.0,Belleza,69031.0,Billetera digital,App móvil,,Bucaramanga,4.0,5,No
TXN-0000610,2022-10-27,23434.0,Mascotas,100715.0,Tarjeta crédito,App móvil,Android,Ibagué,4.0,5,No
TXN-0006101,2024-12-12,57582.0,Deportes,144560.0,Billetera digital,App móvil,Desktop,Bogotá,1.0,5,No
TXN-0001310,2022-05-13,45753.0,Electrónica,336160.0,Tarjeta débito,Sitio web,iOS,Bogotá,5.0,5,No
TXN-0001155,2023-05-04,50326.0,Belleza,125545.0,Billetera digital,App móvil,Android,Barranquilla,3.0,5,No
TXN-0007192,2023-02-19,25047.0,ALIMENTOS,74100.0,Tarjeta débito,App móvil,Android,Medellín,4.0,5,No
TXN-0005585,2023-03-23,49863.0,Libros,75552.0,Contraentrega,App móvil,Android,Barranquilla,4.0,5,No
TXN-0000735,2023-04-05,42866.0,Deportes,235091.0,Tarjeta crédito,Sitio web,,Bogotá,4.0,5,No
TXN-0002968,2022-03-02,28921.0,Alimentos,67405.0,Tarjeta débito,Sitio web,Android,Barranquilla,4.0,5,No
TXN-0005878,2022-09-27,56263.0,Electrónica,529969.0,PSE,App móvil,iOS,Bucaramanga,4.0,5,No
TXN-0004047,2022-05-14,59017.0,Moda,104091.0,Tarjeta crédito,Sitio web,Android,Bucaramanga,4.0,5,No
TXN-0001522,2023-03-03,54740.0,Tecnología,860085.0,Tarjeta crédito,Sitio web,Android,Barranquilla,4.0,5,No
TXN-0003614,2024-08-05,38902.0,Belleza,58356.0,Contraentrega,Sitio web,iOS,Pereira,3.0,5,Sí
TXN-0004564,2022-06-04,28336.0,Libros,74902.0,Tarjeta crédito,App móvil,Android,Cali,5.0,5,No
TXN-0007226,2024-05-14,52681.0,Hogar,162815.0,Tarjeta crédito,App móvil,Desktop,Bogotá,3.0,5,No
TXN-0003175,2024-08-11,33081.0,Moda,85333.0,PSE,App móvil,Android,Bogotá,3.0,5,No
TXN-0003468,2022-05-16,16909.0,Electrónica,480948.0,Contraentrega,Sitio web,Android,Medellín,4.0,5,No
TXN-0007951,2024-03-16,,Belleza,93528.0,Billetera digital,Sitio web,,Bogotá,4.0,5,No
TXN-0007150,2024-06-13,50828.0,Belleza,91284.0,Contraentrega,App móvil,Desktop,Ibagué,3.0,5,No
TXN-0006379,2022-07-16,37674.0,Moda,111817.0,Tarjeta crédito,App móvil,iOS,Bogotá,3.0,5,No
TXN-0005207,2023-02-06,28907.0,Moda,91255.0,Billetera digital,Sitio web,Android,Bogotá,4.0,5,No
TXN-0002018,2023-06-14,37193.0,Hogar,216510.0,Tarjeta débito,App móvil,,Bogotá,4.0,5,No
TXN-0006694,2024-01-16,14410.0,Hogar,148092.0,Tarjeta crédito,App móvil,Desktop,Bogotá,4.0,5,No
TXN-0000471,2023-09-03,30239.0,Moda,124147.0,PSE,App móvil,Android,Cartagena,6.0,5,No
TXN-0002719,2022-08-11,10137.0,HOGAR,223973.0,Tarjeta crédito,App móvil,Android,Bogotá,4.0,5,No
TXN-0001806,2024-10-26,57142.0,Electrónica,725583.0,Tarjeta crédito,Sitio web,Android,Cali,5.0,5,No
TXN-0005865,2022-09-18,20379.0,Hogar,104010.0,Tarjeta débito,App móvil,Android,Bogotá,4.0,5,No
TXN-0003055,2022-12-17,34017.0,Deportes,127931.0,Tarjeta débito,App móvil,Android,Cartagena,2.0,5,No
TXN-0003781,2024-10-03,36237.0,Alimentos,61170.0,Tarjeta débito,App móvil,Android,Manizales,7.0,5,No
,2022-12-03,48247.0,Hogar,289540.0,Tarjeta crédito,Sitio web,iOS,Cartagena,4.0,5,No
TXN-0000757,2023-04-21,37697.0,Mascotas,93651.0,Tarjeta crédito,Sitio web,iOS,Bogotá,5.0,5,No
TXN-0002750,2022-01-03,45748.0,Deportes,262786.0,PSE,Sitio web,Android,Cúcuta,3.0,5,No
TXN-0000285,2023-08-02,19021.0,Hogar,318970.0,PSE,Sitio web,Android,Medellín,1.0,5,No
TXN-0006213,2023-12-24,39135.0,Deportes,58087.0,Contraentrega,App móvil,iOS,BARRANQUILLA,3.0,5,No
TXN-0004139,2022-12-20,25596.0,Electrónica,127369.0,Tarjeta débito,App móvil,Android,Barranquilla,2.0,5,No
TXN-0006672,2022-05-14,10936.0,Belleza,103132.0,Billetera digital,App móvil,Desktop,Bogotá,4.0,5,No
TXN-0003235,2023-04-28,20983.0,Mascotas,33174.0,Tarjeta débito,Sitio web,Android,Bucaramanga,8.0,5,No
TXN-0000636,2023-10-07,46895.0,Moda,5428.0,Contraentrega,App móvil,Android,Cúcuta,3.0,5,No
TXN-0006519,2024-06-09,20469.0,Electrónica,808729.0,Tarjeta crédito,Sitio web,iOS,Bogotá,3.0,5,Sí
TXN-0000081,2024-12-31,27287.0,Electrónica,963076.0,Tarjeta crédito,App móvil,Android,Cali,6.0,5,No
TXN-0002314,2024-01-08,59146.0,Alimentos,29916.0,Tarjeta débito,App móvil,Desktop,Bogotá,4.0,5,No
TXN-0005924,2022-11-01,37024.0,Electrónica,777082.0,PSE,Sitio web,iOS,Bogotá,2.0,5,No
TXN-0007400,2022-12-31,11113.0,MODA,182535.0,Tarjeta débito,App móvil,Android,IBAGUÉ,6.0,5,No
TXN-0004290,2022-12-28,27008.0,Hogar,157440.0,PSE,Sitio web,iOS,Cúcuta,6.0,5,No
TXN-0007041,2023-03-15,53185.0,Deportes,125485.0,Tarjeta crédito,App móvil,Android,Bogotá,6.0,5,No
TXN-0000783,2023-04-09,45650.0,Alimentos,49430.0,Contraentrega,Sitio web,Desktop,Bogotá,7.0,5,Sí
TXN-0006966,2023-03-24,19637.0,Mascotas,101723.0,Contraentrega,App móvil,Desktop,Cali,6.0,5,No
TXN-0000138,2023-03-10,21562.0,Belleza,77954.0,Tarjeta crédito,App móvil,Desktop,Bogotá,1.0,5,No
TXN-0007176,2024-11-06,56501.0,Electrónica,743265.0,Tarjeta débito,App móvil,Android,Barranquilla,6.0,5,No
TXN-0000734,2022-03-23,14459.0,Tecnología,254158.0,Billetera digital,Sitio web,Android,Pereira,3.0,5,Sí
TXN-0002690,2023-01-17,58756.0,Libros,63994.0,PSE,App móvil,Android,Bogotá,3.0,5,No
TXN-0005043,2022-03-07,30427.0,Moda,200351.0,Tarjeta crédito,App móvil,Android,Medellín,2.0,5,No
TXN-0000736,2023-02-16,46047.0,Hogar,176127.0,PSE,App móvil,Android,Bogotá,4.0,5,No
TXN-0002860,2022-05-21,15702.0,Moda,139255.0,PSE,App móvil,iOS,BOGOTÁ,5.0,5,No
,2024-08-20,23299.0,LIBROS,49080.0,Tarjeta crédito,App móvil,Android,Cartagena,4.0,5,No
TXN-0003607,2024-06-05,58362.0,Belleza,94599.0,Billetera digital,App móvil,iOS,Cartagena,1.0,5,No
TXN-0006024,2022-03-06,22087.0,Electrónica,250857.0,Tarjeta crédito,App móvil,iOS,Bogotá,6.0,5,No
TXN-0001499,2023-02-17,51084.0,Belleza,17005.0,Tarjeta crédito,App móvil,Desktop,Bogotá,3.0,5,No
TXN-0007464,2024-06-03,47273.0,Alimentos,55047.0,Tarjeta crédito,App móvil,iOS,Bogotá,3.0,5,No
TXN-0001694,,10453.0,Belleza,85144.0,Tarjeta débito,App móvil,Desktop,Bogotá,4.0,5,No
TXN-0002859,2024-04-25,24440.0,Electrónica,420990.0,Tarjeta crédito,Sitio web,Android,Bucaramanga,4.0,5,No
TXN-0006983,2023-02-06,12257.0,Electrónica,679533.0,Tarjeta crédito,App móvil,,Cali,5.0,5,No
TXN-0005119,2022-01-28,31216.0,Moda,298134.0,Tarjeta débito,Sitio web,Desktop,Bogotá,5.0,5,No
TXN-0004962,2022-01-28,39445.0,Deportes,133023.0,PSE,App móvil,Android,Cali,2.0,5,No
TXN-0001406,2023-06-08,30065.0,Electrónica,719167.0,PSE,App móvil,Android,BOGOTÁ,2.0,5,No
TXN-0001754,2024-05-28,27710.0,Hogar,105191.0,PSE,Sitio web,iOS,Medellín,4.0,5,No
TXN-0005771,2023-01-08,18956.0,Mascotas,95478.0,Tarjeta débito,Sitio web,iOS,Cali,6.0,5,No
TXN-0005391,2023-11-11,42251.0,Electrónica,560294.0,Tarjeta crédito,App móvil,Desktop,Bogotá,4.0,5,No
TXN-0000269,2023-03-21,20290.0,Electrónica,984548.0,Tarjeta crédito,App móvil,Android,Cali,4.0,5,No
TXN-0006684,2024-12-05,27500.0,Juguetes,87910.0,Tarjeta crédito,Sitio web,Android,Bogotá,1.0,5,No
TXN-0004818,2023-05-20,44416.0,Hogar,241186.0,PSE,App móvil,Android,Cali,6.0,5,No
TXN-0004202,2022-07-09,22124.0,Alimentos,47272.0,Tarjeta débito,Sitio web,Android,Bucaramanga,2.0,5,No
TXN-0006823,2024-05-29,21758.0,Juguetes,71064.0,PSE,App móvil,Desktop,Bogotá,4.0,5,No
TXN-0000875,2023-05-12,31338.0,Mascotas,40616.0,Contraentrega,App móvil,Android,Medellín,3.0,5,No
TXN-0002174,2023-05-04,51064.0,Juguetes,76832.0,Tarjeta crédito,Sitio web,Android,Bogotá,5.0,5,No
TXN-0003331,2022-09-24,48555.0,Hogar,301911.0,Tarjeta crédito,Sitio web,Android,Cali,6.0,5,No
TXN-0002915,2022-07-08,55605.0,Tecnología,933230.0,Tarjeta débito,Sitio web,Desktop,Ibagué,1.0,5,No
TXN-0004095,2024-12-12,59516.0,Tecnología,1091586.0,Tarjeta débito,App móvil,iOS,Bogotá,6.0,5,No
TXN-0001899,2024-06-17,57688.0,Belleza,116626.0,Tarjeta débito,App móvil,Android,Cali,2.0,5,No
TXN-0001837,2023-08-01,33392.0,Alimentos,60930.0,Tarjeta crédito,App móvil,Android,Bogotá,6.0,5,No
TXN-0001078,2023-05-08,22770.0,Alimentos,22167.0,PSE,Sitio web,iOS,Barranquilla,3.0,5,No
TXN-0002791,2024-12-11,22442.0,Moda,92904.0,Tarjeta crédito,App móvil,Android,Cartagena,4.0,5,No
TXN-0007945,2023-10-19,12740.0,Tecnología,1394283.0,Contraentrega,App móvil,Android,Bogotá,1.0,5,No
,2022-06-19,13365.0,Electrónica,694862.0,Tarjeta crédito,Sitio web,Android,Medellín,3.0,5,No
TXN-0004776,2022-08-18,53840.0,Hogar,283007.0,Billetera digital,App móvil,Android,Bogotá,3.0,5,No
TXN-0003514,2022-11-27,52926.0,Deportes,131312.0,Tarjeta crédito,Sitio web,iOS,Medellín,1.0,5,No
TXN-0006721,2022-08-31,16862.0,Electrónica,733994.0,Tarjeta crédito,Sitio web,Android,Medellín,4.0,5,No
TXN-0000960,2024-03-29,50585.0,Moda,189010.0,Contraentrega,Sitio web,Android,Cali,4.0,5,No
TXN-0007674,2023-03-14,43712.0,Electrónica,816154.0,PSE,Sitio web,Android,Bogotá,5.0,5,No
TXN-0007730,2024-09-24,58798.0,Deportes,90758.0,Tarjeta crédito,Sitio web,iOS,Bucaramanga,4.0,5,No
TXN-0007868,2023-11-26,13000.0,Moda,228496.0,Tarjeta crédito,Sitio web,Android,Bogotá,3.0,5,No
TXN-0002142,2022-04-13,21740.0,Hogar,200109.0,Tarjeta crédito,App móvil,Android,Bogotá,2.0,5,No
TXN-0006191,2022-03-25,33434.0,Deportes,71008.0,Tarjeta crédito,Sitio web,iOS,Medellín,6.0,5,No
TXN-0005618,2023-07-25,48982.0,Tecnología,935476.0,Tarjeta crédito,Sitio web,Desktop,Bogotá,4.0,5,No
TXN-0001428,2022-01-15,29517.0,Tecnología,1105589.0,Tarjeta crédito,App móvil,Android,Bogotá,5.0,5,No
TXN-0004186,2023-12-21,59696.0,Electrónica,1138022.0,Tarjeta crédito,Sitio web,iOS,Bogotá,2.0,5,No
TXN-0004017,2024-09-19,39264.0,Deportes,164999.0,Tarjeta crédito,Sitio web,iOS,Pereira,9.0,4,No
TXN-0000272,2024-11-10,58152.0,Alimentos,16537.0,PSE,Sitio web,Android,Cali,6.0,5,No
TXN-0004196,2022-11-24,32697.0,Deportes,216936.0,Tarjeta débito,Sitio web,Android,Bogotá,5.0,5,No
TXN-0005879,2024-08-23,22213.0,Mascotas,104048.0,Contraentrega,Sitio web,Android,Medellín,4.0,5,No
TXN-0006244,2022-05-12,26617.0,Moda,165035.0,Tarjeta crédito,Sitio web,Desktop,Pereira,4.0,5,No
TXN-0005665,2024-04-12,35873.0,Belleza,112998.0,Contraentrega,Sitio web,Android,PEREIRA,2.0,5,No
TXN-0005830,2024-01-17,47901.0,Moda,201101.0,PSE,App móvil,Android,Medellín,3.0,5,No
TXN-0004044,2023-04-29,55454.0,Libros,72155.0,Tarjeta crédito,Sitio web,Android,Bucaramanga,5.0,5,No
TXN-0005762,2023-07-26,44776.0,Juguetes,57073.0,Tarjeta crédito,Sitio web,iOS,Bogotá,3.0,5,No
TXN-0001996,2023-06-18,23022.0,Alimentos,32041.0,Tarjeta crédito,App móvil,iOS,Bogotá,3.0,5,No
TXN-0001583,2022-11-04,17988.0,Belleza,70802.0,Tarjeta crédito,App móvil,Android,Bogotá,7.0,5,No
TXN-0002717,2024-06-24,26006.0,Electrónica,249219.0,Billetera digital,App móvil,Android,Bogotá,6.0,5,No
TXN-0007389,2024-12-13,45529.0,Hogar,89039.0,Tarjeta débito,App móvil,Android,Bogotá,4.0,5,No
TXN-0004344,2024-10-26,59908.0,Moda,110248.0,Tarjeta débito,App móvil,Android,Bogotá,4.0,5,No
TXN-0000746,2022-09-03,10163.0,Mascotas,104571.0,Contraentrega,App móvil,Android,Bogotá,3.0,5,No
TXN-0001765,2023-03-29,30885.0,Electrónica,715392.0,Tarjeta crédito,Sitio web,Desktop,Bogotá,5.0,5,No
TXN-0004524,2023-02-03,17563.0,Moda,111007.0,PSE,Sitio web,Android,Bogotá,6.0,5,No
TXN-0007024,2024-03-28,13989.0,Tecnología,510109.0,Tarjeta débito,App móvil,Android,Bogotá,1.0,5,No
TXN-0005095,2022-06-22,32546.0,MODA,127600.0,PSE,App móvil,Desktop,Barranquilla,4.0,5,No
TXN-0005604,2022-06-11,33046.0,Electrónica,855094.0,Tarjeta débito,Sitio web,Android,Bogotá,3.0,5,No
TXN-0000154,2024-07-25,13720.0,Belleza,94978.0,Tarjeta débito,App móvil,Android,Bogotá,5.0,5,No
TXN-0006745,2024-07-20,10269.0,Mascotas,75999.0,Tarjeta crédito,App móvil,iOS,Medellín,7.0,5,No
TXN-0002408,2023-12-14,25260.0,Tecnología,1008895.0,Tarjeta crédito,Sitio web,Android,Bogotá,5.0,5,No
TXN-0004107,2024-07-26,,Electrónica,1154148.0,Tarjeta crédito,App móvil,Android,Cúcuta,3.0,5,No
TXN-0002045,2024-05-22,38892.0,Electrónica,1035280.0,Contraentrega,App móvil,iOS,Bogotá,3.0,5,Sí
TXN-0000826,2023-10-09,,Alimentos,50529.0,Tarjeta débito,App móvil,iOS,Barranquilla,4.0,5,No
TXN-0001364,2024-08-09,18030.0,Hogar,179934.0,Contraentrega,App móvil,Desktop,Medellín,1.0,5,No
TXN-0004904,2024-12-05,55956.0,Mascotas,128163.0,Billetera digital,Sitio web,Android,Medellín,5.0,5,No
TXN-0007542,2022-09-25,44865.0,Electrónica,351887.0,Tarjeta débito,App móvil,Android,Medellín,3.0,5,No
TXN-0007327,2023-01-29,56242.0,Tecnología,816286.0,PSE,App móvil,iOS,Cúcuta,5.0,5,No
TXN-0000922,2024-04-30,57450.0,Electrónica,884131.0,PSE,App móvil,Desktop,Bogotá,1.0,5,No
TXN-0006096,2023-02-13,40161.0,Moda,113996.0,PSE,Sitio web,Android,BOGOTÁ,1.0,5,No
TXN-0004926,2024-12-16,38567.0,Deportes,129679.0,Billetera digital,App móvil,iOS,Barranquilla,1.0,5,No
TXN-0006801,2022-03-30,30094.0,Deportes,246351.0,Tarjeta débito,App móvil,Desktop,Cartagena,5.0,5,No
TXN-0003549,2022-12-18,20419.0,Deportes,140972.0,PSE,App móvil,Desktop,CÚCUTA,3.0,5,No
TXN-0006728,2022-03-26,17848.0,Moda,66357.0,Tarjeta débito,App móvil,iOS,Medellín,4.0,5,No
TXN-0001573,,13688.0,Moda,121094.0,Tarjeta crédito,App móvil,Android,Cúcuta,2.0,5,No
TXN-0004057,2024-06-15,47937.0,Mascotas,82798.0,Tarjeta crédito,Sitio web,iOS,Bogotá,4.0,5,No
TXN-0005059,2022-07-19,39569.0,Belleza,98099.0,PSE,Sitio web,iOS,Medellín,5.0,5,No
TXN-0005354,2022-10-16,49089.0,Alimentos,57037.0,Tarjeta crédito,App móvil,Desktop,Ibagué,5.0,5,No
TXN-0005733,2022-05-17,24218.0,Belleza,25331.0,PSE,Sitio web,iOS,Cúcuta,5.0,5,No
TXN-0000844,2022-01-25,59875.0,Juguetes,165250.0,PSE,Sitio web,Android,Bogotá,3.0,5,No
TXN-0004517,2023-02-07,50744.0,Libros,21800.0,Tarjeta crédito,Sitio web,iOS,Bogotá,8.0,3,No
TXN-0005808,2023-04-18,10137.0,Moda,125777.0,Tarjeta débito,App móvil,Desktop,Bogotá,5.0,5,No
TXN-0002465,,35306.0,Electrónica,523084.0,Tarjeta débito,Sitio web,Android,Barranquilla,4.0,5,No
TXN-0003910,2024-09-20,45537.0,Deportes,84358.0,Tarjeta crédito,App móvil,Android,Bogotá,3.0,5,No
TXN-0005432,2024-08-12,14672.0,Moda,120545.0,Contraentrega,Sitio web,iOS,Medellín,3.0,5,No
TXN-0005244,2023-04-14,51127.0,Belleza,114916.0,Contraentrega,App móvil,Desktop,Cali,4.0,5,No
TXN-0006310,2023-10-26,39700.0,Mascotas,127647.0,Contraentrega,Sitio web,Android,Cúcuta,2.0,5,No
TXN-0000361,2023-11-01,22276.0,Juguetes,76649.0,PSE,App móvil,Android,Bogotá,3.0,5,No
TXN-0005628,2022-01-22,17969.0,Deportes,149452.0,Tarjeta débito,App móvil,iOS,Cartagena,1.0,5,No
TXN-0004943,2024-05-13,59591.0,Moda,82793.0,Tarjeta crédito,Sitio web,iOS,Bogotá,4.0,5,No
TXN-0000942,2024-02-17,41301.0,Moda,175926.0,Tarjeta crédito,App móvil,Android,PEREIRA,1.0,5,No
TXN-0006456,2022-07-22,53398.0,Mascotas,12007.0,PSE,Sitio web,iOS,Barranquilla,6.0,5,No
TXN-0000254,2023-01-30,48029.0,Moda,203018.0,Tarjeta crédito,App móvil,iOS,Bogotá,5.0,5,Sí
TXN-0001893,2023-08-22,32840.0,Mascotas,83449.0,Contraentrega,App móvil,Android,Bogotá,1.0,5,No
TXN-0004091,,57509.0,ELECTRÓNICA,608488.0,PSE,Sitio web,Android,Bogotá,8.0,3,No
TXN-0004979,2023-12-13,39113.0,Belleza,119478.0,Tarjeta crédito,App móvil,Desktop,Medellín,6.0,5,Sí
TXN-0000469,2024-02-21,,Tecnología,1059416.0,Contraentrega,App móvil,Android,Medellín,5.0,5,No
TXN-0003578,,47464.0,Belleza,60888.0,Contraentrega,App móvil,Android,Barranquilla,5.0,5,Sí
TXN-0006200,2024-10-28,22712.0,Alimentos,43052.0,Billetera digital,App móvil,iOS,Barranquilla,5.0,5,No
TXN-0002186,2022-09-01,17319.0,Moda,168473.0,Tarjeta crédito,App móvil,iOS,Bogotá,4.0,5,No
TXN-0003494,2024-06-25,43722.0,Electrónica,527732.0,PSE,Sitio web,iOS,Bogotá,6.0,5,No
TXN-0005126,2023-05-15,20402.0,Juguetes,117665.0,Contraentrega,App móvil,Android,Bogotá,7.0,5,No
TXN-0001491,2023-06-11,49557.0,Electrónica,1034471.0,Contraentrega,App móvil,iOS,Cúcuta,4.0,5,No
TXN-0003576,2024-07-08,36620.0,Moda,93787.0,PSE,App móvil,Android,CALI,5.0,5,No
TXN-0001117,2023-09-10,54607.0,Hogar,275713.0,PSE,App móvil,Android,Barranquilla,4.0,5,No
TXN-0004049,2022-12-28,42237.0,Belleza,85958.0,Billetera digital,Sitio web,Desktop,Cali,5.0,5,No
TXN-0001900,2022-02-13,30039.0,Moda,106952.0,PSE,Sitio web,Android,Medellín,4.0,5,No
TXN-0003642,2023-01-27,33324.0,Electrónica,905736.0,Billetera digital,App móvil,Android,CALI,3.0,5,No
TXN-0003123,2022-08-23,49456.0,Alimentos,71329.0,Billetera digital,App móvil,iOS,Pereira,3.0,5,No
TXN-0007727,2022-07-30,15280.0,Deportes,104724.0,Tarjeta crédito,App móvil,iOS,Bogotá,8.0,3,No
TXN-0007470,2024-05-27,58585.0,Alimentos,51642.0,Tarjeta débito,App móvil,Desktop,Cúcuta,8.0,4,No
TXN-0001839,2022-03-05,16143.0,Electrónica,842257.0,Tarjeta débito,App móvil,Desktop,Bogotá,3.0,5,No
TXN-0001845,2024-10-09,39096.0,Hogar,242402.0,Tarjeta débito,App móvil,Android,Cartagena,4.0,5,No
TXN-0005092,2023-07-22,23713.0,Electrónica,232349.0,Tarjeta crédito,App móvil,Android,Cúcuta,5.0,5,No
TXN-0006115,2022-08-28,53397.0,Electrónica,885482.0,Contraentrega,Sitio web,Android,Bogotá,1.0,5,No
TXN-0002273,2023-10-11,34374.0,Alimentos,36299.0,Tarjeta crédito,App móvil,Desktop,Bucaramanga,4.0,5,No
TXN-0001617,2022-06-18,52417.0,Tecnología,435812.0,Contraentrega,App móvil,Android,Manizales,6.0,5,No
TXN-0003651,,52751.0,Hogar,245950.0,Tarjeta crédito,Sitio web,Desktop,Bogotá,5.0,5,No
TXN-0001190,2023-03-24,52773.0,JUGUETES,44932.0,Tarjeta crédito,Sitio web,Android,Cali,6.0,5,No
TXN-0005985,2023-11-05,13691.0,Juguetes,165655.0,Tarjeta crédito,Sitio web,Android,Bogotá,5.0,5,No
TXN-0000346,2022-08-07,47585.0,Belleza,73376.0,Tarjeta crédito,Sitio web,iOS,Bogotá,5.0,5,No
TXN-0005742,2024-10-23,29622.0,Hogar,112850.0,Tarjeta crédito,Sitio web,Android,Bogotá,2.0,5,No
TXN-0001989,2024-06-18,21918.0,Libros,85459.0,Tarjeta débito,Sitio web,Android,Medellín,7.0,5,No
TXN-0001574,2022-03-15,54327.0,Hogar,262278.0,Tarjeta débito,Sitio web,Android,Cali,4.0,5,No
TXN-0005555,2023-08-11,53362.0,MODA,95515.0,Tarjeta débito,App móvil,Android,Pereira,3.0,5,No
,2022-09-30,41914.0,Belleza,71554.0,PSE,Sitio web,Android,Bogotá,6.0,5,No
TXN-0007231,2024-08-21,19099.0,Tecnología,978296.0,PSE,Sitio web,Desktop,Medellín,7.0,5,No
TXN-0006279,2022-10-04,28814.0,Deportes,248955.0,Contraentrega,App móvil,Android,Bogotá,4.0,5,No
TXN-0006521,2022-01-08,30294.0,Hogar,85854.0,Tarjeta crédito,Sitio web,Android,BUCARAMANGA,9.0,5,No
TXN-0003941,2022-03-22,,Moda,23295.0,PSE,App móvil,Android,Ibagué,2.0,5,Sí
TXN-0004958,2022-09-23,54723.0,Deportes,83478.0,PSE,Sitio web,Android,Medellín,3.0,5,No
TXN-0002035,2024-08-30,44539.0,Moda,99413.0,Tarjeta crédito,Sitio web,Android,Bogotá,3.0,5,No
TXN-0002129,2022-03-14,36385.0,Juguetes,71502.0,PSE,App móvil,iOS,Bogotá,5.0,5,No
TXN-0003224,2022-06-03,25260.0,Belleza,88724.0,Contraentrega,Sitio web,Android,Barranquilla,3.0,5,No
TXN-0001895,2023-07-30,51007.0,Tecnología,956188.0,Tarjeta crédito,App móvil,Android,Cartagena,1.0,5,No
,2022-06-18,15366.0,Moda,70773.0,Tarjeta crédito,App móvil,Desktop,Bogotá,5.0,5,No
TXN-0006025,2022-09-26,18655.0,Electrónica,450883.0,Contraentrega,App móvil,Desktop,Medellín,5.0,5,No
TXN-0001356,2022-01-04,15951.0,ELECTRÓNICA,1165498.0,Tarjeta débito,App móvil,Android,Medellín,4.0,5,No
TXN-0001064,2022-10-16,24185.0,Juguetes,153578.0,PSE,Sitio web,Android,PEREIRA,3.0,5,No
TXN-0007684,2023-12-19,21296.0,Electrónica,300899.0,PSE,App móvil,Desktop,Manizales,3.0,5,No
TXN-0003289,2023-12-11,17765.0,Tecnología,693704.0,Tarjeta débito,App móvil,Desktop,Manizales,8.0,4,No
TXN-0003950,2023-05-04,,Hogar,214054.0,Tarjeta débito,Sitio web,iOS,Cali,6.0,5,No
TXN-0007472,2022-01-27,12972.0,Deportes,120614.0,Tarjeta crédito,Sitio web,Android,BUCARAMANGA,5.0,5,No
TXN-0004769,2022-09-13,39226.0,Electrónica,637403.0,PSE,Sitio web,iOS,Bogotá,6.0,5,No
TXN-0005096,2024-05-14,12587.0,Deportes,64916.0,Tarjeta crédito,Sitio web,iOS,Bogotá,2.0,5,No
TXN-0002386,2022-07-26,51823.0,Deportes,156213.0,Tarjeta débito,App móvil,Android,Bogotá,1.0,5,No
TXN-0000096,2023-10-16,30847.0,Belleza,107535.0,Contraentrega,App móvil,Desktop,Bucaramanga,4.0,5,No
TXN-0001714,2023-06-20,45356.0,Alimentos,41928.0,Tarjeta crédito,App móvil,Android,Bogotá,7.0,5,No
TXN-0004901,2022-04-30,20826.0,Moda,108091.0,Tarjeta débito,App móvil,Android,Medellín,6.0,5,No
TXN-0002183,2022-12-06,35654.0,Juguetes,132209.0,Tarjeta crédito,App móvil,Android,Cartagena,4.0,5,No
TXN-0004421,2023-10-02,24219.0,Moda,135720.0,PSE,App móvil,,Pereira,1.0,5,No
TXN-0004201,2022-10-19,39350.0,Alimentos,16411.0,PSE,App móvil,iOS,Manizales,4.0,5,No
TXN-0001773,2024-12-17,19553.0,Moda,138572.0,Tarjeta débito,Sitio web,Android,Bogotá,6.0,5,No
TXN-0002928,2024-02-28,,Hogar,278205.0,Tarjeta crédito,Sitio web,Desktop,Manizales,6.0,5,No
TXN-0005825,2022-03-18,12693.0,Mascotas,83667.0,Tarjeta crédito,App móvil,Android,Pereira,3.0,5,No
TXN-0000914,2022-05-20,48528.0,Moda,76710.0,Tarjeta crédito,App móvil,Android,Medellín,2.0,5,No
TXN-0001113,2024-05-30,55849.0,Electrónica,1048889.0,Tarjeta débito,App móvil,Android,Bucaramanga,3.0,5,No
TXN-0002648,2024-04-02,20278.0,Electrónica,847100.0,Tarjeta crédito,Sitio web,Desktop,Bucaramanga,4.0,5,No
TXN-0007964,2022-12-28,56824.0,Tecnología,1354159.0,Tarjeta crédito,App móvil,iOS,Cali,5.0,5,No
TXN-0004978,2024-09-19,58855.0,Tecnología,916257.0,Tarjeta crédito,Sitio web,iOS,Cali,5.0,5,No
TXN-0005549,2024-08-01,53041.0,Alimentos,65358.0,Tarjeta crédito,Sitio web,iOS,Cali,9.0,3,No
TXN-0003592,2023-03-13,30802.0,Moda,166376.0,Tarjeta débito,App móvil,iOS,Cali,4.0,5,No
TXN-0006631,2024-12-22,49471.0,Belleza,72285.0,Contraentrega,App móvil,Android,Bogotá,7.0,5,No
TXN-0006585,,22325.0,Alimentos,33269.0,Tarjeta crédito,App móvil,Android,Cali,5.0,5,No
TXN-0006311,2024-11-05,45551.0,Tecnología,324551.0,Tarjeta crédito,App móvil,Android,Medellín,5.0,5,No
TXN-0001346,2023-05-28,26390.0,Tecnología,1117072.0,Tarjeta débito,App móvil,Desktop,CARTAGENA,6.0,5,No
TXN-0004960,2023-08-11,39375.0,Juguetes,122581.0,Tarjeta crédito,App móvil,Android,Cartagena,6.0,5,No
TXN-0007595,2024-10-17,56028.0,Hogar,188674.0,Billetera digital,App móvil,Android,Cali,3.0,5,No
TXN-0002197,2022-10-08,20333.0,Tecnología,1121019.0,PSE,Sitio web,,Pereira,6.0,5,No
TXN-0004189,2022-11-14,46041.0,Deportes,160512.0,Tarjeta crédito,Sitio web,Android,Ibagué,4.0,5,No
,2024-10-18,23293.0,Tecnología,1016859.0,Tarjeta crédito,Sitio web,Android,Bogotá,3.0,5,No
TXN-0007869,2023-12-23,47798.0,Alimentos,25976.0,Billetera digital,Sitio web,Desktop,Bogotá,1.0,5,Sí
TXN-0000831,2023-04-29,59398.0,Electrónica,716895.0,Tarjeta débito,Sitio web,Android,Medellín,5.0,5,No
TXN-0004151,2022-01-19,13441.0,Moda,106443.0,Contraentrega,Sitio web,Desktop,Bogotá,3.0,5,No
TXN-0003694,2024-12-06,53798.0,MODA,91399.0,Tarjeta débito,App móvil,Android,Barranquilla,2.0,5,No
TXN-0002979,2024-10-22,44043.0,Electrónica,813804.0,Contraentrega,App móvil,Android,Bogotá,5.0,5,No
TXN-0002407,2024-07-29,50003.0,Mascotas,118806.0,Tarjeta débito,Sitio web,Desktop,Cartagena,6.0,5,No
TXN-0006442,2023-03-13,53927.0,Alimentos,36760.0,PSE,App móvil,Android,Bogotá,1.0,5,No
TXN-0005454,2024-01-26,19495.0,Alimentos,61461.0,Billetera digital,Sitio web,,Cali,10.0,5,No
TXN-0002068,2022-03-18,42178.0,Juguetes,69019.0,PSE,App móvil,Android,Medellín,8.0,3,No
TXN-0007569,2022-09-01,59019.0,Moda,138949.0,PSE,App móvil,Android,Medellín,4.0,5,No
,2022-05-02,54520.0,Electrónica,1112558.0,Tarjeta débito,App móvil,iOS,Barranquilla,1.0,5,No
TXN-0007599,2022-05-26,19976.0,Deportes,134742.0,PSE,App móvil,Android,Cali,5.0,5,No
TXN-0001067,2024-05-24,39589.0,Electrónica,667165.0,Tarjeta crédito,App móvil,Android,Manizales,4.0,5,No
TXN-0007856,2023-09-13,48505.0,Tecnología,1236622.0,PSE,App móvil,Android,Cúcuta,6.0,5,No
TXN-0006976,2023-08-16,43842.0,Tecnología,1078385.0,Tarjeta crédito,App móvil,Android,Medellín,4.0,5,No
TXN-0006669,2023-08-15,46524.0,Electrónica,489071.0,Tarjeta crédito,App móvil,iOS,Pereira,2.0,5,No
TXN-0002549,2023-08-04,41509.0,Hogar,5000.0,PSE,App móvil,Android,Bucaramanga,7.0,5,No
TXN-0006734,,11801.0,DEPORTES,194209.0,Tarjeta crédito,Sitio web,Android,Ibagué,3.0,5,No
TXN-0006733,,36952.0,Moda,83993.0,Tarjeta crédito,App móvil,Android,Bogotá,2.0,5,No
TXN-0002554,,57381.0,Mascotas,72861.0,Tarjeta crédito,Sitio web,iOS,Bogotá,6.0,5,No
TXN-0007737,2024-04-25,15431.0,Deportes,224183.0,Tarjeta débito,Sitio web,Android,Bogotá,3.0,5,No
TXN-0005786,2022-09-11,47887.0,Tecnología,1191117.0,Tarjeta débito,App móvil,iOS,BOGOTÁ,5.0,5,No
TXN-0005245,2022-09-26,40719.0,ALIMENTOS,10942.0,Billetera digital,Sitio web,Android,Ibagué,4.0,5,No
TXN-0002785,2024-01-03,59726.0,Moda,34815.0,Billetera digital,App móvil,Android,CÚCUTA,6.0,5,No
TXN-0005054,2023-05-12,22396.0,Libros,20976.0,Contraentrega,App móvil,Android,Bogotá,3.0,5,No
TXN-0003024,2023-06-05,16324.0,Belleza,109935.0,PSE,Sitio web,,Barranquilla,3.0,5,No
TXN-0000166,2023-06-23,54788.0,Alimentos,40529.0,Contraentrega,App móvil,Android,Cartagena,4.0,5,No
TXN-0000202,2024-10-24,58686.0,Tecnología,1592880.0,PSE,App móvil,Desktop,Bogotá,2.0,5,No
TXN-0006434,2024-02-26,40352.0,Juguetes,84397.0,Tarjeta crédito,Sitio web,Android,Cartagena,3.0,5,No
TXN-0004335,2024-07-19,58259.0,Moda,140381.0,Tarjeta crédito,App móvil,Android,Cartagena,3.0,5,No
TXN-0006074,2022-08-16,40508.0,Electrónica,625243.0,Tarjeta crédito,Sitio web,Android,MEDELLÍN,4.0,5,No
TXN-0000986,2023-01-08,23826.0,Moda,81788.0,PSE,App móvil,iOS,Barranquilla,6.0,5,No
TXN-0004649,2022-08-29,49339.0,Tecnología,522266.0,Tarjeta débito,App móvil,Android,CARTAGENA,2.0,5,No
,2024-06-07,51468.0,Belleza,90710.0,Tarjeta débito,Sitio web,Android,Ibagué,6.0,5,No
TXN-0001992,2023-12-14,35649.0,Hogar,186592.0,Billetera digital,App móvil,Desktop,Medellín,5.0,5,No
TXN-0000799,2022-03-20,43031.0,Alimentos,16267.0,Tarjeta débito,Sitio web,iOS,Bogotá,7.0,5,No
TXN-0007298,2022-10-13,50920.0,Tecnología,1184877.0,Contraentrega,Sitio web,Android,Ibagué,5.0,5,No
TXN-0007375,2023-03-06,33798.0,BELLEZA,101736.0,PSE,Sitio web,Android,Bucaramanga,5.0,5,No
TXN-0003470,2022-09-23,51784.0,DEPORTES,142816.0,Tarjeta crédito,Sitio web,Android,Barranquilla,7.0,5,No
TXN-0001820,2023-02-16,42224.0,Libros,47606.0,Tarjeta débito,App móvil,iOS,Cali,3.0,5,No
TXN-0005616,2022-12-07,27951.0,Hogar,122882.0,Tarjeta débito,App móvil,Desktop,Ibagué,5.0,5,No
TXN-0001645,2022-10-18,32331.0,Moda,132014.0,PSE,Sitio web,Android,Cúcuta,1.0,5,No
TXN-0006820,2022-01-06,26177.0,Electrónica,1154646.0,Tarjeta débito,Sitio web,Android,Ibagué,1.0,5,No
TXN-0001281,2024-09-15,41507.0,Juguetes,59695.0,Tarjeta crédito,App móvil,Android,Bucaramanga,1.0,5,No
TXN-0001400,2024-04-17,55581.0,Moda,161415.0,Billetera digital,Sitio web,Android,Medellín,8.0,4,No
TXN-0002672,2023-11-22,53724.0,Alimentos,44742.0,Contraentrega,Sitio web,Android,Cali,3.0,5,No
TXN-0002040,2023-07-02,44095.0,Deportes,101012.0,PSE,App móvil,Desktop,Manizales,3.0,5,No
TXN-0000049,2022-05-18,16862.0,Electrónica,654095.0,Tarjeta débito,App móvil,iOS,Cali,4.0,5,No
TXN-0005081,2022-10-23,28222.0,Moda,32187.0,Tarjeta crédito,Sitio web,Desktop,Bogotá,3.0,5,No
TXN-0001255,2023-07-17,44858.0,ELECTRÓNICA,110842.0,Contraentrega,App móvil,iOS,Barranquilla,2.0,5,No
TXN-0007291,2022-10-05,47552.0,Moda,84018.0,PSE,App móvil,,Manizales,5.0,5,No
TXN-0007848,2023-04-04,55357.0,Belleza,126272.0,PSE,Sitio web,iOS,Bucaramanga,5.0,5,No
TXN-0003264,2023-05-11,10442.0,MODA,134441.0,Tarjeta crédito,App móvil,Android,Cartagena,7.0,5,No
TXN-0000367,2024-04-05,40292.0,Hogar,63307.0,Tarjeta débito,App móvil,,Medellín,2.0,5,No
TXN-0002163,2023-04-23,53823.0,Electrónica,467874.0,Tarjeta débito,App móvil,Desktop,Cartagena,4.0,5,No
TXN-0007199,2023-04-18,27552.0,Libros,55660.0,Tarjeta débito,Sitio web,Android,Bogotá,3.0,5,No
TXN-0001379,2024-01-14,15415.0,Hogar,107833.0,Contraentrega,App móvil,Desktop,Manizales,3.0,5,No
TXN-0002844,2022-08-18,11478.0,Belleza,46740.0,PSE,Sitio web,Android,Bogotá,3.0,5,No
TXN-0004837,2023-11-01,59558.0,Hogar,170176.0,Billetera digital,Sitio web,Desktop,Bogotá,3.0,5,Sí
TXN-0002945,2023-03-03,28641.0,Juguetes,103648.0,PSE,Sitio web,Android,Pereira,3.0,5,No
TXN-0003145,2022-04-17,21767.0,Alimentos,47460.0,Tarjeta crédito,App móvil,Android,Bogotá,3.0,5,No
TXN-0003875,2022-08-23,38942.0,Libros,61766.0,Tarjeta débito,App móvil,Desktop,Manizales,5.0,5,Sí
TXN-0006016,2024-07-07,37331.0,Mascotas,40100.0,PSE,Sitio web,Android,Barranquilla,8.0,3,No
TXN-0003184,2024-08-15,43467.0,Tecnología,772844.0,Tarjeta crédito,App móvil,iOS,Cali,6.0,5,No
TXN-0006943,2023-04-10,43500.0,Mascotas,36210.0,Billetera digital,Sitio web,iOS,Ibagué,4.0,5,No
TXN-0007356,2023-12-19,12936.0,Tecnología,695299.0,PSE,App móvil,Android,Cali,4.0,5,No
TXN-0004611,2023-11-02,11197.0,Belleza,109985.0,Tarjeta débito,App móvil,iOS,Pereira,6.0,5,No
TXN-0005836,2024-02-12,10331.0,Deportes,244522.0,Billetera digital,App móvil,iOS,Bogotá,7.0,5,No
,2024-06-21,43248.0,BELLEZA,60246.0,Tarjeta crédito,Sitio web,iOS,Medellín,4.0,5,No
TXN-0002764,2024-06-29,41951.0,Deportes,79639.0,PSE,App móvil,Desktop,BARRANQUILLA,4.0,5,No
TXN-0001700,2024-07-30,18222.0,Belleza,60615.0,Tarjeta crédito,App móvil,Desktop,Barranquilla,5.0,5,No
TXN-0007536,2022-07-22,43930.0,Moda,61677.0,PSE,App móvil,iOS,Bogotá,6.0,5,No
TXN-0004573,2024-04-29,19593.0,Deportes,145210.0,Tarjeta crédito,Sitio web,Android,Barranquilla,7.0,5,No
TXN-0005225,2024-03-17,53057.0,Juguetes,99615.0,Billetera digital,App móvil,Desktop,Ibagué,8.0,4,No
TXN-0003144,2022-04-19,44260.0,Libros,83539.0,Contraentrega,App móvil,Desktop,Cartagena,2.0,5,No
TXN-0003002,2022-01-03,28498.0,Deportes,174527.0,Tarjeta crédito,Sitio web,Android,Ibagué,5.0,5,No
TXN-0002911,2022-11-10,16815.0,Belleza,52674.0,Tarjeta crédito,App móvil,iOS,Barranquilla,6.0,5,No
TXN-0007321,2023-02-22,27788.0,Moda,116674.0,PSE,App móvil,Android,Medellín,5.0,5,No
TXN-0005906,2022-05-30,28089.0,Libros,75969.0,Contraentrega,App móvil,Desktop,Cali,7.0,5,No
TXN-0006388,2024-03-08,55716.0,Tecnología,1248088.0,PSE,Sitio web,iOS,MEDELLÍN,6.0,5,No
TXN-0000504,2023-09-20,30291.0,Belleza,101248.0,PSE,App móvil,iOS,Bogotá,3.0,5,No
TXN-0001696,2023-12-26,29637.0,Tecnología,1491623.0,Tarjeta débito,App móvil,Desktop,Bucaramanga,3.0,5,No
TXN-0007580,2022-03-08,46453.0,Tecnología,968831.0,Contraentrega,App móvil,Android,BOGOTÁ,2.0,5,No
TXN-0002237,2022-01-11,38549.0,Moda,96255.0,Billetera digital,App móvil,Android,Manizales,3.0,5,No
TXN-0005650,,30817.0,HOGAR,132297.0,Tarjeta crédito,Sitio web,iOS,CÚCUTA,4.0,5,No
TXN-0005020,2022-06-12,53872.0,Belleza,162496.0,PSE,App móvil,Desktop,Manizales,4.0,5,No
TXN-0006289,2023-09-19,20319.0,Tecnología,569030.0,Tarjeta crédito,App móvil,Android,Ibagué,5.0,5,No
TXN-0000938,2023-04-24,16994.0,Juguetes,104316.0,Tarjeta crédito,App móvil,Android,Cartagena,5.0,5,No
TXN-0007700,2022-08-13,29424.0,Electrónica,506464.0,Tarjeta crédito,App móvil,Android,Medellín,5.0,5,No
TXN-0007659,2023-03-23,21692.0,Electrónica,553768.0,PSE,App móvil,iOS,Medellín,2.0,5,No
TXN-0003716,2022-07-05,22005.0,Libros,81055.0,Tarjeta crédito,Sitio web,Desktop,Cali,3.0,5,No
TXN-0001658,2023-10-28,55120.0,Tecnología,846662.0,Contraentrega,App móvil,Android,Cartagena,6.0,5,No
TXN-0004365,2022-01-26,56657.0,Tecnología,1003187.0,Tarjeta crédito,App móvil,Android,Manizales,4.0,5,No
TXN-0002357,2024-03-24,21049.0,Electrónica,614056.0,Contraentrega,App móvil,Android,Cúcuta,5.0,5,No
TXN-0003381,2023-02-13,27133.0,Libros,14079.0,Contraentrega,App móvil,Desktop,Barranquilla,7.0,5,No
TXN-0005311,2022-05-25,32034.0,Electrónica,756744.0,Tarjeta crédito,App móvil,Desktop,Cartagena,3.0,5,No
TXN-0005841,2024-07-17,49866.0,Hogar,127028.0,PSE,App móvil,Desktop,Cúcuta,7.0,5,No
TXN-0001003,2022-03-25,22556.0,Moda,184363.0,Tarjeta débito,App móvil,Android,CALI,7.0,5,No
TXN-0005339,2024-08-04,32566.0,Tecnología,735532.0,Billetera digital,Sitio web,Desktop,Bogotá,8.0,3,No
TXN-0001648,2022-08-30,29904.0,Moda,84164.0,Contraentrega,App móvil,Android,Barranquilla,4.0,5,No
TXN-0000979,2022-06-28,41628.0,ELECTRÓNICA,576180.0,Tarjeta débito,Sitio web,Desktop,Medellín,5.0,5,No
TXN-0006491,2024-01-10,45858.0,Moda,138180.0,PSE,Sitio web,Android,Bogotá,8.0,3,No
TXN-0002674,2024-12-20,26054.0,Moda,152480.0,Contraentrega,Sitio web,Android,Bucaramanga,3.0,5,No
TXN-0004204,2024-06-23,48811.0,BELLEZA,67529.0,Billetera digital,Sitio web,Android,Bogotá,4.0,5,No
TXN-0003856,2022-12-16,13615.0,Moda,91305.0,Tarjeta crédito,App móvil,Android,Cali,3.0,5,No
TXN-0006034,2023-11-19,57407.0,Deportes,225823.0,Contraentrega,App móvil,Desktop,Cali,1.0,5,No
TXN-0005510,2023-03-09,43587.0,Moda,125583.0,Contraentrega,App móvil,Android,Cartagena,4.0,5,No
TXN-0005353,2024-02-20,58578.0,Mascotas,40817.0,Billetera digital,Sitio web,Desktop,Barranquilla,4.0,5,No
TXN-0007037,2023-05-02,48174.0,Moda,178658.0,PSE,Sitio web,Desktop,Barranquilla,5.0,5,No
TXN-0003824,2022-03-01,43567.0,Alimentos,53345.0,Contraentrega,App móvil,Android,Ibagué,4.0,5,No
TXN-0006880,2022-08-11,56643.0,Moda,90685.0,Billetera digital,Sitio web,iOS,Bogotá,4.0,5,No
TXN-0004554,2023-08-18,42047.0,Electrónica,327568.0,PSE,App móvil,iOS,Pereira,5.0,5,No
TXN-0003324,2024-04-02,56531.0,Libros,55161.0,Tarjeta crédito,Sitio web,Android,Bogotá,4.0,5,No
TXN-0002755,2024-07-27,51661.0,Mascotas,61142.0,PSE,App móvil,iOS,Medellín,3.0,5,No
TXN-0000577,2023-10-12,53795.0,Moda,156778.0,Tarjeta crédito,Sitio web,iOS,Bogotá,2.0,5,No
TXN-0003343,2023-04-19,12227.0,Moda,74081.0,Tarjeta crédito,Sitio web,Android,Bogotá,4.0,5,No
TXN-0002141,2022-06-26,46674.0,Hogar,186389.0,Tarjeta débito,Sitio web,Desktop,Medellín,3.0,5,No
TXN-0000817,2022-04-25,43304.0,Moda,167170.0,PSE,App móvil,Android,Bogotá,6.0,5,Sí
TXN-0006500,2024-03-25,39442.0,Moda,116534.0,Tarjeta crédito,App móvil,Android,Cartagena,4.0,5,No
TXN-0004460,2022-01-04,43555.0,Mascotas,88396.0,Tarjeta débito,App móvil,Desktop,Cúcuta,1.0,5,No
TXN-0004952,2023-06-26,36727.0,Belleza,104852.0,Billetera digital,Sitio web,Android,Medellín,3.0,5,No
TXN-0002918,2023-04-28,49785.0,ALIMENTOS,52412.0,PSE,App móvil,Android,Bogotá,5.0,5,No
TXN-0005122,2024-05-09,13289.0,Tecnología,1300835.0,Tarjeta crédito,Sitio web,Android,Medellín,2.0,5,No
TXN-0000143,2024-03-18,40190.0,Belleza,138714.0,Billetera digital,App móvil,iOS,Ibagué,8.0,5,No
TXN-0002025,2022-09-30,27822.0,Alimentos,44286.0,Tarjeta débito,Sitio web,Android,Medellín,2.0,5,No
TXN-0005570,2024-04-23,36482.0,Libros,69901.0,Tarjeta crédito,App móvil,Desktop,Bogotá,4.0,5,No
TXN-0002211,2022-02-14,42809.0,LIBROS,58414.0,Billetera digital,Sitio web,Android,Cúcuta,3.0,5,No
TXN-0000334,2023-09-27,57271.0,Electrónica,955268.0,Tarjeta débito,App móvil,Android,Manizales,7.0,5,No
TXN-0000862,2023-01-30,20046.0,Electrónica,727931.0,PSE,App móvil,Android,Bogotá,3.0,5,No
TXN-0004713,2022-04-29,13808.0,Belleza,87441.0,Tarjeta débito,App móvil,Android,Manizales,4.0,5,No
TXN-0005498,2024-12-29,,MODA,35531.0,Tarjeta crédito,App móvil,iOS,Bogotá,2.0,5,No
TXN-0003711,2023-11-07,32043.0,Deportes,197277.0,Tarjeta débito,App móvil,Android,Bucaramanga,6.0,5,No
TXN-0005515,2023-09-06,35534.0,Deportes,165976.0,Billetera digital,App móvil,iOS,CALI,5.0,5,No
TXN-0003355,,35151.0,Mascotas,23409.0,PSE,App móvil,Desktop,Cali,1.0,5,No
TXN-0000571,2022-12-07,58689.0,Tecnología,412543.0,Tarjeta crédito,App móvil,Android,Barranquilla,6.0,5,No
TXN-0005028,2022-03-12,52566.0,Moda,120258.0,Tarjeta crédito,Sitio web,Android,Pereira,7.0,5,No
TXN-0004424,2023-08-14,17780.0,Moda,182618.0,Tarjeta débito,App móvil,Android,Cartagena,3.0,5,No
TXN-0001815,2023-07-09,16961.0,Mascotas,88429.0,Billetera digital,App móvil,Android,Bogotá,3.0,5,No
TXN-0001181,,48278.0,Hogar,301896.0,Tarjeta crédito,App móvil,Android,Ibagué,5.0,5,No
TXN-0002628,2023-06-13,33969.0,Tecnología,1497411.0,Tarjeta débito,Sitio web,iOS,Cartagena,6.0,5,Sí
TXN-0001402,2023-12-12,18225.0,Libros,78427.0,Billetera digital,App móvil,Desktop,Bogotá,6.0,5,No
TXN-0006714,2024-09-01,31352.0,Moda,167092.0,Contraentrega,Sitio web,Desktop,Barranquilla,6.0,5,No
TXN-0001579,2024-09-01,27643.0,ELECTRÓNICA,885250.0,Tarjeta crédito,Sitio web,Android,Cali,3.0,5,Sí
TXN-0002906,2023-12-12,17156.0,Electrónica,482929.0,Tarjeta crédito,App móvil,Android,Cali,1.0,5,No
TXN-0003582,2022-03-30,39243.0,Hogar,266266.0,Billetera digital,App móvil,Desktop,Bogotá,5.0,5,No
TXN-0000926,2024-05-04,17136.0,Electrónica,456972.0,Tarjeta crédito,App móvil,iOS,Manizales,5.0,5,Sí
TXN-0000952,2024-08-07,55227.0,Alimentos,46321.0,Tarjeta crédito,Sitio web,Android,Cartagena,2.0,5,No
TXN-0006487,2024-01-10,34439.0,Mascotas,54414.0,Contraentrega,Sitio web,Desktop,Bogotá,6.0,5,No
TXN-0003644,2024-01-21,41191.0,Deportes,142515.0,PSE,App móvil,iOS,Manizales,5.0,5,No
TXN-0000788,2023-06-25,31359.0,MODA,257827.0,Billetera digital,Sitio web,Desktop,Cali,1.0,5,No
TXN-0004951,2022-04-11,46816.0,Hogar,80996.0,Tarjeta crédito,App móvil,Android,Medellín,3.0,5,No
TXN-0006445,2022-06-20,49319.0,Mascotas,63866.0,Tarjeta débito,App móvil,Android,Cali,1.0,5,No
TXN-0004650,2022-05-10,27463.0,Belleza,109893.0,PSE,Sitio web,Android,BOGOTÁ,3.0,5,No
TXN-0003500,2023-12-23,25970.0,Electrónica,1064498.0,Billetera digital,App móvil,Android,Medellín,5.0,5,No
TXN-0004819,2022-03-18,43089.0,Moda,161798.0,Tarjeta crédito,Sitio web,Android,Pereira,2.0,5,No
,2022-07-25,14956.0,Tecnología,580000.0,Tarjeta crédito,Sitio web,Android,Cali,3.0,5,No
TXN-0005929,2022-05-25,46503.0,Electrónica,575651.0,Tarjeta crédito,Sitio web,Android,Bogotá,8.0,3,No
TXN-0000281,2022-05-19,29845.0,Deportes,142269.0,Tarjeta crédito,Sitio web,Android,Bogotá,1.0,5,No
TXN-0005221,2024-01-20,59633.0,Moda,128351.0,Contraentrega,App móvil,Android,Cali,4.0,5,No
TXN-0002696,2023-08-23,27408.0,Moda,139754.0,PSE,Sitio web,iOS,Bogotá,6.0,5,No
TXN-0005967,2024-02-03,14172.0,Juguetes,61792.0,Tarjeta crédito,App móvil,iOS,Pereira,3.0,5,No
TXN-0003165,2022-08-29,18490.0,Hogar,202468.0,Tarjeta crédito,App móvil,Android,Bogotá,4.0,5,No
TXN-0005127,2023-05-10,49149.0,Deportes,136041.0,Tarjeta crédito,App móvil,Android,Medellín,7.0,5,No
TXN-0002234,2024-07-30,38211.0,Juguetes,120926.0,Tarjeta crédito,Sitio web,Desktop,Medellín,3.0,5,No
TXN-0001319,2024-07-27,10297.0,Belleza,148748.0,Tarjeta crédito,App móvil,Android,Medellín,5.0,5,No
TXN-0003155,2022-02-20,56077.0,Juguetes,126674.0,Tarjeta crédito,App móvil,iOS,Manizales,4.0,5,No
TXN-0000057,2022-04-29,57389.0,Libros,79672.0,Tarjeta crédito,App móvil,Desktop,Bogotá,2.0,5,No
TXN-0003200,2023-07-18,56357.0,Moda,177643.0,Tarjeta débito,App móvil,Android,Bogotá,6.0,5,No
TXN-0000845,2024-05-12,59850.0,Juguetes,47921.0,Tarjeta débito,App móvil,Android,Ibagué,3.0,5,No
TXN-0002331,2022-08-14,19717.0,Belleza,87392.0,Contraentrega,App móvil,iOS,Barranquilla,1.0,5,No
TXN-0000190,2024-10-16,46581.0,Moda,41118.0,Tarjeta crédito,App móvil,Desktop,Cúcuta,2.0,5,No
TXN-0004868,2024-09-10,32769.0,Hogar,316523.0,PSE,App móvil,Android,Bogotá,4.0,5,No
TXN-0001354,2023-02-17,12971.0,Moda,94509.0,Tarjeta crédito,App móvil,iOS,Medellín,4.0,5,No
TXN-0002284,2023-10-16,43596.0,Alimentos,61331.0,Contraentrega,App móvil,Desktop,Ibagué,2.0,5,No
TXN-0007883,2024-12-30,59228.0,Tecnología,319201.0,PSE,Sitio web,Desktop,Barranquilla,5.0,5,No
TXN-0003613,2024-03-10,23200.0,MODA,113088.0,Tarjeta crédito,Sitio web,Desktop,Barranquilla,8.0,5,No
TXN-0001287,2023-05-21,28501.0,Belleza,72598.0,Tarjeta débito,Sitio web,Android,BOGOTÁ,7.0,5,No
TXN-0005908,2022-02-08,32261.0,Mascotas,91769.0,Contraentrega,App móvil,Desktop,Barranquilla,3.0,5,No
TXN-0000339,2024-12-29,55885.0,Tecnología,629933.0,Tarjeta débito,App móvil,iOS,Medellín,5.0,5,No
TXN-0001429,2023-10-13,,Electrónica,606332.0,PSE,App móvil,Android,Bogotá,4.0,5,No
TXN-0007058,2022-07-14,52129.0,Tecnología,1063762.0,Tarjeta crédito,Sitio web,Android,Pereira,2.0,5,No
TXN-0006205,2022-09-11,16339.0,Alimentos,30068.0,Contraentrega,Sitio web,iOS,Bogotá,4.0,5,No
TXN-0000316,2022-10-20,43911.0,Alimentos,34726.0,PSE,Sitio web,Android,Cartagena,1.0,5,No
,2022-12-02,13660.0,Tecnología,1131278.0,Billetera digital,App móvil,Android,Cali,4.0,5,No
TXN-0001443,2023-08-21,27990.0,Hogar,217411.0,PSE,App móvil,Desktop,Bucaramanga,4.0,5,No
TXN-0007944,2024-01-06,31604.0,Electrónica,606626.0,Tarjeta crédito,App móvil,Android,Medellín,1.0,5,No
TXN-0002642,2024-02-05,54417.0,Alimentos,63280.0,Tarjeta crédito,App móvil,Android,Cali,5.0,5,No
TXN-0002705,2024-04-19,12818.0,LIBROS,29331.0,Tarjeta crédito,App móvil,Android,Bogotá,5.0,5,No
TXN-0005478,2024-12-20,,Tecnología,1223167.0,PSE,App móvil,iOS,Bogotá,8.0,5,No
TXN-0001035,2023-01-13,29319.0,Moda,49310.0,Tarjeta crédito,Sitio web,Android,Medellín,2.0,5,No
TXN-0003609,2023-04-07,53093.0,Deportes,150346.0,PSE,App móvil,Android,Bogotá,3.0,5,No
TXN-0006800,2024-04-06,,Electrónica,1489197.0,PSE,App móvil,iOS,Medellín,5.0,5,No
TXN-0005002,2023-04-25,27733.0,Alimentos,57435.0,Contraentrega,Sitio web,Android,Pereira,5.0,5,No
TXN-0002845,2024-01-30,46843.0,Alimentos,24231.0,Tarjeta crédito,App móvil,Android,Ibagué,3.0,5,No
TXN-0002723,2022-02-01,39977.0,Mascotas,50314.0,Billetera digital,Sitio web,iOS,Barranquilla,1.0,5,No
TXN-0004275,2022-10-26,26126.0,ELECTRÓNICA,719408.0,Tarjeta crédito,App móvil,Desktop,Medellín,6.0,5,No
TXN-0005103,2022-01-26,59152.0,Deportes,75437.0,PSE,App móvil,Desktop,Bucaramanga,7.0,5,No
TXN-0002584,2022-09-23,18382.0,Deportes,151093.0,Tarjeta crédito,App móvil,Android,Bogotá,3.0,5,No
TXN-0004705,2024-10-15,25650.0,Tecnología,1189333.0,Tarjeta crédito,App móvil,Desktop,Cali,3.0,5,No
TXN-0000002,2022-07-01,42107.0,Moda,148679.0,Tarjeta débito,Sitio web,Android,Cali,6.0,5,No
TXN-0002384,2023-03-22,51333.0,Deportes,158994.0,Billetera digital,Sitio web,Android,Medellín,1.0,5,No
TXN-0003186,2024-05-27,11359.0,Mascotas,116782.0,Tarjeta crédito,App móvil,iOS,Bogotá,7.0,5,No
TXN-0004164,2024-03-15,36859.0,Juguetes,132782.0,Tarjeta débito,App móvil,Android,Barranquilla,4.0,5,No
TXN-0001641,2024-09-04,48136.0,MODA,148209.0,Tarjeta crédito,App móvil,Android,Cali,5.0,5,No
TXN-0006410,2023-08-18,35176.0,Electrónica,370140.0,Contraentrega,Sitio web,Android,Manizales,3.0,5,No
TXN-0001423,2024-10-26,27154.0,Electrónica,419432.0,PSE,App móvil,Desktop,Medellín,10.0,4,No
TXN-0000649,2024-10-31,44737.0,Moda,110856.0,Tarjeta crédito,Sitio web,,CALI,5.0,5,No
TXN-0002608,2024-10-20,57736.0,Moda,169062.0,Tarjeta crédito,Sitio web,Desktop,Bogotá,3.0,5,No
TXN-0005099,2024-06-02,40871.0,Moda,113094.0,Tarjeta débito,App móvil,Android,Bogotá,4.0,5,No
TXN-0006933,2024-07-21,55134.0,Juguetes,81760.0,Contraentrega,App móvil,Android,Cali,3.0,5,No
TXN-0004284,2024-03-17,43464.0,Alimentos,40774.0,Tarjeta crédito,Sitio web,Desktop,Pereira,1.0,5,No
TXN-0003928,2022-06-17,17163.0,ALIMENTOS,61141.0,Tarjeta crédito,App móvil,Desktop,Bucaramanga,4.0,5,No
TXN-0005211,2023-08-11,52816.0,Electrónica,821535.0,Tarjeta débito,App móvil,iOS,Barranquilla,3.0,5,No
TXN-0006376,2024-01-30,30401.0,Hogar,84305.0,PSE,App móvil,Desktop,Bogotá,3.0,5,No
TXN-0001311,2022-11-21,56792.0,Moda,58572.0,Tarjeta débito,App móvil,iOS,Medellín,7.0,5,No
TXN-0001025,2022-04-28,22036.0,Moda,78491.0,Tarjeta crédito,App móvil,iOS,Bucaramanga,3.0,5,No
TXN-0001613,2023-10-05,13946.0,Tecnología,1049380.0,Tarjeta crédito,Sitio web,Android,Bucaramanga,2.0,5,No
TXN-0004871,2023-07-31,39201.0,Moda,172364.0,Contraentrega,App móvil,,Bucaramanga,2.0,5,No
TXN-0005369,2023-09-19,15532.0,Electrónica,669671.0,Tarjeta débito,App móvil,Android,Manizales,5.0,5,No
TXN-0007120,2024-07-04,46247.0,DEPORTES,129763.0,Billetera digital,App móvil,Android,Bogotá,1.0,5,No
TXN-0002848,2023-09-06,13611.0,Alimentos,19752.0,Tarjeta crédito,App móvil,iOS,MEDELLÍN,8.0,4,No
TXN-0007108,2022-12-23,50302.0,Moda,132860.0,Contraentrega,App móvil,Desktop,Ibagué,5.0,5,No
TXN-0003673,2024-02-12,13985.0,Tecnología,1050059.0,Tarjeta crédito,App móvil,Desktop,BOGOTÁ,4.0,5,Sí
TXN-0002804,2023-10-13,22048.0,Belleza,67796.0,Contraentrega,App móvil,iOS,Ibagué,5.0,5,No
TXN-0001717,2022-05-15,28761.0,Tecnología,1635202.0,Contraentrega,App móvil,Android,Bogotá,5.0,5,No
TXN-0006561,2023-07-10,27463.0,Hogar,164733.0,Tarjeta crédito,Sitio web,Desktop,Cali,3.0,5,No
TXN-0006938,2024-08-22,27229.0,Moda,135732.0,Tarjeta crédito,App móvil,Android,Cúcuta,3.0,5,No
TXN-0005346,2022-03-16,56881.0,Belleza,72241.0,Tarjeta crédito,App móvil,iOS,Barranquilla,3.0,5,No
TXN-0002663,2022-10-19,37759.0,Deportes,47816.0,Tarjeta débito,Sitio web,Android,Bogotá,5.0,5,No
TXN-0002763,2022-01-12,48222.0,MODA,131924.0,Billetera digital,Sitio web,Android,Barranquilla,5.0,5,No
,2023-08-05,41473.0,Moda,167275.0,Tarjeta débito,App móvil,Android,Medellín,6.0,5,No
TXN-0004661,2022-07-18,53462.0,Tecnología,912045.0,Tarjeta crédito,App móvil,,IBAGUÉ,5.0,5,No
TXN-0004483,2024-12-20,26297.0,Hogar,165812.0,PSE,App móvil,Android,Bogotá,4.0,5,No
TXN-0002235,,22128.0,Moda,131315.0,Tarjeta débito,Sitio web,iOS,Medellín,5.0,5,No
TXN-0007626,2023-08-19,35733.0,Hogar,244582.0,Billetera digital,App móvil,Android,Cúcuta,1.0,5,No
TXN-0003656,2024-09-18,43729.0,Hogar,212466.0,Tarjeta crédito,Sitio web,Android,Ibagué,4.0,5,No
TXN-0004041,2022-08-10,33792.0,Libros,101732.0,Tarjeta crédito,App móvil,Android,Barranquilla,5.0,5,No
TXN-0006124,2024-03-28,31224.0,Electrónica,269671.0,Contraentrega,App móvil,iOS,Bogotá,4.0,5,No
TXN-0005610,2024-12-31,42939.0,Electrónica,999501.0,Tarjeta débito,App móvil,Android,Bucaramanga,5.0,5,No
TXN-0007127,2024-01-20,33825.0,Mascotas,93408.0,PSE,App móvil,iOS,Bogotá,6.0,5,No
TXN-0002310,2023-08-09,13684.0,Moda,120526.0,Tarjeta débito,Sitio web,Desktop,Bogotá,7.0,5,No
TXN-0003728,2024-01-09,15891.0,Hogar,172565.0,Tarjeta crédito,App móvil,Desktop,Cartagena,2.0,5,No
TXN-0000386,2022-01-02,26392.0,Belleza,71915.0,Tarjeta crédito,App móvil,Android,Cali,5.0,5,No
TXN-0002301,2023-09-28,38111.0,Moda,152278.0,Tarjeta débito,App móvil,Android,Pereira,3.0,5,No
TXN-0004927,2023-09-06,43453.0,Moda,54995.0,Contraentrega,App móvil,Android,Medellín,5.0,5,No
TXN-0005755,2023-06-04,20439.0,Moda,110509.0,Billetera digital,App móvil,Android,Bogotá,4.0,5,No
TXN-0004775,2024-11-03,17728.0,Juguetes,113842.0,Tarjeta crédito,App móvil,Android,Bogotá,3.0,5,No
TXN-0000075,2024-08-17,10361.0,Libros,52416.0,Tarjeta crédito,App móvil,Android,Bogotá,7.0,5,No
TXN-0004695,2023-08-19,59367.0,Electrónica,248298.0,Tarjeta crédito,App móvil,Android,Manizales,3.0,5,No
TXN-0005822,2022-10-23,50873.0,Mascotas,59834.0,Tarjeta crédito,Sitio web,Android,Ibagué,7.0,5,No
TXN-0000317,2024-06-22,,Belleza,111130.0,Tarjeta crédito,App móvil,Desktop,Pereira,5.0,5,No
TXN-0005034,2022-09-17,27679.0,Electrónica,922953.0,Contraentrega,App móvil,Android,Bucaramanga,5.0,5,No
TXN-0001469,2023-02-13,20411.0,Moda,48349.0,Tarjeta débito,Sitio web,Android,Cali,4.0,5,No
TXN-0001455,2024-09-13,19803.0,Tecnología,1333319.0,PSE,Sitio web,Desktop,Cali,4.0,5,Sí
TXN-0001148,2023-12-26,48424.0,Moda,145454.0,PSE,App móvil,iOS,Bogotá,3.0,5,No
TXN-0003088,2023-02-22,54324.0,Alimentos,56249.0,Billetera digital,App móvil,Android,Medellín,5.0,5,No
TXN-0004022,2022-07-07,27573.0,Alimentos,50413.0,Tarjeta crédito,App móvil,iOS,Bogotá,7.0,5,No
TXN-0001307,2022-09-14,34401.0,Moda,85663.0,PSE,Sitio web,Android,Bogotá,5.0,5,No
TXN-0003811,2023-02-27,43539.0,Moda,83673.0,PSE,App móvil,Android,Cali,5.0,5,No
TXN-0003937,2022-12-13,50236.0,Juguetes,70434.0,Tarjeta crédito,App móvil,Desktop,Bogotá,5.0,5,No
TXN-0000424,2024-10-27,42193.0,Electrónica,691538.0,Tarjeta crédito,Sitio web,Android,Pereira,7.0,5,No
TXN-0002372,2024-10-10,16655.0,Hogar,218932.0,Tarjeta débito,Sitio web,Android,Bogotá,5.0,5,No
TXN-0003590,2023-07-17,40298.0,Electrónica,363595.0,Tarjeta débito,Sitio web,Android,Medellín,6.0,5,No
TXN-0007406,2024-08-17,48596.0,ELECTRÓNICA,897815.0,Tarjeta débito,Sitio web,Desktop,Cúcuta,6.0,5,No
TXN-0005942,2022-05-24,10599.0,Tecnología,1393452.0,Contraentrega,Sitio web,Android,Medellín,4.0,5,No
TXN-0005364,2023-09-18,34807.0,Mascotas,79170.0,Tarjeta crédito,App móvil,Android,Cartagena,7.0,5,No
TXN-0005382,2024-01-13,,Mascotas,37481.0,PSE,App móvil,Android,Bogotá,2.0,5,No
TXN-0001473,2022-12-25,36115.0,Moda,41515.0,Contraentrega,Sitio web,Android,Cali,1.0,5,No
TXN-0007474,2022-09-20,19741.0,MODA,127290.0,PSE,App móvil,Desktop,Cartagena,2.0,5,No
TXN-0002433,2024-09-18,35961.0,Hogar,245619.0,Tarjeta crédito,Sitio web,Android,Ibagué,5.0,5,No
TXN-0002792,2024-11-23,36511.0,Alimentos,56731.0,PSE,Sitio web,Android,Barranquilla,5.0,5,No
TXN-0000287,2024-05-06,38251.0,Moda,133223.0,PSE,App móvil,Desktop,Bogotá,2.0,5,No
TXN-0005052,2023-04-21,50128.0,Electrónica,523059.0,Billetera digital,Sitio web,Android,Barranquilla,1.0,5,No
TXN-0004249,2023-08-13,46608.0,Alimentos,23207.0,Tarjeta crédito,Sitio web,Android,Bogotá,4.0,5,No
TXN-0002838,2022-07-15,23146.0,Electrónica,591811.0,Contraentrega,App móvil,Desktop,Cali,5.0,5,No
,2023-07-29,45972.0,Electrónica,876484.0,Tarjeta débito,App móvil,Android,Pereira,6.0,5,No
TXN-0004858,2023-10-06,10986.0,Belleza,108796.0,Tarjeta débito,Sitio web,Android,Ibagué,8.0,4,No
TXN-0004574,2024-10-26,10507.0,Belleza,84768.0,Contraentrega,App móvil,,Bogotá,3.0,5,No
TXN-0000985,2024-08-05,52795.0,Moda,125512.0,Tarjeta débito,App móvil,Desktop,Barranquilla,7.0,5,No
,2024-09-22,39111.0,Alimentos,57118.0,Tarjeta crédito,Sitio web,Android,Cali,4.0,5,No
TXN-0000263,2024-05-13,28748.0,Deportes,104659.0,PSE,App móvil,iOS,Bogotá,3.0,5,No
TXN-0000430,2023-07-08,20074.0,Electrónica,1049840.0,Tarjeta débito,Sitio web,Android,Bogotá,6.0,5,No
TXN-0006111,2023-08-02,18443.0,Belleza,69578.0,Billetera digital,App móvil,Android,Bogotá,4.0,5,No
TXN-0006394,2023-03-17,29133.0,Deportes,83365.0,Contraentrega,Sitio web,Desktop,Cali,2.0,5,No
TXN-0006061,2024-06-03,43179.0,Belleza,69462.0,Billetera digital,App móvil,Android,Cúcuta,5.0,5,No
TXN-0001793,2022-06-14,14822.0,Alimentos,46297.0,PSE,App móvil,iOS,Medellín,4.0,5,No
TXN-0004116,2024-12-08,59015.0,Mascotas,53835.0,Contraentrega,App móvil,Android,Bogotá,3.0,5,No
TXN-0007879,2024-12-29,54076.0,Tecnología,893148.0,Tarjeta crédito,App móvil,Desktop,Pereira,2.0,5,No
TXN-0007137,2023-04-11,41307.0,Belleza,29144.0,Tarjeta débito,Sitio web,Desktop,Cúcuta,1.0,5,Sí
TXN-0006928,2023-09-23,42334.0,Electrónica,790171.0,Contraentrega,App móvil,Desktop,Barranquilla,3.0,5,No
TXN-0000807,2022-10-11,53461.0,Alimentos,5000.0,PSE,App móvil,iOS,Medellín,8.0,4,No
TXN-0005606,2024-04-23,38177.0,Moda,128910.0,PSE,App móvil,Android,BOGOTÁ,4.0,5,No
TXN-0002772,2022-05-22,48915.0,Deportes,174193.0,Tarjeta débito,App móvil,Android,Bogotá,4.0,5,No
TXN-0002970,2023-07-12,42191.0,Electrónica,635863.0,PSE,App móvil,iOS,Pereira,2.0,5,No
TXN-0003475,2023-08-08,17893.0,Mascotas,51399.0,Tarjeta crédito,App móvil,Android,Cali,6.0,5,No
TXN-0002036,2022-08-23,46355.0,Electrónica,516094.0,Tarjeta crédito,App móvil,Android,Bucaramanga,1.0,5,No
TXN-0000343,2023-03-12,45732.0,Tecnología,63911.0,Tarjeta crédito,Sitio web,Android,Medellín,6.0,5,No
TXN-0004450,2024-09-24,13053.0,Juguetes,137203.0,Tarjeta débito,App móvil,Desktop,Bogotá,2.0,5,No
TXN-0003975,2023-01-29,24380.0,Hogar,171855.0,Tarjeta débito,Sitio web,Desktop,Bogotá,3.0,5,No
TXN-0002726,2023-09-07,20242.0,Belleza,117421.0,Tarjeta crédito,App móvil,Desktop,Bogotá,4.0,5,No
TXN-0004112,2024-05-04,43540.0,Tecnología,1022470.0,Tarjeta crédito,App móvil,Android,Cali,4.0,5,No
TXN-0005023,2022-10-03,23681.0,Electrónica,388427.0,Tarjeta débito,App móvil,Android,Bogotá,8.0,5,No
TXN-0007185,2023-08-08,56697.0,Belleza,75966.0,Tarjeta crédito,Sitio web,Android,Bogotá,4.0,5,No
TXN-0000843,2024-06-30,18039.0,Electrónica,768179.0,Tarjeta crédito,Sitio web,Android,Barranquilla,6.0,5,No
TXN-0006993,2022-07-12,24419.0,Moda,137720.0,Tarjeta débito,Sitio web,iOS,Bogotá,3.0,5,No
TXN-0007007,2024-03-16,41973.0,Moda,112987.0,Tarjeta crédito,Sitio web,iOS,Cúcuta,3.0,5,No
TXN-0000052,2022-03-04,53685.0,Tecnología,1315741.0,Billetera digital,App móvil,Android,Bogotá,3.0,5,No
TXN-0007159,,52842.0,HOGAR,141050.0,Tarjeta crédito,App móvil,Android,Manizales,5.0,5,No
TXN-0006678,2022-03-08,42588.0,Alimentos,64652.0,Tarjeta crédito,App móvil,Android,Medellín,7.0,5,No
TXN-0003133,2022-07-09,28888.0,Belleza,76681.0,Tarjeta débito,Sitio web,Android,Bogotá,6.0,5,No
TXN-0003968,2023-02-14,35138.0,Tecnología,1457414.0,Tarjeta débito,App móvil,Android,Cali,1.0,5,No
TXN-0003643,2024-09-24,51878.0,Deportes,115862.0,Tarjeta crédito,Sitio web,iOS,Cali,5.0,5,No
TXN-0005594,2022-10-27,45855.0,Mascotas,80094.0,Contraentrega,Sitio web,Android,Cali,3.0,5,No
TXN-0000832,2022-04-24,13283.0,Belleza,85182.0,Tarjeta crédito,Sitio web,,Bogotá,4.0,5,No
TXN-0001324,2022-01-09,11546.0,Deportes,101435.0,Billetera digital,Sitio web,Desktop,Cartagena,2.0,5,No
TXN-0000561,2024-06-19,35186.0,Electrónica,492004.0,Billetera digital,Sitio web,Desktop,Bogotá,6.0,5,No
TXN-0006336,2024-10-11,12124.0,Deportes,166285.0,Tarjeta débito,App móvil,Desktop,Medellín,1.0,5,No
TXN-0001856,2024-07-25,36513.0,Libros,38971.0,Tarjeta crédito,App móvil,iOS,Bogotá,3.0,5,No
TXN-0006187,2023-05-25,,Moda,50801.0,Contraentrega,App móvil,iOS,Medellín,5.0,5,No
TXN-0007774,,25836.0,Moda,163452.0,Tarjeta crédito,App móvil,iOS,Bogotá,6.0,5,No
TXN-0006002,2022-09-25,29690.0,Hogar,324003.0,Tarjeta débito,Sitio web,iOS,Bucaramanga,3.0,5,No
TXN-0003436,2022-09-03,52172.0,HOGAR,206876.0,Contraentrega,Sitio web,Android,Bogotá,6.0,5,No
TXN-0001759,2024-09-07,52571.0,Moda,63088.0,Contraentrega,App móvil,iOS,Manizales,3.0,5,No
TXN-0001384,2023-10-10,31280.0,Moda,89326.0,Tarjeta débito,Sitio web,Desktop,Medellín,4.0,5,Sí
TXN-0003425,2022-01-16,57002.0,Belleza,28100.0,Tarjeta crédito,App móvil,Android,Barranquilla,2.0,5,No
TXN-0006128,2022-03-29,19301.0,ELECTRÓNICA,520658.0,Tarjeta débito,Sitio web,,Bogotá,3.0,5,No
TXN-0000327,2022-10-12,58574.0,Belleza,26550.0,Tarjeta crédito,App móvil,,Cali,5.0,5,No
TXN-0004527,2022-02-17,20163.0,Hogar,202329.0,Tarjeta crédito,App móvil,Android,Cali,4.0,5,No
TXN-0000076,2022-01-09,40435.0,Tecnología,906928.0,PSE,App móvil,,Medellín,6.0,5,No
TXN-0000639,2023-09-30,26184.0,Moda,127705.0,Tarjeta débito,App móvil,iOS,Medellín,4.0,5,No
TXN-0006607,2024-11-26,11383.0,Electrónica,458621.0,Tarjeta crédito,App móvil,Android,Ibagué,4.0,5,No
TXN-0006192,2022-11-10,58497.0,Moda,150705.0,Tarjeta débito,App móvil,iOS,Cali,7.0,5,No
TXN-0004252,2023-07-08,12022.0,Tecnología,890426.0,Tarjeta débito,App móvil,Android,Cali,3.0,5,No
TXN-0003225,2023-08-23,43515.0,Alimentos,54149.0,Tarjeta crédito,App móvil,Android,Cali,7.0,5,No
TXN-0002401,2024-03-11,50559.0,ALIMENTOS,40441.0,Billetera digital,App móvil,Desktop,Bogotá,6.0,5,No
TXN-0007486,2024-10-16,24354.0,ELECTRÓNICA,1011022.0,PSE,App móvil,Android,Ibagué,3.0,5,No
TXN-0002975,2024-03-25,52177.0,Belleza,67098.0,Tarjeta débito,App móvil,Android,Bucaramanga,1.0,5,No
,2023-06-30,18347.0,Moda,184441.0,Tarjeta crédito,App móvil,Android,Cúcuta,3.0,5,No
TXN-0005964,2023-05-08,25967.0,Alimentos,56424.0,Tarjeta crédito,App móvil,Android,Bogotá,6.0,5,No
,2022-12-27,39245.0,Moda,115000.0,PSE,Sitio web,Desktop,Bogotá,5.0,5,No
TXN-0000695,2022-11-03,27869.0,Deportes,264817.0,Tarjeta débito,Sitio web,Desktop,Barranquilla,7.0,5,No
TXN-0000814,2022-04-15,30555.0,Alimentos,40768.0,Tarjeta crédito,Sitio web,Desktop,Cartagena,1.0,5,No
TXN-0003546,2024-05-12,38650.0,ELECTRÓNICA,730095.0,PSE,App móvil,iOS,Medellín,4.0,5,No
TXN-0003842,2022-04-25,44541.0,Juguetes,124080.0,Tarjeta débito,Sitio web,Android,Cartagena,1.0,5,No
TXN-0002168,2023-04-02,54716.0,Moda,87042.0,PSE,Sitio web,iOS,Barranquilla,5.0,5,No
TXN-0005920,2024-08-20,28810.0,Alimentos,12552.0,PSE,App móvil,iOS,Medellín,1.0,5,No
TXN-0006560,2023-03-01,52856.0,Hogar,117676.0,Tarjeta crédito,App móvil,Android,Medellín,3.0,5,No
TXN-0004255,2024-05-14,16792.0,Alimentos,66098.0,Tarjeta crédito,App móvil,Android,Bogotá,5.0,5,No
TXN-0000747,2023-04-15,39651.0,Moda,101948.0,Tarjeta crédito,App móvil,Desktop,Bogotá,4.0,5,No
TXN-0004286,2022-06-22,25709.0,Tecnología,867127.0,Tarjeta débito,App móvil,iOS,Cúcuta,4.0,5,No
TXN-0003036,2023-02-25,21942.0,Moda,118407.0,Billetera digital,App móvil,Desktop,Bucaramanga,5.0,5,No
TXN-0005288,2022-06-08,33260.0,Electrónica,549071.0,Contraentrega,App móvil,Android,Pereira,1.0,5,No
TXN-0000957,2024-06-02,19693.0,Hogar,138284.0,PSE,App móvil,Android,Cali,6.0,5,No
TXN-0006198,2022-01-05,26328.0,Belleza,113358.0,Tarjeta crédito,Sitio web,Desktop,Cartagena,4.0,5,No
TXN-0005663,2022-01-14,32456.0,Tecnología,1479211.0,Contraentrega,App móvil,Android,Manizales,5.0,5,No
TXN-0007170,2024-03-10,33628.0,Belleza,159806.0,Tarjeta crédito,Sitio web,Desktop,Medellín,5.0,5,No
TXN-0007204,2022-03-20,17157.0,Belleza,68274.0,Tarjeta crédito,App móvil,Android,Cartagena,5.0,5,No
TXN-0000048,2023-12-29,33628.0,Moda,115147.0,PSE,App móvil,Android,Manizales,2.0,5,No
TXN-0001226,2024-04-30,35321.0,Juguetes,56793.0,Tarjeta débito,Sitio web,Desktop,Cali,6.0,5,No
TXN-0005516,2023-11-15,26686.0,Electrónica,1099188.0,Tarjeta crédito,Sitio web,Desktop,Bucaramanga,2.0,5,No
TXN-0002007,2024-04-09,45329.0,Hogar,352062.0,Billetera digital,App móvil,Android,Cúcuta,6.0,5,No
TXN-0006829,2022-04-16,16448.0,Belleza,125413.0,Contraentrega,App móvil,Android,Pereira,4.0,5,No
TXN-0003963,2023-03-15,58377.0,Moda,132190.0,Tarjeta crédito,App móvil,Android,Pereira,5.0,5,No
TXN-0004161,,58496.0,Moda,36416.0,PSE,App móvil,Android,Manizales,2.0,5,No
TXN-0005898,2024-03-15,46335.0,Juguetes,76957.0,Tarjeta débito,Sitio web,Desktop,Bogotá,3.0,5,No
TXN-0000987,2024-04-20,31896.0,Electrónica,459111.0,Billetera digital,App móvil,Android,Bucaramanga,6.0,5,No
TXN-0000524,2022-04-05,40191.0,Moda,139471.0,PSE,Sitio web,Android,Cali,6.0,5,No
TXN-0005051,2022-10-23,29230.0,Moda,116893.0,Tarjeta crédito,Sitio web,Android,Bogotá,4.0,5,No
TXN-0000462,2023-08-22,23407.0,Electrónica,649665.0,PSE,App móvil,Android,Cartagena,4.0,5,No
TXN-0003510,2023-06-05,44662.0,Libros,83870.0,Tarjeta débito,App móvil,iOS,Bogotá,4.0,5,No
TXN-0003665,2022-04-24,34066.0,Mascotas,96181.0,Tarjeta crédito,Sitio web,Android,Pereira,6.0,5,No
TXN-0001215,2022-11-19,38242.0,Electrónica,732615.0,PSE,Sitio web,Desktop,Manizales,4.0,5,No
TXN-0001419,2024-01-13,12701.0,Alimentos,45455.0,Tarjeta débito,App móvil,Android,MEDELLÍN,4.0,5,No
TXN-0005481,2024-02-17,16459.0,Moda,134474.0,Tarjeta débito,App móvil,Android,Bogotá,2.0,5,No
TXN-0006986,2023-05-02,27775.0,Electrónica,465108.0,Tarjeta débito,Sitio web,Android,Bogotá,4.0,5,No
,2022-12-28,15409.0,MODA,104269.0,Tarjeta crédito,Sitio web,Desktop,Barranquilla,2.0,5,No
TXN-0004983,2023-06-19,48403.0,Moda,123959.0,Contraentrega,App móvil,Desktop,Medellín,4.0,5,No
TXN-0004031,2024-08-03,16250.0,Deportes,115480.0,PSE,Sitio web,iOS,Bogotá,2.0,5,No
TXN-0004936,2023-08-26,35634.0,Moda,89739.0,Billetera digital,App móvil,Android,Medellín,3.0,5,No
TXN-0005335,2022-12-21,31031.0,Moda,182127.0,PSE,App móvil,Desktop,Bogotá,2.0,5,No
TXN-0004406,2022-10-27,11142.0,Moda,165366.0,Contraentrega,Sitio web,iOS,Bogotá,6.0,5,No
TXN-0004684,2023-09-26,11352.0,Tecnología,395992.0,Contraentrega,App móvil,iOS,Cali,2.0,5,No
TXN-0000064,2023-01-21,16130.0,Moda,127321.0,Billetera digital,Sitio web,iOS,Bogotá,4.0,5,No
TXN-0002345,2022-02-18,29989.0,Alimentos,51031.0,PSE,App móvil,Android,Bucaramanga,1.0,5,Sí
TXN-0004016,2024-03-19,11036.0,Hogar,98856.0,Tarjeta crédito,Sitio web,Android,Ibagué,7.0,5,No
TXN-0003147,2022-05-02,59589.0,Deportes,151810.0,PSE,App móvil,Android,Bogotá,3.0,5,No
,,11947.0,Libros,48397.0,PSE,App móvil,,Bogotá,4.0,5,No
TXN-0005218,,15462.0,Alimentos,36804.0,Billetera digital,Sitio web,,Medellín,2.0,5,No
TXN-0005404,2023-03-22,27976.0,Mascotas,92835.0,PSE,App móvil,iOS,Cali,4.0,5,No
TXN-0000678,2022-11-03,32721.0,Alimentos,7018.0,Contraentrega,App móvil,Desktop,Cali,7.0,5,No
TXN-0005118,2023-12-17,32294.0,Hogar,165624.0,Tarjeta débito,App móvil,Android,Bogotá,5.0,5,No
TXN-0005417,2024-08-15,57050.0,Juguetes,89970.0,PSE,App móvil,Android,Bogotá,3.0,5,No
TXN-0005040,2022-11-17,12162.0,Moda,115498.0,Contraentrega,App móvil,iOS,Barranquilla,3.0,5,No
TXN-0002543,2023-07-15,46144.0,Alimentos,55593.0,Tarjeta débito,Sitio web,Android,Cali,5.0,5,No
TXN-0003215,2022-03-22,20424.0,Hogar,231228.0,PSE,Sitio web,Desktop,Ibagué,7.0,5,No
TXN-0006240,2023-11-16,51195.0,Electrónica,447835.0,Contraentrega,App móvil,Desktop,Medellín,8.0,4,No
TXN-0000443,2022-05-29,36533.0,Moda,180846.0,Tarjeta crédito,App móvil,Android,Bogotá,3.0,5,No
TXN-0001555,2023-02-13,,Moda,141710.0,Contraentrega,App móvil,Android,Medellín,1.0,5,No
TXN-0002021,2022-09-19,59386.0,Deportes,113332.0,Tarjeta débito,App móvil,Android,Medellín,4.0,5,No
TXN-0002212,2023-04-01,43328.0,Tecnología,722936.0,Tarjeta débito,App móvil,Android,Cali,4.0,5,No
TXN-0002610,2024-07-30,51324.0,Belleza,71754.0,Tarjeta crédito,Sitio web,iOS,Cali,3.0,5,No
TXN-0007056,2024-02-05,13011.0,Juguetes,59059.0,Billetera digital,App móvil,Desktop,Bogotá,5.0,5,No
TXN-0003497,2022-06-14,27536.0,Belleza,69032.0,Contraentrega,App móvil,iOS,Cartagena,4.0,5,No
TXN-0005518,2023-03-30,59612.0,Hogar,183559.0,Contraentrega,App móvil,iOS,MANIZALES,4.0,5,No
TXN-0005857,2023-02-14,11476.0,Moda,152025.0,Billetera digital,App móvil,iOS,Bogotá,7.0,5,No
TXN-0001220,2023-07-30,18549.0,Electrónica,301808.0,Tarjeta crédito,Sitio web,Android,Cartagena,1.0,5,No
TXN-0005168,2024-09-12,18978.0,Electrónica,1096616.0,Billetera digital,App móvil,Android,Ibagué,3.0,5,No
TXN-0007151,2024-08-28,13198.0,Hogar,185076.0,Billetera digital,Sitio web,Android,Bogotá,2.0,5,No
TXN-0004229,2023-01-30,48948.0,Juguetes,81779.0,Contraentrega,Sitio web,Android,Cali,6.0,5,No
TXN-0003620,2023-04-30,,Moda,136684.0,PSE,Sitio web,iOS,Ibagué,1.0,5,No
TXN-0007802,2023-04-23,25952.0,Moda,139091.0,Tarjeta débito,App móvil,iOS,Bucaramanga,1.0,5,No
TXN-0001609,2023-05-08,13225.0,Belleza,59480.0,Tarjeta crédito,App móvil,Desktop,Ibagué,4.0,5,No
TXN-0003403,2023-09-26,37463.0,Electrónica,618088.0,PSE,App móvil,Android,Medellín,3.0,5,No
TXN-0000144,2023-06-30,12266.0,HOGAR,152442.0,Tarjeta débito,Sitio web,iOS,Barranquilla,4.0,5,No
TXN-0006939,2022-08-23,37964.0,Juguetes,77509.0,PSE,App móvil,Desktop,Barranquilla,1.0,5,No
TXN-0002081,2022-04-17,12834.0,Libros,82316.0,Billetera digital,Sitio web,Desktop,Cúcuta,2.0,5,No
TXN-0002351,2022-07-26,21418.0,MODA,134223.0,Tarjeta débito,Sitio web,iOS,Medellín,1.0,5,No
TXN-0000454,,20800.0,Juguetes,143378.0,PSE,App móvil,Android,Medellín,7.0,5,No
TXN-0004348,2022-02-21,48078.0,Deportes,52827.0,Billetera digital,App móvil,iOS,Cali,5.0,5,No
TXN-0004477,2022-02-06,44866.0,Moda,86676.0,Contraentrega,Sitio web,iOS,Barranquilla,6.0,5,No
TXN-0003399,2022-03-25,31656.0,Belleza,47953.0,PSE,Sitio web,Android,Bogotá,3.0,5,No
TXN-0004898,2022-05-16,28933.0,Electrónica,706983.0,Tarjeta crédito,App móvil,Desktop,Cali,6.0,5,No
TXN-0006459,2023-05-11,31679.0,Moda,105274.0,PSE,App móvil,Android,Barranquilla,2.0,5,No
TXN-0000036,2022-04-16,36615.0,Moda,168307.0,Contraentrega,App móvil,iOS,Barranquilla,9.0,5,No
TXN-0006504,2024-02-11,48477.0,Electrónica,552805.0,Tarjeta débito,App móvil,Desktop,Cartagena,5.0,5,No
TXN-0004351,2023-01-27,,Electrónica,945654.0,PSE,App móvil,Android,Medellín,5.0,5,No
TXN-0003727,2022-08-19,12580.0,Moda,67064.0,Contraentrega,App móvil,Android,Bucaramanga,2.0,5,No
TXN-0004079,2022-01-31,40236.0,Electrónica,264209.0,Tarjeta crédito,App móvil,Android,Cartagena,6.0,5,No
TXN-0000721,,11419.0,Electrónica,898100.0,Tarjeta crédito,Sitio web,Android,Manizales,7.0,5,No
TXN-0005375,2023-07-02,57100.0,Deportes,258613.0,Contraentrega,App móvil,iOS,Bogotá,4.0,5,No
,2023-02-16,56224.0,Electrónica,955790.0,Tarjeta débito,App móvil,iOS,Barranquilla,1.0,5,No
TXN-0001018,2022-07-26,42120.0,Juguetes,68348.0,Contraentrega,App móvil,Android,Bogotá,8.0,3,No
TXN-0002179,2022-12-07,46390.0,Hogar,194958.0,Tarjeta débito,App móvil,Desktop,Bogotá,5.0,5,No
TXN-0003739,2023-12-04,45619.0,Moda,86450.0,Tarjeta crédito,App móvil,Android,Bogotá,7.0,5,No
TXN-0003802,2022-02-24,58930.0,Hogar,15076.0,Contraentrega,Sitio web,Android,Bogotá,4.0,5,No
TXN-0000008,2023-12-01,29498.0,Alimentos,79723.0,PSE,Sitio web,Android,Bogotá,3.0,5,No
TXN-0006919,2024-08-16,41434.0,Electrónica,1063160.0,Billetera digital,Sitio web,Android,Medellín,6.0,5,No
TXN-0001878,2022-12-28,19873.0,Electrónica,541078.0,Tarjeta crédito,Sitio web,iOS,Medellín,7.0,5,No
TXN-0002165,2024-03-18,18754.0,Tecnología,1183122.0,Tarjeta crédito,Sitio web,Android,Cali,4.0,5,No
TXN-0007798,2024-08-06,32102.0,Hogar,244202.0,Tarjeta crédito,App móvil,iOS,Bogotá,5.0,5,No
TXN-0005075,2024-11-06,37726.0,Moda,143714.0,Tarjeta crédito,App móvil,iOS,Bogotá,3.0,5,No
TXN-0001571,,45227.0,Belleza,73077.0,Tarjeta crédito,App móvil,iOS,Bogotá,4.0,5,No
TXN-0005359,2022-06-23,40108.0,Electrónica,758812.0,Tarjeta crédito,App móvil,iOS,Bogotá,4.0,5,No
TXN-0002127,2023-11-25,39059.0,Alimentos,50836.0,Billetera digital,App móvil,iOS,Bogotá,4.0,5,No
TXN-0005860,2024-07-07,20433.0,Belleza,65673.0,Tarjeta débito,App móvil,Android,Medellín,3.0,5,No
TXN-0005485,2022-03-14,55148.0,Moda,77667.0,Tarjeta crédito,Sitio web,Android,Pereira,2.0,5,No
TXN-0005237,2024-08-03,36426.0,Juguetes,113026.0,Tarjeta crédito,App móvil,Android,Medellín,7.0,5,No
TXN-0006468,2022-11-19,45158.0,Juguetes,100214.0,Tarjeta crédito,App móvil,Desktop,Bogotá,1.0,5,No
TXN-0005779,2024-09-11,25882.0,Electrónica,544356.0,Tarjeta crédito,App móvil,Android,Manizales,5.0,5,No
TXN-0005560,2023-06-22,26959.0,Deportes,47021.0,Tarjeta débito,App móvil,Android,Barranquilla,1.0,5,No
TXN-0000549,2022-03-15,24026.0,Tecnología,1228625.0,Billetera digital,Sitio web,Desktop,Barranquilla,2.0,5,No
TXN-0005021,2023-04-20,56101.0,DEPORTES,136370.0,Tarjeta crédito,App móvil,iOS,Pereira,6.0,5,No
TXN-0002222,2023-10-18,43517.0,Libros,39424.0,Tarjeta crédito,App móvil,iOS,Bogotá,7.0,5,No
,2023-05-05,47749.0,Libros,47053.0,Tarjeta crédito,Sitio web,Android,Medellín,4.0,5,No
TXN-0003631,2023-01-01,53060.0,Libros,64586.0,Billetera digital,App móvil,Android,Bogotá,4.0,5,No
TXN-0006212,2023-04-02,18761.0,Moda,76394.0,Tarjeta crédito,App móvil,Desktop,Medellín,5.0,5,No
TXN-0007762,2024-06-04,20873.0,Mascotas,114880.0,Tarjeta crédito,App móvil,Android,Bucaramanga,3.0,5,No
TXN-0007761,2024-11-17,54825.0,Deportes,153612.0,Tarjeta débito,App móvil,Android,Cartagena,6.0,5,No
TXN-0007735,2023-11-11,12574.0,Hogar,154677.0,Tarjeta crédito,App móvil,iOS,BUCARAMANGA,4.0,5,No
TXN-0001690,2024-07-06,36274.0,Hogar,192015.0,Tarjeta crédito,App móvil,Desktop,Bucaramanga,4.0,5,No
TXN-0006795,,55017.0,Hogar,159761.0,Billetera digital,App móvil,Android,MANIZALES,6.0,5,No
TXN-0002855,2022-11-09,57532.0,Juguetes,48821.0,PSE,App móvil,Android,Pereira,5.0,5,No
TXN-0002988,2024-02-21,13186.0,ELECTRÓNICA,758993.0,PSE,App móvil,Android,Barranquilla,4.0,5,No
TXN-0000053,2023-03-24,51094.0,Juguetes,112345.0,Tarjeta crédito,Sitio web,Android,Bucaramanga,6.0,5,No
TXN-0001248,2022-11-12,,Belleza,50436.0,Tarjeta crédito,App móvil,Android,Cúcuta,5.0,5,No
TXN-0002159,2022-10-26,40328.0,Deportes,181915.0,Tarjeta crédito,App móvil,iOS,Bogotá,2.0,5,No
TXN-0000238,2022-10-30,43289.0,Belleza,89325.0,Tarjeta débito,Sitio web,Android,Barranquilla,4.0,5,No
TXN-0002300,2022-12-12,46909.0,Moda,88375.0,Tarjeta crédito,App móvil,iOS,Medellín,6.0,5,Sí
TXN-0000260,2023-12-26,48306.0,Moda,38444.0,Tarjeta crédito,App móvil,Android,Ibagué,5.0,5,No
TXN-0004844,2023-04-27,38509.0,Belleza,113262.0,Tarjeta crédito,App móvil,iOS,Bogotá,5.0,5,No
TXN-0004192,2022-06-28,45615.0,Juguetes,135535.0,Tarjeta crédito,Sitio web,Android,Bucaramanga,6.0,5,No
TXN-0007586,2022-03-13,34602.0,Electrónica,506048.0,Tarjeta crédito,App móvil,Android,Medellín,3.0,5,No
TXN-0004142,,48425.0,Libros,87211.0,PSE,App móvil,Android,Bucaramanga,3.0,5,No
TXN-0000728,2024-12-14,31941.0,Belleza,62668.0,Tarjeta crédito,Sitio web,iOS,Cartagena,4.0,5,No
TXN-0003747,2022-11-01,19137.0,Moda,210686.0,Tarjeta débito,Sitio web,Android,Bogotá,2.0,5,No
TXN-0007698,2024-07-06,53800.0,Deportes,109509.0,Tarjeta débito,App móvil,Desktop,Barranquilla,2.0,5,No
TXN-0006103,2022-09-12,20357.0,Moda,138139.0,Tarjeta débito,Sitio web,iOS,Bogotá,6.0,5,No
TXN-0000971,2024-06-22,50597.0,Alimentos,5000.0,PSE,Sitio web,Android,Bogotá,6.0,5,No
TXN-0003049,2023-01-21,57702.0,Juguetes,98626.0,Tarjeta crédito,App móvil,iOS,Bucaramanga,5.0,5,No
TXN-0004994,2024-08-06,19471.0,Mascotas,79211.0,Tarjeta débito,Sitio web,Desktop,Bogotá,5.0,5,No
TXN-0003836,2023-03-08,52136.0,Hogar,196143.0,PSE,App móvil,Android,Bogotá,1.0,5,No
TXN-0000953,2022-10-16,43840.0,Moda,191103.0,Contraentrega,App móvil,iOS,Pereira,6.0,5,No
TXN-0000818,2024-11-14,51089.0,Electrónica,5000.0,Tarjeta crédito,Sitio web,Android,Manizales,6.0,5,No
TXN-0007102,2022-02-15,42399.0,Hogar,259988.0,Tarjeta crédito,App móvil,Android,Bogotá,2.0,5,No
TXN-0000191,2024-12-02,33148.0,Tecnología,1146635.0,Tarjeta crédito,App móvil,iOS,Bogotá,2.0,5,No
TXN-0002532,2023-03-27,24639.0,Belleza,36657.0,PSE,App móvil,,Barranquilla,6.0,5,No
TXN-0001752,2023-01-23,47728.0,Juguetes,92978.0,PSE,App móvil,Android,Cúcuta,1.0,5,No
TXN-0001019,2024-05-15,59159.0,Mascotas,95087.0,Tarjeta crédito,Sitio web,Android,BOGOTÁ,5.0,5,No
TXN-0002263,2023-12-19,35175.0,Moda,20552.0,Tarjeta crédito,Sitio web,Desktop,Cartagena,8.0,5,No
TXN-0006351,2023-12-19,39204.0,Juguetes,78745.0,Tarjeta crédito,App móvil,Desktop,Bogotá,6.0,5,No
TXN-0005801,,54641.0,Electrónica,715660.0,Billetera digital,Sitio web,Android,Cali,4.0,5,No
TXN-0006236,2023-07-07,33624.0,Juguetes,103397.0,Tarjeta crédito,Sitio web,Android,Cali,3.0,5,No
TXN-0003798,2022-05-19,28249.0,Moda,161801.0,Tarjeta débito,Sitio web,iOS,Cúcuta,1.0,5,No
TXN-0006683,2023-11-04,25956.0,Electrónica,289513.0,Tarjeta crédito,Sitio web,Android,Bucaramanga,6.0,5,No
TXN-0006036,2022-03-29,12007.0,Libros,61171.0,PSE,Sitio web,Android,Pereira,5.0,5,No
TXN-0007015,2023-01-30,57351.0,Juguetes,109811.0,Tarjeta crédito,App móvil,Desktop,Bogotá,2.0,5,No
TXN-0005533,2022-10-20,49316.0,Moda,185751.0,Tarjeta crédito,Sitio web,Android,Bogotá,4.0,5,No
TXN-0003506,2024-11-11,46869.0,Electrónica,263602.0,PSE,Sitio web,Desktop,Cartagena,2.0,5,No
TXN-0004859,2024-01-19,,Moda,156756.0,Tarjeta crédito,App móvil,iOS,Cali,4.0,5,No
TXN-0000503,2024-05-14,29653.0,Deportes,108986.0,Billetera digital,Sitio web,iOS,Bogotá,5.0,5,No
TXN-0006513,2023-01-17,55444.0,Deportes,166090.0,Tarjeta débito,App móvil,Android,CÚCUTA,8.0,5,No
TXN-0000682,2023-05-02,12581.0,Hogar,116389.0,Tarjeta crédito,App móvil,Desktop,MEDELLÍN,1.0,5,No
TXN-0004682,2022-10-02,47969.0,TECNOLOGÍA,1157934.0,Tarjeta crédito,Sitio web,Android,Bogotá,3.0,5,No
TXN-0007747,2024-07-20,10668.0,Belleza,67252.0,PSE,Sitio web,Desktop,Bogotá,7.0,5,No
TXN-0003625,2024-10-18,50636.0,Hogar,192525.0,PSE,App móvil,Android,BOGOTÁ,5.0,5,No
TXN-0007166,2022-10-25,48506.0,Tecnología,897166.0,Tarjeta crédito,App móvil,iOS,Pereira,6.0,5,No
TXN-0002954,2023-09-03,39698.0,Tecnología,711403.0,Tarjeta crédito,Sitio web,Android,Cali,4.0,5,No
TXN-0006894,2022-09-05,33866.0,Hogar,188135.0,Tarjeta débito,App móvil,iOS,Medellín,8.0,4,No
TXN-0006789,2023-09-11,38737.0,Juguetes,76259.0,Contraentrega,App móvil,Android,Pereira,3.0,5,No
TXN-0003865,2024-02-03,44106.0,ELECTRÓNICA,564290.0,Billetera digital,Sitio web,Android,Pereira,3.0,5,No
TXN-0004520,2022-07-20,50004.0,Tecnología,1713059.0,Billetera digital,App móvil,iOS,Bucaramanga,5.0,5,No
TXN-0006154,2023-02-23,29580.0,Hogar,161553.0,Tarjeta débito,App móvil,,Manizales,4.0,5,Sí
TXN-0007985,2024-04-14,36602.0,Hogar,143915.0,Tarjeta débito,Sitio web,iOS,Cali,5.0,5,No
TXN-0002570,2022-01-20,24764.0,Belleza,9146.0,Tarjeta crédito,Sitio web,iOS,Medellín,4.0,5,No
TXN-0004146,2023-02-07,12999.0,Juguetes,104029.0,Tarjeta débito,Sitio web,iOS,Cali,6.0,5,No
TXN-0006301,2024-07-03,49835.0,Electrónica,965582.0,Tarjeta débito,Sitio web,Desktop,Bogotá,3.0,5,No
TXN-0001485,2022-08-26,26330.0,Moda,91721.0,PSE,Sitio web,Android,Bogotá,1.0,5,No
TXN-0000128,2024-06-18,26085.0,Belleza,102086.0,Tarjeta débito,App móvil,Android,Cartagena,8.0,3,Sí
TXN-0001267,2024-06-29,11688.0,Juguetes,111598.0,PSE,Sitio web,Android,Bogotá,5.0,5,No
TXN-0005130,2023-06-30,21722.0,Tecnología,1010080.0,PSE,App móvil,iOS,Cali,3.0,5,No
TXN-0006441,2023-10-12,25115.0,Electrónica,432436.0,PSE,App móvil,Desktop,Bucaramanga,5.0,5,No
TXN-0007897,2024-06-17,34910.0,Belleza,105609.0,Billetera digital,App móvil,Android,Bucaramanga,2.0,5,No
TXN-0006102,,26325.0,Electrónica,784788.0,Tarjeta crédito,App móvil,Android,Cartagena,3.0,5,No
,2024-10-30,42768.0,Libros,46610.0,Billetera digital,Sitio web,Android,Bucaramanga,5.0,5,No
TXN-0003881,2022-09-19,47864.0,Moda,173666.0,PSE,Sitio web,Desktop,Cúcuta,3.0,5,No
TXN-0006329,2024-03-06,23861.0,Mascotas,102446.0,Billetera digital,App móvil,Android,Cali,1.0,5,No
TXN-0006171,2024-02-05,26609.0,Electrónica,701836.0,Billetera digital,App móvil,Android,BARRANQUILLA,5.0,5,No
TXN-0006613,2023-04-30,58629.0,Moda,160733.0,Contraentrega,Sitio web,Android,Ibagué,6.0,5,No
TXN-0002737,2024-06-03,36423.0,Deportes,220492.0,Tarjeta débito,App móvil,iOS,Medellín,8.0,3,No
TXN-0002328,2023-07-11,53773.0,Electrónica,599181.0,Tarjeta crédito,App móvil,Android,Cali,8.0,3,No
TXN-0005571,2022-11-30,31597.0,Moda,54111.0,Tarjeta débito,App móvil,Android,Medellín,4.0,5,No
TXN-0001871,2024-05-25,38146.0,Deportes,211395.0,PSE,App móvil,Desktop,Bucaramanga,4.0,5,No
TXN-0004636,2024-02-02,43849.0,Moda,106681.0,Tarjeta débito,App móvil,Desktop,Cali,4.0,5,No
TXN-0001285,2023-04-28,36291.0,Hogar,197570.0,Tarjeta débito,App móvil,Android,Cali,3.0,5,No
TXN-0002552,2024-07-05,13801.0,Hogar,340184.0,Tarjeta crédito,App móvil,Desktop,Bogotá,5.0,5,No
TXN-0002223,2022-11-10,48180.0,Belleza,64521.0,Contraentrega,App móvil,Desktop,Ibagué,4.0,5,No
TXN-0005042,2022-09-29,16779.0,Deportes,187554.0,Tarjeta crédito,Sitio web,iOS,Bogotá,6.0,5,No
TXN-0003587,2024-11-16,,Alimentos,38049.0,Tarjeta débito,App móvil,Android,Bogotá,3.0,5,No
TXN-0007650,2023-07-18,44553.0,Moda,155584.0,Tarjeta crédito,Sitio web,Android,Bogotá,7.0,5,No
TXN-0004671,2024-08-28,21325.0,Deportes,252499.0,Tarjeta débito,Sitio web,iOS,Cartagena,4.0,5,No
TXN-0003347,2024-06-08,28353.0,Electrónica,986043.0,Tarjeta crédito,Sitio web,iOS,Bogotá,3.0,5,No
TXN-0004215,,,Electrónica,922626.0,Tarjeta crédito,Sitio web,Desktop,Bogotá,7.0,5,No
TXN-0003517,2023-08-27,12383.0,Belleza,68677.0,Contraentrega,App móvil,Android,Bogotá,7.0,5,No
TXN-0000787,2024-10-02,36210.0,Electrónica,808445.0,Tarjeta crédito,Sitio web,Android,Pereira,4.0,5,No
TXN-0001227,2023-05-21,25179.0,Electrónica,592927.0,Contraentrega,App móvil,Desktop,Medellín,3.0,5,No
TXN-0007790,2024-10-05,50878.0,Electrónica,783622.0,PSE,App móvil,iOS,Cali,1.0,5,No
TXN-0002577,2022-10-23,44353.0,Hogar,168708.0,Tarjeta crédito,Sitio web,Desktop,MANIZALES,4.0,5,No
TXN-0006235,2023-01-10,13625.0,Electrónica,531452.0,Tarjeta crédito,App móvil,Android,Medellín,5.0,5,No
TXN-0000110,2024-06-23,58040.0,Belleza,62356.0,Tarjeta crédito,Sitio web,Android,Pereira,5.0,5,No
TXN-0007328,2022-02-22,30833.0,Electrónica,715141.0,Tarjeta crédito,App móvil,Desktop,Bucaramanga,3.0,5,No
TXN-0004880,2022-04-26,29836.0,Deportes,90907.0,Tarjeta débito,App móvil,Android,Bogotá,7.0,5,No
TXN-0006048,2024-01-26,11092.0,Electrónica,572226.0,PSE,Sitio web,Desktop,Bogotá,4.0,5,Sí
TXN-0006853,2023-06-06,20324.0,TECNOLOGÍA,640861.0,Billetera digital,App móvil,Android,Bogotá,3.0,5,No
TXN-0006546,2023-03-28,30680.0,Hogar,150034.0,Billetera digital,Sitio web,Android,Bogotá,6.0,5,No
TXN-0002207,2022-09-03,42385.0,MODA,90193.0,Tarjeta débito,App móvil,Desktop,Bogotá,8.0,3,No
TXN-0006590,,15394.0,Moda,84628.0,Tarjeta débito,App móvil,iOS,Bogotá,6.0,5,No
TXN-0000557,2023-05-02,53354.0,Moda,147376.0,Tarjeta débito,App móvil,Android,Medellín,2.0,5,No
TXN-0002620,2024-01-17,15346.0,Juguetes,102815.0,Tarjeta débito,Sitio web,iOS,Barranquilla,2.0,5,No
TXN-0007685,2023-01-11,32433.0,ELECTRÓNICA,466554.0,Tarjeta crédito,Sitio web,iOS,Pereira,6.0,5,No
,2022-05-24,33713.0,Moda,120217.0,Tarjeta crédito,Sitio web,Desktop,Barranquilla,3.0,5,No
TXN-0001102,2022-07-24,22553.0,Moda,104432.0,Tarjeta débito,App móvil,Android,Medellín,5.0,5,No
TXN-0004311,2024-05-12,19187.0,Deportes,277871.0,Tarjeta débito,Sitio web,Desktop,Bogotá,8.0,5,No
TXN-0004875,2023-01-24,39380.0,Electrónica,686704.0,Contraentrega,App móvil,Desktop,Bogotá,1.0,5,No
,2022-10-27,37010.0,Libros,56912.0,Contraentrega,App móvil,iOS,Bogotá,5.0,5,No
TXN-0002241,2022-05-21,28400.0,Mascotas,93269.0,Tarjeta crédito,Sitio web,Android,Bucaramanga,3.0,5,No
TXN-0000310,2022-11-26,16543.0,Juguetes,48275.0,PSE,Sitio web,iOS,Cali,4.0,5,No
TXN-0001161,2022-09-05,51285.0,Hogar,169909.0,Tarjeta crédito,Sitio web,Android,Bucaramanga,2.0,5,No
TXN-0007414,2023-08-27,15636.0,Belleza,81477.0,Tarjeta crédito,App móvil,iOS,Bucaramanga,5.0,5,No
TXN-0004315,2023-11-01,52898.0,Juguetes,123355.0,Tarjeta débito,App móvil,iOS,Medellín,3.0,5,No
TXN-0003709,2022-02-20,23629.0,TECNOLOGÍA,602273.0,Tarjeta crédito,Sitio web,Android,Manizales,6.0,5,No
TXN-0004525,2024-09-16,49420.0,Hogar,245375.0,Contraentrega,App móvil,Android,Medellín,3.0,5,No
TXN-0007539,2023-03-08,53329.0,Alimentos,51688.0,Billetera digital,App móvil,Desktop,Medellín,3.0,5,No
TXN-0000713,,45866.0,Electrónica,411974.0,Tarjeta débito,App móvil,Desktop,Medellín,5.0,5,No
TXN-0004528,,38364.0,ELECTRÓNICA,836674.0,Tarjeta crédito,App móvil,Android,Bucaramanga,5.0,5,No
TXN-0004433,2023-01-19,40371.0,Electrónica,1297396.0,PSE,Sitio web,Android,Bogotá,4.0,5,No
TXN-0003921,2023-06-07,57447.0,Hogar,103196.0,Tarjeta crédito,App móvil,iOS,Bucaramanga,4.0,5,No
TXN-0004105,2023-05-28,48570.0,Moda,162101.0,Contraentrega,App móvil,Android,Barranquilla,1.0,5,No
TXN-0007443,2022-02-04,31885.0,Juguetes,55660.0,PSE,App móvil,Android,Bogotá,4.0,5,No
TXN-0005758,2022-06-29,26730.0,Moda,29809.0,Contraentrega,Sitio web,Android,Bogotá,2.0,5,No
TXN-0001221,2023-02-26,55897.0,Deportes,166817.0,Tarjeta crédito,App móvil,Android,Barranquilla,3.0,5,No
,2024-02-15,40686.0,Alimentos,68875.0,Tarjeta crédito,Sitio web,Android,Medellín,1.0,5,No
TXN-0000573,2024-03-28,17135.0,Tecnología,734346.0,Tarjeta débito,App móvil,,Bucaramanga,9.0,4,No
TXN-0004692,2024-04-24,11975.0,Mascotas,69758.0,PSE,App móvil,iOS,Manizales,1.0,5,No
TXN-0004028,2023-09-22,50555.0,Hogar,57154.0,Tarjeta crédito,Sitio web,Desktop,Ibagué,5.0,5,No
TXN-0007144,2023-01-30,45610.0,Hogar,171470.0,PSE,Sitio web,iOS,Medellín,6.0,5,No
TXN-0001472,2024-07-24,47663.0,Moda,31107.0,PSE,Sitio web,Android,Medellín,4.0,5,No
TXN-0000365,2022-03-15,54249.0,Tecnología,941936.0,Billetera digital,App móvil,iOS,Manizales,3.0,5,No
TXN-0007271,2023-07-06,10429.0,Hogar,236353.0,PSE,App móvil,Android,Medellín,1.0,5,No
TXN-0007706,2024-10-28,32455.0,Electrónica,652540.0,Tarjeta crédito,App móvil,Android,Cúcuta,6.0,5,No
TXN-0000517,2022-07-11,43312.0,Deportes,221408.0,Tarjeta débito,App móvil,iOS,Medellín,3.0,5,No
TXN-0001588,2022-02-13,42874.0,Moda,191411.0,PSE,App móvil,Android,Barranquilla,5.0,5,No
TXN-0007133,2024-10-21,53455.0,Hogar,158586.0,Tarjeta crédito,Sitio web,iOS,Medellín,4.0,5,No
TXN-0002016,2024-11-13,48746.0,Alimentos,22639.0,Tarjeta crédito,App móvil,iOS,Cali,5.0,5,No
TXN-0002807,2022-02-12,37410.0,Electrónica,504466.0,Tarjeta débito,App móvil,Android,Bogotá,3.0,5,No
TXN-0006417,2023-03-20,12096.0,Belleza,42810.0,Tarjeta débito,App móvil,iOS,Cali,7.0,5,No
TXN-0007293,2023-09-14,22191.0,Moda,44737.0,Contraentrega,Sitio web,iOS,Bogotá,3.0,5,No
TXN-0001663,2023-04-29,22173.0,Electrónica,899305.0,Tarjeta crédito,App móvil,Android,Manizales,6.0,5,No
TXN-0002188,2022-09-30,12427.0,Tecnología,316251.0,Tarjeta débito,App móvil,Android,Bucaramanga,1.0,5,No
TXN-0005970,2023-01-22,28083.0,Hogar,250613.0,Tarjeta débito,App móvil,iOS,Barranquilla,5.0,5,No
TXN-0005313,2022-07-20,45204.0,Tecnología,1003225.0,Tarjeta débito,Sitio web,Android,MEDELLÍN,3.0,5,No
TXN-0003940,2022-01-23,53395.0,LIBROS,42665.0,Tarjeta crédito,Sitio web,iOS,Cali,4.0,5,No
TXN-0003315,2024-03-23,13709.0,BELLEZA,51735.0,Tarjeta débito,App móvil,,CARTAGENA,4.0,5,No
TXN-0005902,2024-06-20,57278.0,Alimentos,29822.0,PSE,Sitio web,Android,Cali,4.0,5,No
TXN-0005429,2022-07-10,28966.0,Juguetes,5000.0,Tarjeta débito,App móvil,iOS,Cartagena,5.0,5,No
TXN-0002834,2023-09-14,20370.0,Moda,93377.0,PSE,App móvil,Android,Bogotá,6.0,5,No
TXN-0000675,2023-03-20,48944.0,Hogar,223876.0,Contraentrega,Sitio web,Desktop,Pereira,7.0,5,No
TXN-0000820,2023-09-01,13897.0,Libros,71819.0,Tarjeta crédito,Sitio web,Android,Bogotá,5.0,5,No
TXN-0003872,2023-04-17,13400.0,Tecnología,935736.0,Tarjeta crédito,Sitio web,Android,Bucaramanga,6.0,5,No
TXN-0000432,2023-06-02,24596.0,Deportes,150571.0,Contraentrega,App móvil,Android,Manizales,2.0,5,No
TXN-0007731,2024-09-26,11344.0,Belleza,161807.0,Tarjeta crédito,App móvil,Desktop,Bucaramanga,2.0,5,No
TXN-0002730,2024-12-22,16065.0,Electrónica,1025986.0,Tarjeta débito,App móvil,Android,Bogotá,6.0,5,No
TXN-0005165,2023-06-19,35929.0,Alimentos,34918.0,Billetera digital,App móvil,Desktop,Barranquilla,2.0,5,No
TXN-0005870,2024-07-17,55259.0,Tecnología,362763.0,Tarjeta crédito,App móvil,Desktop,Bogotá,3.0,5,No
TXN-0006927,2022-08-25,31959.0,Tecnología,1503809.0,Tarjeta débito,Sitio web,Android,Bogotá,3.0,5,No
TXN-0000314,2022-05-15,55544.0,Alimentos,51500.0,Contraentrega,App móvil,Android,Pereira,4.0,5,No
TXN-0007050,2024-02-20,32587.0,Alimentos,63197.0,Tarjeta débito,Sitio web,Android,Bucaramanga,4.0,5,No
TXN-0006611,2024-06-15,49345.0,Belleza,99677.0,PSE,App móvil,Android,Cali,8.0,4,No
TXN-0002989,2023-02-03,24359.0,TECNOLOGÍA,1345477.0,Billetera digital,Sitio web,iOS,Bogotá,10.0,3,No
TXN-0000827,2024-11-22,40778.0,Hogar,172006.0,Tarjeta débito,App móvil,iOS,Ibagué,4.0,5,No
TXN-0003746,2022-07-06,56474.0,Juguetes,111145.0,Contraentrega,App móvil,Android,BOGOTÁ,4.0,5,No
TXN-0000061,2022-07-21,27448.0,Deportes,186061.0,Contraentrega,App móvil,Android,Cali,2.0,5,No
TXN-0007277,2022-09-04,15054.0,Moda,101465.0,Contraentrega,App móvil,Desktop,Medellín,4.0,5,No
TXN-0006059,2024-04-09,23398.0,Mascotas,70506.0,Tarjeta débito,Sitio web,Android,BUCARAMANGA,3.0,5,No
TXN-0000683,2023-01-11,16984.0,Alimentos,19369.0,PSE,App móvil,Desktop,Ibagué,3.0,5,No
TXN-0002782,2024-03-05,11685.0,Moda,106796.0,Billetera digital,App móvil,Android,Medellín,3.0,5,No
TXN-0007652,2024-05-12,20382.0,Hogar,296140.0,Billetera digital,Sitio web,Android,Cali,2.0,5,No
TXN-0002325,2022-09-07,59352.0,Deportes,125764.0,Contraentrega,App móvil,iOS,Barranquilla,3.0,5,No
TXN-0003485,2022-05-29,21964.0,Hogar,193707.0,Tarjeta débito,Sitio web,iOS,Manizales,1.0,5,No
TXN-0006004,2024-12-28,32126.0,Belleza,56100.0,Tarjeta débito,App móvil,Android,Cali,5.0,5,No
TXN-0000300,,55138.0,Alimentos,59123.0,Tarjeta crédito,App móvil,Android,Bogotá,6.0,5,No
TXN-0006387,2024-08-04,49307.0,Tecnología,1255871.0,Contraentrega,Sitio web,Android,Cartagena,4.0,5,No
TXN-0002769,2023-01-06,51231.0,Tecnología,758108.0,Tarjeta débito,Sitio web,Desktop,Medellín,5.0,5,No
TXN-0001153,2024-05-26,39328.0,Hogar,214157.0,Tarjeta débito,Sitio web,,Bogotá,5.0,5,No
TXN-0000890,2022-06-15,11926.0,Alimentos,41572.0,Contraentrega,App móvil,Android,Barranquilla,2.0,5,No
TXN-0005041,2022-09-04,57724.0,Alimentos,48375.0,Tarjeta débito,App móvil,Desktop,Bogotá,4.0,5,No
TXN-0002057,2024-11-01,,Moda,144389.0,Tarjeta débito,App móvil,Android,Cartagena,8.0,3,No
TXN-0001336,2022-02-14,39123.0,Electrónica,548842.0,Tarjeta débito,App móvil,Desktop,Ibagué,3.0,5,No
TXN-0005958,2022-08-28,56209.0,Moda,194723.0,Tarjeta crédito,App móvil,Android,BUCARAMANGA,2.0,5,No
TXN-0000645,2023-06-10,15116.0,BELLEZA,85768.0,Tarjeta crédito,App móvil,Android,Cúcuta,3.0,5,No
TXN-0002322,2023-06-24,52075.0,Tecnología,586775.0,Tarjeta débito,App móvil,Android,Bogotá,4.0,5,No
TXN-0005983,2023-10-26,23662.0,Tecnología,1245219.0,Billetera digital,App móvil,Android,Barranquilla,6.0,5,No
TXN-0000527,2023-02-10,36969.0,Libros,56949.0,Tarjeta crédito,Sitio web,Android,Ibagué,3.0,5,No
TXN-0004603,2023-09-25,17522.0,Belleza,118644.0,PSE,Sitio web,iOS,Barranquilla,5.0,5,No
TXN-0005327,2024-07-05,38357.0,Juguetes,27459.0,Contraentrega,App móvil,Desktop,Bogotá,6.0,5,No
TXN-0002950,2024-10-30,42662.0,Juguetes,125682.0,PSE,Sitio web,Android,Bogotá,3.0,5,No
TXN-0006147,2024-07-24,45944.0,Belleza,47167.0,PSE,App móvil,Android,Bucaramanga,3.0,5,No
TXN-0004813,2022-08-09,27324.0,Moda,98772.0,PSE,Sitio web,Android,Cali,2.0,5,No
TXN-0006120,2022-09-02,36633.0,Moda,153616.0,Tarjeta débito,App móvil,Android,Medellín,5.0,5,No
TXN-0005938,2022-06-06,,Deportes,60104.0,PSE,App móvil,Desktop,Cali,7.0,5,No
TXN-0006415,,28857.0,Hogar,118682.0,Tarjeta crédito,Sitio web,Desktop,Cali,5.0,5,No
TXN-0005113,2022-06-03,59711.0,Mascotas,69644.0,PSE,App móvil,Desktop,Bogotá,5.0,5,No
TXN-0006065,2023-02-17,39425.0,Juguetes,84439.0,Tarjeta débito,Sitio web,,Medellín,8.0,3,No
TXN-0002733,2024-08-30,17811.0,Electrónica,298786.0,Billetera digital,App móvil,Desktop,Ibagué,6.0,5,No
TXN-0004004,2024-11-15,18286.0,Alimentos,25559.0,Contraentrega,App móvil,iOS,Manizales,4.0,5,No
TXN-0000055,2024-02-25,59321.0,LIBROS,25773.0,Tarjeta débito,Sitio web,Desktop,Bogotá,3.0,5,No
TXN-0007421,2022-11-30,52695.0,Moda,32907.0,Contraentrega,Sitio web,iOS,Bogotá,8.0,4,No
TXN-0006685,2024-05-21,27336.0,Tecnología,753681.0,Contraentrega,App móvil,iOS,Ibagué,2.0,5,No
TXN-0000050,2023-04-06,17903.0,Belleza,9252.0,Tarjeta crédito,App móvil,iOS,Bogotá,8.0,3,No
TXN-0000767,2022-12-21,17175.0,Hogar,139091.0,Tarjeta crédito,Sitio web,iOS,MEDELLÍN,2.0,5,No
TXN-0007326,2023-01-23,39567.0,Moda,131395.0,PSE,App móvil,Desktop,Cali,6.0,5,No
TXN-0003037,2022-05-01,32299.0,Moda,140164.0,Tarjeta débito,Sitio web,iOS,Cali,4.0,5,No
TXN-0006334,2024-05-13,17207.0,HOGAR,136198.0,Contraentrega,App móvil,iOS,Bogotá,4.0,5,No
TXN-0002157,2024-05-28,44280.0,Hogar,169223.0,Billetera digital,App móvil,Android,Cúcuta,4.0,5,No
TXN-0006682,2024-07-29,50161.0,BELLEZA,8927.0,Tarjeta débito,App móvil,iOS,Medellín,4.0,5,No
TXN-0004906,2022-12-03,46056.0,Hogar,72342.0,PSE,App móvil,Android,Cartagena,5.0,5,No
,2022-03-11,45846.0,Electrónica,464025.0,Tarjeta crédito,Sitio web,iOS,Manizales,6.0,5,No
TXN-0007336,2022-04-14,36791.0,Moda,89788.0,Tarjeta crédito,Sitio web,iOS,Medellín,4.0,5,No
TXN-0003623,2022-01-10,55594.0,Moda,102323.0,Tarjeta débito,Sitio web,Android,Bogotá,1.0,5,No
TXN-0002071,2023-06-12,,Tecnología,1418895.0,Tarjeta crédito,Sitio web,Desktop,Bucaramanga,6.0,5,No
TXN-0007112,2023-08-08,47974.0,Electrónica,738297.0,PSE,Sitio web,Desktop,Bucaramanga,5.0,5,No
TXN-0000377,2023-04-06,,Electrónica,811076.0,Tarjeta débito,Sitio web,Android,Bucaramanga,1.0,5,No
TXN-0000737,2023-07-08,33487.0,Moda,111482.0,Tarjeta débito,App móvil,iOS,Medellín,5.0,5,No
TXN-0007485,2023-07-14,55641.0,Mascotas,40512.0,Billetera digital,App móvil,Android,Bogotá,6.0,5,No
TXN-0000595,2023-02-01,27906.0,Electrónica,788958.0,Tarjeta débito,App móvil,Android,Cali,3.0,5,No
TXN-0000349,2022-07-19,23096.0,Hogar,327870.0,Contraentrega,Sitio web,Android,Bogotá,5.0,5,No
TXN-0002254,2024-07-16,42149.0,Electrónica,335266.0,PSE,Sitio web,iOS,Cartagena,3.0,5,No
TXN-0004190,2024-08-11,33802.0,Moda,143403.0,Tarjeta crédito,App móvil,iOS,Barranquilla,5.0,5,No
TXN-0002856,2024-05-22,39343.0,Hogar,216586.0,Tarjeta débito,Sitio web,iOS,Medellín,4.0,5,No
TXN-0001249,2023-05-31,55829.0,Deportes,145278.0,Tarjeta crédito,Sitio web,Android,Manizales,2.0,5,No
TXN-0007789,2024-07-18,56222.0,Hogar,17890.0,PSE,Sitio web,Android,Cali,8.0,5,No
TXN-0007917,2023-10-25,34804.0,Belleza,103330.0,Tarjeta crédito,App móvil,Desktop,Bucaramanga,2.0,5,No
,2024-05-24,23501.0,Moda,121304.0,Tarjeta débito,Sitio web,Android,Manizales,4.0,5,No
TXN-0007221,2024-05-07,19380.0,DEPORTES,163376.0,Tarjeta débito,Sitio web,Desktop,Cartagena,3.0,5,No
TXN-0006917,2022-02-27,36752.0,Juguetes,5000.0,Tarjeta crédito,App móvil,Desktop,Medellín,3.0,5,No
TXN-0001300,2022-11-17,46954.0,Alimentos,50747.0,PSE,App móvil,Android,Cali,5.0,5,No
TXN-0004035,2022-12-23,44390.0,Alimentos,70548.0,Billetera digital,App móvil,Android,Bucaramanga,3.0,5,No
TXN-0005778,2024-11-17,41468.0,Deportes,156783.0,Billetera digital,Sitio web,Android,Bogotá,4.0,5,No
TXN-0004096,2024-07-21,46839.0,Alimentos,65282.0,Billetera digital,App móvil,iOS,Bogotá,5.0,5,Sí
TXN-0006591,2024-01-29,46810.0,Tecnología,895283.0,Tarjeta crédito,Sitio web,Android,Bogotá,1.0,5,No
TXN-0005697,2024-12-18,45063.0,Electrónica,1137176.0,PSE,App móvil,Android,BOGOTÁ,8.0,5,No
TXN-0004232,2023-11-02,23493.0,Moda,60918.0,Tarjeta débito,App móvil,Android,Bogotá,6.0,5,No
TXN-0006712,2023-11-16,31360.0,Hogar,98707.0,Tarjeta débito,App móvil,Android,Bucaramanga,3.0,5,No
TXN-0004621,2022-12-23,25901.0,Moda,95794.0,Tarjeta crédito,Sitio web,iOS,Pereira,1.0,5,Sí
TXN-0000936,2023-03-24,34595.0,Electrónica,762649.0,Contraentrega,App móvil,iOS,Bogotá,7.0,5,No
TXN-0001715,2023-05-17,16272.0,Moda,161806.0,Tarjeta crédito,App móvil,Desktop,Bucaramanga,4.0,5,No
TXN-0002305,2023-01-08,59064.0,Moda,151923.0,Tarjeta débito,Sitio web,iOS,MEDELLÍN,2.0,5,No
TXN-0007403,2022-01-24,32311.0,Alimentos,39073.0,Tarjeta débito,App móvil,Android,Barranquilla,3.0,5,No
TXN-0003148,2024-05-30,25644.0,Electrónica,698937.0,Tarjeta débito,App móvil,Android,Medellín,8.0,3,No
TXN-0007513,2022-11-05,56884.0,Juguetes,52782.0,Contraentrega,Sitio web,Android,Bucaramanga,6.0,5,No
TXN-0004874,2023-01-26,14301.0,JUGUETES,109260.0,Contraentrega,App móvil,Android,Barranquilla,2.0,5,No
TXN-0005231,2023-06-04,,Electrónica,516101.0,Tarjeta débito,App móvil,Android,Cali,6.0,5,No
TXN-0003053,2023-11-15,55472.0,Electrónica,763659.0,Contraentrega,Sitio web,iOS,Cali,2.0,5,No
TXN-0005775,2023-08-05,24126.0,Moda,227137.0,Contraentrega,App móvil,,Cali,6.0,5,No
TXN-0002447,2022-08-02,49516.0,Libros,49734.0,Billetera digital,App móvil,iOS,Bogotá,3.0,5,No
TXN-0005761,2024-10-09,48384.0,Hogar,98856.0,Contraentrega,Sitio web,iOS,Pereira,7.0,5,No
,2022-07-03,51272.0,Alimentos,33252.0,Tarjeta crédito,App móvil,Android,Cúcuta,1.0,5,No
TXN-0004657,2022-12-14,22239.0,Deportes,176067.0,Contraentrega,App móvil,iOS,Barranquilla,1.0,5,No
TXN-0007095,2022-10-29,27192.0,Alimentos,21541.0,PSE,Sitio web,Android,Medellín,6.0,5,No
TXN-0000654,2022-01-19,56281.0,Electrónica,531291.0,Contraentrega,App móvil,iOS,Cali,4.0,5,No
TXN-0006744,2024-01-13,17416.0,Moda,155121.0,Tarjeta débito,App móvil,Android,Cali,6.0,5,No
TXN-0006528,,20547.0,Electrónica,863597.0,Tarjeta crédito,App móvil,Android,Medellín,3.0,5,No
TXN-0003004,2024-05-06,54560.0,Electrónica,1087460.0,PSE,Sitio web,Desktop,Bucaramanga,3.0,5,No
TXN-0005367,2023-07-25,27396.0,Belleza,21161.0,PSE,Sitio web,Android,Barranquilla,5.0,5,No
TXN-0004314,2024-07-02,25643.0,Juguetes,92172.0,Billetera digital,App móvil,Android,Bucaramanga,3.0,5,No
,2022-01-06,48252.0,Hogar,199563.0,Tarjeta débito,App móvil,iOS,Bucaramanga,5.0,5,No
TXN-0006614,2022-07-01,52926.0,Moda,30249.0,PSE,Sitio web,Android,BUCARAMANGA,8.0,4,No
TXN-0005975,2022-05-06,50348.0,Moda,127538.0,PSE,App móvil,iOS,Cali,2.0,5,No
TXN-0005083,2022-04-30,13560.0,Deportes,180933.0,Tarjeta débito,App móvil,iOS,CÚCUTA,4.0,5,No
TXN-0006482,2022-06-30,58186.0,Alimentos,49609.0,Tarjeta débito,App móvil,Android,Manizales,5.0,5,No
TXN-0002858,2023-03-13,12118.0,Moda,122332.0,Contraentrega,App móvil,Android,Bucaramanga,4.0,5,No
TXN-0001040,2022-01-31,59082.0,Electrónica,425228.0,Contraentrega,Sitio web,Desktop,Manizales,1.0,5,No
,2023-12-07,56413.0,Alimentos,44036.0,Billetera digital,Sitio web,iOS,Bogotá,6.0,5,No
TXN-0000848,2022-06-29,46020.0,Belleza,122025.0,Contraentrega,App móvil,Android,Cali,4.0,5,No
TXN-0001150,2024-03-13,31860.0,Moda,92064.0,Contraentrega,Sitio web,Android,Bucaramanga,4.0,5,No
TXN-0003912,2023-07-17,17101.0,Electrónica,674823.0,Contraentrega,App móvil,Android,Barranquilla,6.0,5,No
TXN-0002993,2024-02-01,29101.0,Moda,167260.0,PSE,App móvil,iOS,Medellín,2.0,5,No
TXN-0004121,2022-08-30,39484.0,Deportes,203640.0,PSE,Sitio web,Desktop,Bogotá,3.0,5,No
TXN-0002632,2022-09-30,44598.0,Hogar,244808.0,Tarjeta débito,App móvil,Android,Barranquilla,4.0,5,No
TXN-0006536,2022-05-01,39905.0,Juguetes,101058.0,Tarjeta crédito,App móvil,Desktop,Manizales,7.0,5,No
TXN-0002391,2022-07-09,57038.0,Hogar,143489.0,Tarjeta débito,App móvil,Desktop,Pereira,5.0,5,No
TXN-0005901,2023-04-17,32352.0,Juguetes,78433.0,Contraentrega,App móvil,Android,Medellín,3.0,5,No
TXN-0001890,2023-02-10,39920.0,Tecnología,732769.0,Tarjeta crédito,App móvil,Android,Bogotá,2.0,5,No
TXN-0001528,2024-08-01,37454.0,Belleza,32515.0,PSE,App móvil,iOS,Bogotá,5.0,5,No
TXN-0006551,,46462.0,Juguetes,88425.0,PSE,App móvil,Desktop,Barranquilla,4.0,5,No
TXN-0003869,2024-02-18,15767.0,Electrónica,1115948.0,Tarjeta crédito,Sitio web,Android,Bogotá,1.0,5,No
TXN-0002204,2023-10-25,49312.0,Juguetes,110186.0,Tarjeta débito,App móvil,iOS,Bucaramanga,6.0,5,No
TXN-0007970,2024-09-25,38571.0,Deportes,221247.0,Contraentrega,App móvil,Desktop,Barranquilla,6.0,5,No
TXN-0007019,2023-11-23,41415.0,Belleza,104346.0,Tarjeta débito,Sitio web,Desktop,Barranquilla,6.0,5,No
TXN-0006439,2022-05-17,20498.0,JUGUETES,96201.0,Tarjeta crédito,Sitio web,Android,Pereira,5.0,5,No
TXN-0001023,2023-05-19,19775.0,Moda,200018.0,Contraentrega,App móvil,Android,Bogotá,1.0,5,No
TXN-0000873,2024-06-04,20293.0,Moda,150107.0,Billetera digital,Sitio web,Android,Bogotá,7.0,5,No
TXN-0001567,2022-05-26,55579.0,Tecnología,433951.0,Billetera digital,App móvil,Android,Ibagué,4.0,5,No
TXN-0006774,2022-02-25,51416.0,Electrónica,412412.0,Tarjeta débito,App móvil,Desktop,Bogotá,4.0,5,No
TXN-0006696,2023-10-13,14005.0,Hogar,57290.0,PSE,App móvil,Android,Medellín,6.0,5,No
TXN-0000226,2022-04-14,31890.0,Moda,116939.0,Tarjeta crédito,Sitio web,Android,Bogotá,7.0,5,No
TXN-0003779,2024-12-16,54928.0,Electrónica,497120.0,Tarjeta crédito,App móvil,iOS,Medellín,2.0,5,No
TXN-0006119,2022-09-19,41748.0,Moda,104350.0,Tarjeta crédito,App móvil,Android,Bogotá,7.0,5,No
TXN-0005566,2022-08-04,28482.0,Juguetes,52299.0,PSE,Sitio web,Android,Cali,5.0,5,No
TXN-0005558,,30530.0,Tecnología,1152545.0,Tarjeta crédito,Sitio web,Android,Bucaramanga,6.0,5,No
TXN-0005153,2022-05-28,32312.0,Deportes,157658.0,Tarjeta crédito,App móvil,Desktop,Bucaramanga,3.0,5,No
TXN-0002929,2024-09-10,39673.0,Hogar,189310.0,Tarjeta crédito,App móvil,Android,Cali,3.0,5,No
TXN-0007544,2024-07-02,37761.0,Belleza,68772.0,PSE,App móvil,iOS,Pereira,5.0,5,No
TXN-0004622,2022-11-18,53718.0,Belleza,66016.0,Tarjeta crédito,App móvil,Android,Bucaramanga,4.0,5,Sí
TXN-0001789,2024-07-23,49270.0,Libros,88776.0,Tarjeta crédito,Sitio web,Android,Cartagena,4.0,5,No
TXN-0006324,2022-06-17,49588.0,Moda,137856.0,Tarjeta débito,App móvil,Android,Bogotá,2.0,5,No
TXN-0000948,2022-12-24,43024.0,Tecnología,193604.0,Contraentrega,App móvil,Android,Medellín,4.0,5,No
TXN-0007270,2022-07-30,12002.0,Hogar,201425.0,PSE,Sitio web,iOS,Cali,6.0,5,No
TXN-0003702,2022-04-25,56736.0,JUGUETES,5000.0,Billetera digital,App móvil,Desktop,Medellín,8.0,5,No
TXN-0003136,2022-03-06,22312.0,Hogar,207450.0,Tarjeta débito,App móvil,Android,Barranquilla,6.0,5,No
TXN-0001909,2022-06-12,59851.0,Belleza,79253.0,Billetera digital,Sitio web,Desktop,Cali,3.0,5,No
TXN-0006155,,20994.0,Hogar,56981.0,Tarjeta débito,App móvil,Android,Bogotá,4.0,5,No
TXN-0004451,2022-11-17,17974.0,ELECTRÓNICA,517683.0,PSE,App móvil,Android,Cali,5.0,5,No
TXN-0000068,2023-07-18,24839.0,Moda,151144.0,PSE,App móvil,iOS,Barranquilla,5.0,5,No
TXN-0001698,2024-09-14,47784.0,Moda,134196.0,Tarjeta crédito,Sitio web,Desktop,Bucaramanga,6.0,5,Sí
TXN-0000722,2023-12-22,53813.0,Hogar,198487.0,Contraentrega,App móvil,Android,MEDELLÍN,4.0,5,No
TXN-0004242,2022-10-18,44069.0,Electrónica,956939.0,Contraentrega,App móvil,iOS,Cali,5.0,5,No
TXN-0003093,2022-12-01,12693.0,Alimentos,55546.0,PSE,App móvil,Desktop,Cúcuta,2.0,5,No
TXN-0004512,2023-11-27,57676.0,Electrónica,854852.0,Tarjeta crédito,App móvil,Android,Bogotá,2.0,5,No
TXN-0006537,2023-03-09,45752.0,Deportes,180654.0,Tarjeta crédito,App móvil,iOS,Bogotá,3.0,5,No
TXN-0005627,2024-11-13,22479.0,Juguetes,87822.0,PSE,App móvil,Android,Barranquilla,4.0,5,Sí
TXN-0002572,2024-09-16,48859.0,Belleza,93159.0,Tarjeta crédito,App móvil,Android,Bogotá,1.0,5,No
TXN-0003070,2022-09-22,50220.0,Mascotas,75427.0,Tarjeta crédito,App móvil,Android,Pereira,6.0,5,No
TXN-0000172,2024-11-01,22238.0,Juguetes,124089.0,PSE,App móvil,iOS,Medellín,5.0,5,No
TXN-0006582,2024-11-17,57419.0,Mascotas,60590.0,Tarjeta crédito,Sitio web,iOS,Bogotá,5.0,5,No
TXN-0003677,2024-02-25,58353.0,Electrónica,566503.0,Tarjeta crédito,App móvil,Desktop,BUCARAMANGA,5.0,5,No
TXN-0004823,2023-04-13,44870.0,Belleza,80634.0,Tarjeta débito,Sitio web,Desktop,Bogotá,6.0,5,No
TXN-0001896,2023-12-20,13506.0,Deportes,80684.0,Tarjeta crédito,App móvil,iOS,Pereira,7.0,5,No
TXN-0000056,2022-03-15,12489.0,Moda,95169.0,Contraentrega,App móvil,Android,BOGOTÁ,5.0,5,No
TXN-0004235,2022-07-13,56561.0,Tecnología,988722.0,Tarjeta crédito,App móvil,Android,BOGOTÁ,1.0,5,No
TXN-0007673,2022-05-05,,Hogar,208256.0,Tarjeta débito,Sitio web,Android,Medellín,4.0,5,No
TXN-0006340,2022-02-18,52674.0,Alimentos,59121.0,Tarjeta crédito,Sitio web,iOS,Bogotá,2.0,5,No
TXN-0002857,2023-04-29,14808.0,Moda,122965.0,Tarjeta crédito,Sitio web,Desktop,Bogotá,1.0,5,No
TXN-0000450,2024-11-25,14896.0,Electrónica,1334760.0,Tarjeta crédito,App móvil,Android,Medellín,6.0,5,No
TXN-0001998,2022-12-28,57138.0,Electrónica,797531.0,Contraentrega,Sitio web,Android,PEREIRA,4.0,5,No
TXN-0002595,2023-02-13,59514.0,Deportes,277614.0,Tarjeta débito,Sitio web,iOS,Barranquilla,6.0,5,No
TXN-0003398,2023-06-24,54948.0,Tecnología,1325950.0,Tarjeta débito,App móvil,Android,Barranquilla,2.0,5,No
TXN-0000989,2024-02-24,25553.0,Belleza,150545.0,Tarjeta débito,App móvil,Android,Bucaramanga,3.0,5,No
TXN-0000970,2024-08-12,42452.0,Juguetes,130104.0,Tarjeta crédito,App móvil,Android,Cali,1.0,5,Sí
TXN-0000137,2024-08-21,51829.0,Belleza,153013.0,Tarjeta débito,App móvil,Android,Cartagena,3.0,5,No
TXN-0006583,2024-04-29,23394.0,Moda,138995.0,Tarjeta crédito,App móvil,iOS,Barranquilla,6.0,5,No
TXN-0001897,2022-06-07,58328.0,Tecnología,1078255.0,Tarjeta crédito,App móvil,Android,Cali,9.0,4,No
TXN-0000175,2024-09-05,38949.0,Alimentos,55497.0,Contraentrega,App móvil,Android,Cali,4.0,5,No
TXN-0002303,2022-08-23,39345.0,Juguetes,78368.0,Tarjeta crédito,Sitio web,Desktop,Bogotá,1.0,5,No
TXN-0003206,2024-09-30,33786.0,Hogar,216818.0,PSE,Sitio web,iOS,Cali,3.0,5,No
TXN-0006062,2022-05-25,52863.0,Juguetes,100477.0,PSE,Sitio web,Android,Barranquilla,8.0,3,No
TXN-0004482,2024-02-18,41300.0,Deportes,276614.0,Tarjeta débito,App móvil,Desktop,Bogotá,4.0,5,No
TXN-0005821,2023-05-09,12230.0,Libros,37260.0,Tarjeta débito,App móvil,iOS,Cali,6.0,5,No
TXN-0007726,2024-04-11,39370.0,Moda,105980.0,Tarjeta débito,App móvil,Desktop,Medellín,3.0,5,No
TXN-0000445,2022-07-27,57547.0,Belleza,17550.0,Tarjeta débito,Sitio web,iOS,Ibagué,3.0,5,No
TXN-0005198,2024-03-13,33428.0,Libros,46476.0,Tarjeta débito,Sitio web,iOS,Bucaramanga,2.0,5,No
TXN-0005155,2024-06-14,58951.0,Electrónica,849017.0,PSE,Sitio web,Android,Medellín,6.0,5,No
TXN-0006856,2024-03-02,51356.0,Alimentos,28667.0,PSE,Sitio web,iOS,Bogotá,4.0,5,No
TXN-0001828,2024-02-25,14931.0,Deportes,234489.0,Contraentrega,Sitio web,iOS,Barranquilla,5.0,5,No
TXN-0002886,2024-09-12,43753.0,Electrónica,813825.0,PSE,App móvil,Android,Manizales,6.0,5,No
TXN-0004781,2022-10-30,58921.0,Electrónica,1038050.0,Tarjeta crédito,App móvil,Android,BARRANQUILLA,2.0,5,No
TXN-0005980,2023-05-07,57311.0,Juguetes,101395.0,Tarjeta crédito,App móvil,Android,Bogotá,3.0,5,No
TXN-0005386,2023-12-11,19875.0,Moda,88621.0,PSE,App móvil,iOS,Bogotá,2.0,5,No
TXN-0001582,2022-11-04,47014.0,Juguetes,68025.0,Tarjeta débito,App móvil,Desktop,Bogotá,4.0,5,No
TXN-0000090,2022-01-08,55381.0,Alimentos,45242.0,Tarjeta crédito,App móvil,Android,Bogotá,4.0,5,No
TXN-0000795,2023-10-15,17901.0,Deportes,117336.0,Tarjeta débito,Sitio web,Android,Cali,6.0,5,No
TXN-0007079,2023-12-08,40060.0,Belleza,138245.0,Tarjeta débito,Sitio web,,Cali,3.0,5,No
TXN-0005402,2023-08-31,40927.0,Electrónica,628455.0,Contraentrega,Sitio web,Android,Barranquilla,3.0,5,No
TXN-0006197,2023-04-24,59799.0,Deportes,143494.0,Tarjeta débito,App móvil,iOS,Cali,3.0,5,No
TXN-0002049,2024-02-19,54676.0,Hogar,68303.0,Billetera digital,Sitio web,Desktop,Cúcuta,6.0,5,No
TXN-0002178,2022-04-20,36143.0,Moda,212151.0,Tarjeta débito,App móvil,Android,MANIZALES,1.0,5,No
TXN-0006967,2024-09-14,38578.0,Deportes,129631.0,Tarjeta crédito,Sitio web,iOS,Medellín,6.0,5,No
TXN-0006758,2024-08-08,45359.0,Hogar,223480.0,Tarjeta débito,Sitio web,Desktop,Manizales,5.0,5,No
TXN-0001030,2022-02-09,26418.0,Moda,82953.0,PSE,App móvil,iOS,Manizales,5.0,5,No
TXN-0003415,2023-08-12,19222.0,Alimentos,26286.0,Tarjeta débito,App móvil,Android,Bogotá,5.0,5,No
TXN-0003954,2022-08-14,45842.0,Alimentos,16388.0,Tarjeta crédito,App móvil,Android,Bogotá,5.0,5,No
TXN-0001330,2024-12-17,34795.0,Moda,196029.0,Billetera digital,App móvil,Android,Cúcuta,5.0,5,No
TXN-0003174,2022-02-09,44855.0,Electrónica,496242.0,Tarjeta crédito,Sitio web,Android,PEREIRA,1.0,5,No
TXN-0003125,2024-02-04,11039.0,Electrónica,463292.0,PSE,Sitio web,Desktop,Barranquilla,5.0,5,No
TXN-0000040,2023-08-11,34241.0,Alimentos,82166.0,PSE,App móvil,Android,Cúcuta,2.0,5,No
TXN-0005109,2022-08-29,31631.0,Belleza,62091.0,Billetera digital,Sitio web,iOS,Bucaramanga,4.0,5,No
TXN-0000944,2022-06-11,56291.0,Alimentos,44827.0,Billetera digital,Sitio web,Desktop,Manizales,8.0,4,No
TXN-0003601,2022-01-23,10141.0,Belleza,5000.0,Contraentrega,Sitio web,Android,Bogotá,3.0,5,No
TXN-0000666,2024-10-16,54387.0,Tecnología,908417.0,Tarjeta crédito,App móvil,Android,Medellín,5.0,5,No
TXN-0004012,2024-01-16,10466.0,Tecnología,1013189.0,PSE,Sitio web,Desktop,Bogotá,5.0,5,No
TXN-0006123,2022-06-01,,Hogar,105941.0,PSE,App móvil,Desktop,Manizales,3.0,5,No
TXN-0000453,2023-04-10,20357.0,Hogar,177147.0,Tarjeta crédito,App móvil,iOS,Bogotá,3.0,5,No
TXN-0004877,2023-01-24,48335.0,Deportes,166843.0,Billetera digital,Sitio web,Android,Cali,6.0,5,No
TXN-0001685,2022-01-22,56287.0,Tecnología,523731.0,Tarjeta débito,App móvil,Desktop,Medellín,5.0,5,No
TXN-0001149,2022-09-02,35984.0,Alimentos,84061.0,Tarjeta crédito,Sitio web,,Medellín,8.0,4,No
TXN-0004274,2024-12-15,34599.0,Deportes,142101.0,Tarjeta débito,App móvil,Android,Cali,3.0,5,No
TXN-0002185,2022-02-08,48114.0,Hogar,220446.0,Tarjeta crédito,App móvil,Android,Barranquilla,1.0,5,No
TXN-0000337,2022-07-03,26981.0,Moda,112163.0,PSE,App móvil,Android,Bogotá,6.0,5,No
TXN-0006015,2023-10-09,19061.0,Hogar,175859.0,PSE,App móvil,iOS,Medellín,3.0,5,No
TXN-0002167,2024-05-07,56791.0,Hogar,331482.0,Tarjeta crédito,Sitio web,Android,Medellín,4.0,5,No
TXN-0004931,2024-11-13,56156.0,Deportes,157768.0,Tarjeta crédito,Sitio web,Android,Medellín,6.0,5,No
TXN-0005653,2024-06-26,15687.0,Hogar,265792.0,Tarjeta crédito,Sitio web,iOS,Medellín,5.0,5,No
TXN-0007928,2023-04-07,19446.0,Moda,133236.0,Billetera digital,App móvil,Android,Bogotá,4.0,5,No
TXN-0002978,2024-03-04,45947.0,Hogar,262887.0,Tarjeta débito,App móvil,Android,Ibagué,3.0,5,No
TXN-0001601,2022-08-06,,Deportes,188912.0,Billetera digital,App móvil,Desktop,Bogotá,5.0,5,No
TXN-0001642,2023-12-17,27411.0,Hogar,68585.0,PSE,App móvil,iOS,Cúcuta,3.0,5,No
TXN-0000352,2024-03-01,40117.0,Mascotas,34443.0,Tarjeta débito,App móvil,Desktop,Cali,4.0,5,No
TXN-0000625,2023-07-09,54891.0,Tecnología,1306029.0,PSE,App móvil,Android,Bucaramanga,3.0,5,No
TXN-0006337,2022-05-09,55855.0,Alimentos,44577.0,Tarjeta crédito,Sitio web,iOS,Cali,4.0,5,No
TXN-0006026,2024-07-03,,Tecnología,1376717.0,Tarjeta crédito,App móvil,iOS,Pereira,4.0,5,No
TXN-0007330,2023-08-20,47235.0,Libros,45614.0,Tarjeta crédito,Sitio web,iOS,Bogotá,1.0,5,No
TXN-0005648,2024-11-09,21174.0,Moda,194846.0,Tarjeta crédito,App móvil,Android,Cartagena,9.0,3,No
TXN-0002184,2024-07-02,31802.0,Electrónica,717845.0,Tarjeta crédito,App móvil,Android,Manizales,4.0,5,No
,2024-04-02,25674.0,Electrónica,883170.0,PSE,Sitio web,iOS,Cúcuta,7.0,5,Sí
TXN-0002509,2024-06-22,21333.0,Tecnología,463585.0,Tarjeta débito,Sitio web,Android,Bogotá,5.0,5,No
TXN-0002090,2022-10-16,43386.0,Juguetes,74421.0,Contraentrega,App móvil,Android,Bogotá,5.0,5,Sí
TXN-0004820,2023-12-22,32305.0,Juguetes,47868.0,PSE,Sitio web,Desktop,Bogotá,6.0,5,No
TXN-0004795,,39059.0,Moda,97296.0,Tarjeta crédito,App móvil,Android,Cali,6.0,5,No
TXN-0006781,2022-02-09,,Juguetes,74297.0,PSE,Sitio web,Desktop,Pereira,2.0,5,Sí
TXN-0000359,2022-05-29,14095.0,Hogar,74350.0,Contraentrega,Sitio web,iOS,Pereira,4.0,5,No
TXN-0007901,2022-01-04,29093.0,JUGUETES,146423.0,PSE,Sitio web,Android,Cartagena,6.0,5,No
TXN-0001322,2024-12-04,23025.0,ELECTRÓNICA,580905.0,Tarjeta crédito,Sitio web,Desktop,Cali,3.0,5,No
TXN-0001614,2022-09-11,55740.0,Moda,118717.0,Tarjeta crédito,Sitio web,Android,Pereira,6.0,5,No
TXN-0006877,2024-12-19,44105.0,Belleza,39853.0,Tarjeta débito,App móvil,iOS,Manizales,6.0,5,No
TXN-0007675,2023-07-29,26237.0,Moda,180209.0,Tarjeta crédito,Sitio web,Android,Pereira,1.0,5,No
TXN-0001857,2024-10-27,53737.0,Mascotas,19501.0,Tarjeta débito,App móvil,Android,Barranquilla,2.0,5,Sí
TXN-0006703,2023-11-11,51409.0,Hogar,305648.0,Contraentrega,App móvil,Android,Bucaramanga,4.0,5,No
TXN-0001526,2022-02-08,23963.0,Juguetes,116574.0,Tarjeta crédito,Sitio web,iOS,Bogotá,4.0,5,No
TXN-0006958,2022-01-04,44318.0,Hogar,245387.0,Billetera digital,App móvil,Android,Bucaramanga,2.0,5,No
TXN-0004715,2022-07-23,59804.0,Juguetes,133465.0,Contraentrega,App móvil,iOS,CALI,5.0,5,No
TXN-0004562,2024-11-15,38383.0,Mascotas,86543.0,Tarjeta crédito,App móvil,Android,Bogotá,4.0,5,No
TXN-0001435,2023-04-13,14126.0,Electrónica,627579.0,Tarjeta débito,App móvil,,Manizales,2.0,5,Sí
TXN-0007638,2024-02-10,31618.0,Hogar,195681.0,Tarjeta crédito,App móvil,Android,Medellín,5.0,5,No
TXN-0007833,2024-02-18,38793.0,Juguetes,115075.0,Tarjeta crédito,App móvil,Desktop,Bogotá,5.0,5,No
TXN-0007712,2023-01-19,23561.0,Juguetes,107536.0,Contraentrega,App móvil,Android,Bogotá,5.0,5,No
TXN-0001420,2024-11-18,50468.0,Juguetes,37321.0,Billetera digital,Sitio web,Android,Pereira,4.0,5,Sí
TXN-0007355,2023-10-14,33914.0,Belleza,67469.0,Contraentrega,App móvil,iOS,Bucaramanga,8.0,3,No
TXN-0001703,2022-01-12,27507.0,Mascotas,80216.0,Billetera digital,App móvil,Android,Bogotá,1.0,5,No
TXN-0006224,2023-09-30,30499.0,Electrónica,654915.0,Tarjeta débito,App móvil,Android,Bogotá,3.0,5,No
TXN-0006084,2024-06-19,23526.0,Moda,63102.0,PSE,App móvil,Android,Medellín,2.0,5,No
TXN-0002650,2024-08-14,53055.0,Deportes,56408.0,Billetera digital,App móvil,Android,Cúcuta,4.0,5,No
TXN-0003759,2022-08-04,57959.0,Belleza,124965.0,Tarjeta crédito,App móvil,Android,Pereira,3.0,5,No
TXN-0004588,2024-01-12,25428.0,Moda,152963.0,Tarjeta crédito,App móvil,Android,Medellín,3.0,5,No
TXN-0000777,2023-08-05,52958.0,Moda,129332.0,Tarjeta crédito,App móvil,Android,Bogotá,4.0,5,No
TXN-0002576,2022-09-29,46560.0,Electrónica,814591.0,PSE,App móvil,Desktop,Bogotá,4.0,5,No
TXN-0003755,2023-01-20,41921.0,Juguetes,101636.0,Contraentrega,Sitio web,Android,CARTAGENA,5.0,5,No
TXN-0003832,2023-07-17,28385.0,Electrónica,543662.0,PSE,App móvil,iOS,Medellín,4.0,5,No
TXN-0001766,2024-06-24,58094.0,Moda,170043.0,Tarjeta débito,Sitio web,Desktop,Bogotá,3.0,5,No
TXN-0007267,2024-01-03,25799.0,Alimentos,31752.0,Tarjeta crédito,App móvil,Android,Pereira,4.0,5,No
TXN-0000474,2024-05-21,15629.0,Deportes,171075.0,Tarjeta débito,App móvil,Android,Barranquilla,5.0,5,No
TXN-0007531,2022-02-05,50088.0,Moda,181689.0,Tarjeta débito,App móvil,Android,Manizales,4.0,5,Sí
TXN-0007214,2023-03-04,25822.0,Moda,130492.0,Tarjeta débito,Sitio web,iOS,Bogotá,5.0,5,No
TXN-0003493,2022-10-06,43804.0,Electrónica,47747.0,PSE,Sitio web,iOS,BOGOTÁ,4.0,5,No
TXN-0003904,2022-06-17,12234.0,JUGUETES,133047.0,Contraentrega,App móvil,Desktop,Cúcuta,5.0,5,No
TXN-0002415,2024-06-08,32451.0,Tecnología,524297.0,Tarjeta crédito,App móvil,Android,Cali,3.0,5,No
TXN-0005885,2024-10-21,34518.0,Belleza,137333.0,Tarjeta crédito,App móvil,iOS,Cali,6.0,5,No
TXN-0007990,2023-10-05,42972.0,Moda,85139.0,Tarjeta crédito,App móvil,Desktop,Bogotá,3.0,5,No
TXN-0003663,2022-12-04,10745.0,Alimentos,19823.0,Contraentrega,Sitio web,Android,Medellín,1.0,5,Sí
TXN-0006766,2022-06-21,11210.0,Alimentos,39514.0,Contraentrega,Sitio web,iOS,BARRANQUILLA,5.0,5,No
TXN-0005578,2024-08-21,16778.0,Libros,50942.0,PSE,App móvil,Desktop,Bogotá,3.0,5,No
TXN-0007598,2024-11-20,42424.0,Libros,64971.0,Contraentrega,Sitio web,Android,Cartagena,2.0,5,No
TXN-0005232,2022-01-27,46058.0,Alimentos,49719.0,Tarjeta crédito,App móvil,Android,Barranquilla,3.0,5,No
TXN-0006032,2024-02-27,39148.0,Moda,184646.0,PSE,App móvil,Android,Cali,2.0,5,No
TXN-0007182,2022-12-06,14660.0,Hogar,163704.0,Tarjeta débito,App móvil,iOS,CALI,3.0,5,No
TXN-0003535,2022-01-24,23102.0,Tecnología,631992.0,PSE,App móvil,iOS,Bucaramanga,1.0,5,No
TXN-0001581,2024-06-02,32344.0,Moda,241986.0,Tarjeta débito,App móvil,Desktop,Medellín,2.0,5,No
TXN-0000480,2023-02-16,45690.0,Hogar,184629.0,Tarjeta débito,App móvil,Android,Bogotá,5.0,5,No
TXN-0006362,2022-03-26,58159.0,Moda,130112.0,Contraentrega,Sitio web,iOS,Cúcuta,3.0,5,No
TXN-0002638,2023-07-29,13882.0,Electrónica,613761.0,Billetera digital,App móvil,Android,Medellín,5.0,5,No
TXN-0000103,2024-12-30,23118.0,Tecnología,813948.0,Billetera digital,App móvil,iOS,Medellín,1.0,5,No
TXN-0001479,2024-05-07,54967.0,Belleza,38680.0,Billetera digital,App móvil,Android,Bogotá,1.0,5,No
TXN-0007576,2023-08-14,30066.0,Tecnología,1348529.0,Tarjeta crédito,App móvil,Android,Medellín,7.0,5,No
TXN-0004066,,46315.0,Deportes,184658.0,Billetera digital,App móvil,Android,Bucaramanga,2.0,5,No
,2023-10-09,14267.0,Juguetes,57101.0,Contraentrega,App móvil,Android,Cali,6.0,5,Sí
TXN-0003947,2022-02-05,30157.0,Hogar,117957.0,Contraentrega,Sitio web,iOS,Ibagué,3.0,5,No
TXN-0003826,2022-10-04,17043.0,Libros,23916.0,Tarjeta débito,Sitio web,,Medellín,2.0,5,No
TXN-0000743,2022-10-12,19437.0,Juguetes,99717.0,Contraentrega,App móvil,Android,Medellín,2.0,5,No
TXN-0007525,2024-04-23,30207.0,Deportes,197933.0,Tarjeta crédito,Sitio web,Desktop,Bogotá,6.0,5,No
TXN-0006612,,20525.0,Juguetes,169394.0,Billetera digital,App móvil,iOS,Pereira,2.0,5,No
TXN-0000054,,15091.0,Belleza,97743.0,Tarjeta crédito,Sitio web,Android,Cali,3.0,5,No
TXN-0000988,2024-03-24,35005.0,Electrónica,755442.0,Tarjeta crédito,Sitio web,Desktop,Cali,5.0,5,No
TXN-0003757,2022-01-20,56868.0,Belleza,44961.0,Tarjeta débito,Sitio web,Android,Medellín,7.0,5,No
TXN-0007240,2024-11-07,55267.0,Deportes,147175.0,Tarjeta débito,App móvil,Android,Bucaramanga,4.0,5,No
TXN-0000069,2023-10-15,36554.0,Electrónica,946137.0,Contraentrega,Sitio web,Android,Barranquilla,4.0,5,No
TXN-0007769,2022-09-24,36066.0,Alimentos,56872.0,Tarjeta débito,App móvil,iOS,Ibagué,3.0,5,No
TXN-0004037,2022-09-14,12369.0,Deportes,185923.0,Tarjeta crédito,App móvil,iOS,Bogotá,4.0,5,Sí
TXN-0003619,2024-10-30,44712.0,Electrónica,631362.0,Tarjeta crédito,App móvil,,Cali,4.0,5,No
TXN-0004814,2023-02-12,31182.0,Moda,122152.0,PSE,App móvil,iOS,Pereira,5.0,5,No
TXN-0005197,2022-07-29,38571.0,Moda,195599.0,Contraentrega,Sitio web,iOS,Bucaramanga,5.0,5,No
TXN-0007173,2022-01-09,41960.0,Mascotas,73050.0,Tarjeta débito,Sitio web,Desktop,Cali,5.0,5,No
TXN-0002775,,47409.0,HOGAR,223203.0,Tarjeta débito,App móvil,Android,Cali,5.0,5,No
TXN-0004430,2022-03-28,16123.0,Hogar,178691.0,Contraentrega,Sitio web,Android,Barranquilla,3.0,5,No
TXN-0003344,2023-04-25,11398.0,Moda,88952.0,Tarjeta crédito,Sitio web,iOS,Medellín,5.0,5,No
TXN-0007676,2023-07-31,25842.0,Electrónica,1076710.0,Billetera digital,App móvil,Android,Bogotá,1.0,5,No
TXN-0005488,2022-05-07,38381.0,Moda,113310.0,Tarjeta débito,Sitio web,iOS,Bogotá,6.0,5,No
TXN-0006931,2024-12-22,43079.0,Deportes,65690.0,Tarjeta crédito,App móvil,Android,Pereira,7.0,5,No
TXN-0003325,2023-04-26,59819.0,Electrónica,77910.0,Tarjeta crédito,App móvil,Android,Ibagué,3.0,5,No
TXN-0001240,2022-06-27,38621.0,Electrónica,330060.0,Tarjeta débito,App móvil,iOS,Bogotá,1.0,5,No
TXN-0000785,2023-01-16,56492.0,Moda,164182.0,PSE,App móvil,Android,Manizales,3.0,5,No
TXN-0005270,2022-09-03,46183.0,BELLEZA,83267.0,Billetera digital,App móvil,Android,Barranquilla,2.0,5,No
TXN-0005255,2023-04-14,21875.0,Belleza,74712.0,Tarjeta débito,App móvil,Android,Bogotá,3.0,5,No
TXN-0005412,2024-05-25,41379.0,Belleza,106597.0,Tarjeta crédito,Sitio web,Android,Medellín,3.0,5,No
TXN-0007099,2023-04-03,36675.0,Electrónica,149416.0,Billetera digital,App móvil,iOS,Medellín,6.0,5,No
TXN-0005234,2023-08-10,29258.0,Electrónica,612148.0,Tarjeta crédito,App móvil,Android,Medellín,3.0,5,No
TXN-0006690,2024-03-04,32522.0,Electrónica,349191.0,Tarjeta crédito,App móvil,Desktop,Bucaramanga,5.0,5,No
TXN-0003773,,16147.0,Electrónica,849269.0,Tarjeta crédito,App móvil,Desktop,Bogotá,6.0,5,No
TXN-0002707,2023-01-11,39346.0,Deportes,223345.0,Tarjeta débito,App móvil,Android,BARRANQUILLA,1.0,5,No
TXN-0004224,2024-10-06,40318.0,Moda,103778.0,PSE,App móvil,Android,Manizales,2.0,5,No
TXN-0005680,2023-08-20,11677.0,Alimentos,62703.0,Tarjeta crédito,App móvil,Android,Bogotá,3.0,5,No
TXN-0001975,2024-01-15,18077.0,Juguetes,148823.0,PSE,Sitio web,iOS,Manizales,7.0,5,No
TXN-0002971,2022-02-04,59518.0,Juguetes,28234.0,Tarjeta crédito,Sitio web,iOS,Cali,3.0,5,No
TXN-0006634,,,Moda,167563.0,Tarjeta crédito,Sitio web,Android,Medellín,5.0,5,No
TXN-0006564,2022-05-26,18481.0,Moda,148051.0,Contraentrega,Sitio web,iOS,Cúcuta,5.0,5,No
TXN-0005358,2023-10-07,34217.0,Electrónica,1125287.0,Tarjeta crédito,Sitio web,iOS,Barranquilla,3.0,5,No
TXN-0003581,2022-07-10,50177.0,LIBROS,55078.0,Contraentrega,Sitio web,Desktop,Bogotá,4.0,5,No
TXN-0007962,2022-04-29,31847.0,Belleza,124301.0,Tarjeta crédito,App móvil,Android,Medellín,3.0,5,No
TXN-0006604,2022-07-13,59557.0,Tecnología,1104740.0,Contraentrega,App móvil,Desktop,Bucaramanga,2.0,5,No
TXN-0001107,2023-02-28,24444.0,Juguetes,46204.0,PSE,Sitio web,Android,Bogotá,8.0,5,No
TXN-0000951,2022-03-28,27287.0,Deportes,145691.0,Tarjeta débito,App móvil,Android,Medellín,4.0,5,No
TXN-0003128,2023-06-07,,Belleza,111670.0,PSE,Sitio web,Android,Medellín,6.0,5,No
TXN-0006914,2024-07-24,39584.0,Deportes,105727.0,Billetera digital,App móvil,iOS,Medellín,6.0,5,No
TXN-0002123,,34996.0,Alimentos,49989.0,Billetera digital,Sitio web,Android,Barranquilla,1.0,5,No
TXN-0003838,2024-11-10,18033.0,Moda,121142.0,Billetera digital,Sitio web,Android,Cúcuta,3.0,5,No
TXN-0005226,2024-01-18,,Hogar,128956.0,PSE,App móvil,iOS,Manizales,5.0,5,No
TXN-0003236,2024-07-14,17116.0,Deportes,54094.0,Tarjeta débito,App móvil,Desktop,Bogotá,6.0,5,No
TXN-0006189,2023-07-13,38671.0,Electrónica,698098.0,Tarjeta crédito,Sitio web,Android,Cartagena,8.0,3,No
TXN-0005655,2023-03-08,14770.0,Moda,166522.0,Tarjeta crédito,App móvil,iOS,Barranquilla,3.0,5,No
TXN-0004558,2024-04-20,20815.0,Hogar,202735.0,Tarjeta débito,Sitio web,Android,Medellín,1.0,5,No
TXN-0006529,2023-10-11,30030.0,Belleza,69183.0,Tarjeta débito,App móvil,Desktop,Pereira,4.0,5,No
TXN-0000640,2024-10-03,,Libros,43302.0,PSE,App móvil,iOS,Bogotá,5.0,5,No
TXN-0006600,2023-03-28,36913.0,Hogar,270373.0,Tarjeta débito,App móvil,iOS,Medellín,5.0,5,No
TXN-0000275,2022-05-05,36888.0,Deportes,151609.0,Tarjeta débito,App móvil,Android,Medellín,1.0,5,No
TXN-0003383,2024-08-31,31759.0,Moda,156517.0,Tarjeta crédito,App móvil,Desktop,Ibagué,2.0,5,No
TXN-0002567,2022-12-07,54216.0,Belleza,125291.0,Billetera digital,Sitio web,Android,Ibagué,5.0,5,No
TXN-0000758,2024-05-23,37630.0,Electrónica,410109.0,Contraentrega,App móvil,Android,Barranquilla,6.0,5,No
TXN-0003664,2023-01-07,36966.0,Deportes,130021.0,PSE,App móvil,Android,Medellín,6.0,5,No
TXN-0000879,2024-04-20,31276.0,Tecnología,930217.0,PSE,App móvil,iOS,Medellín,7.0,5,No
TXN-0005026,2023-03-30,18115.0,Deportes,150799.0,Tarjeta crédito,App móvil,Android,Cali,4.0,5,No
,2024-01-10,14536.0,Belleza,109059.0,Billetera digital,App móvil,iOS,Barranquilla,6.0,5,No
TXN-0007888,2023-10-06,34920.0,Alimentos,77154.0,Tarjeta débito,Sitio web,,Bogotá,3.0,5,No
TXN-0002461,2024-10-04,29490.0,BELLEZA,97484.0,Contraentrega,Sitio web,Desktop,Cúcuta,6.0,5,No
TXN-0005416,2022-05-30,13831.0,ELECTRÓNICA,1041800.0,Billetera digital,App móvil,iOS,Bucaramanga,4.0,5,No
TXN-0004060,2022-12-30,15651.0,Deportes,215073.0,PSE,App móvil,iOS,Bogotá,6.0,5,No
TXN-0004652,2022-04-23,52481.0,Electrónica,321833.0,Contraentrega,App móvil,iOS,Bucaramanga,4.0,5,No
TXN-0004640,2024-04-06,35802.0,Mascotas,107654.0,Tarjeta débito,App móvil,iOS,Medellín,9.0,4,No
TXN-0001561,2022-05-23,32444.0,Juguetes,99637.0,PSE,App móvil,iOS,Bogotá,2.0,5,No
TXN-0007345,2023-02-19,21327.0,Tecnología,304124.0,Tarjeta crédito,App móvil,Desktop,Barranquilla,4.0,5,Sí
TXN-0004111,2022-07-05,51740.0,Electrónica,661859.0,PSE,Sitio web,Android,Barranquilla,1.0,5,No
TXN-0007444,2022-03-13,40300.0,Deportes,246711.0,Tarjeta débito,App móvil,Android,Bogotá,4.0,5,No
TXN-0000099,2022-11-27,18249.0,Hogar,81326.0,Tarjeta crédito,App móvil,Android,Medellín,4.0,5,No
TXN-0003697,2024-08-07,25682.0,Mascotas,97229.0,Tarjeta crédito,App móvil,Android,Cúcuta,5.0,5,Sí
TXN-0001431,2024-12-06,17234.0,Juguetes,68360.0,PSE,App móvil,Desktop,Bogotá,3.0,5,No
TXN-0001251,2022-01-16,28955.0,Belleza,72022.0,Billetera digital,App móvil,iOS,Bogotá,6.0,5,No
TXN-0002693,2024-01-19,27048.0,Alimentos,65298.0,Tarjeta crédito,Sitio web,iOS,Bogotá,6.0,5,No
TXN-0001888,2024-01-31,35320.0,Belleza,113741.0,PSE,App móvil,Android,Manizales,2.0,5,No
TXN-0005996,,39111.0,Belleza,95729.0,Contraentrega,App móvil,Desktop,Medellín,4.0,5,No
TXN-0005102,,53273.0,Belleza,57046.0,Tarjeta débito,Sitio web,Android,IBAGUÉ,4.0,5,No
TXN-0006541,2023-12-31,18245.0,Alimentos,51330.0,Tarjeta crédito,App móvil,iOS,Medellín,1.0,5,No
TXN-0007103,2023-07-04,53419.0,Electrónica,38031.0,Billetera digital,App móvil,Android,Manizales,6.0,5,No
TXN-0005567,2024-08-26,46934.0,Hogar,99113.0,Tarjeta crédito,App móvil,Desktop,Cali,3.0,5,No
TXN-0006809,2023-04-19,12583.0,Tecnología,1224534.0,Tarjeta crédito,App móvil,Android,Pereira,1.0,5,No
TXN-0007358,2023-12-03,54316.0,Electrónica,20871.0,Contraentrega,Sitio web,Desktop,Medellín,5.0,5,No
TXN-0007325,2022-10-10,20310.0,Hogar,159208.0,Billetera digital,Sitio web,Desktop,Manizales,6.0,5,No
TXN-0006916,2023-05-22,14394.0,Belleza,91192.0,Tarjeta débito,App móvil,Android,BOGOTÁ,5.0,5,No
TXN-0003552,,32780.0,Belleza,63247.0,PSE,App móvil,iOS,Cali,5.0,5,No
TXN-0007459,2023-05-06,24001.0,Hogar,182884.0,Tarjeta débito,App móvil,Android,Cali,6.0,5,No
TXN-0003652,2024-06-30,33340.0,Electrónica,440496.0,Tarjeta crédito,Sitio web,iOS,Bogotá,2.0,5,No
TXN-0002061,2023-11-09,56472.0,MASCOTAS,51560.0,Tarjeta débito,Sitio web,Android,Medellín,5.0,5,No
TXN-0006406,2024-01-18,30546.0,Hogar,347064.0,Billetera digital,App móvil,Desktop,BARRANQUILLA,2.0,5,No
TXN-0000295,2022-05-05,56461.0,Deportes,120031.0,Billetera digital,Sitio web,Android,Medellín,5.0,5,No
TXN-0002770,2024-06-12,38323.0,Tecnología,856124.0,Tarjeta crédito,App móvil,Android,BOGOTÁ,1.0,5,No
TXN-0005543,2022-12-24,16521.0,Libros,62567.0,PSE,App móvil,iOS,Cali,5.0,5,No
TXN-0007623,2022-07-06,56269.0,TECNOLOGÍA,962161.0,Contraentrega,Sitio web,iOS,Cúcuta,5.0,5,No
,2024-08-08,13895.0,Moda,55343.0,Tarjeta crédito,App móvil,Desktop,Bogotá,1.0,5,No
TXN-0006807,2022-11-21,26831.0,Deportes,86299.0,Contraentrega,App móvil,iOS,Cúcuta,5.0,5,No
TXN-0002354,2024-05-06,41254.0,Electrónica,722425.0,Tarjeta débito,App móvil,iOS,Bogotá,5.0,5,No
TXN-0003254,2024-06-18,19555.0,Electrónica,857466.0,Tarjeta crédito,Sitio web,Desktop,Manizales,3.0,5,No
TXN-0000160,2022-04-26,48661.0,Mascotas,86366.0,Billetera digital,Sitio web,Android,Medellín,4.0,5,No
TXN-0001237,2023-04-17,39900.0,Deportes,194278.0,Tarjeta débito,App móvil,Android,Cali,5.0,5,No
TXN-0004747,2022-04-29,36382.0,Moda,38218.0,Tarjeta débito,App móvil,Android,Cali,7.0,5,No
TXN-0007708,2022-04-05,58598.0,Hogar,153512.0,PSE,App móvil,iOS,Pereira,2.0,5,No
TXN-0006839,2022-08-25,46883.0,Moda,178456.0,Contraentrega,App móvil,iOS,Bogotá,6.0,5,No
TXN-0000910,2024-02-17,35493.0,Electrónica,699992.0,Tarjeta crédito,App móvil,Android,Barranquilla,4.0,5,No
TXN-0007831,2023-01-13,41881.0,Belleza,96514.0,Tarjeta crédito,App móvil,iOS,Manizales,6.0,5,No
TXN-0002432,2022-06-03,55389.0,Electrónica,413252.0,Contraentrega,App móvil,Desktop,Pereira,2.0,5,No
TXN-0007013,2024-08-31,,Juguetes,14384.0,Tarjeta crédito,App móvil,iOS,Bogotá,5.0,5,No
TXN-0005750,2022-02-09,14362.0,Mascotas,90329.0,Tarjeta crédito,App móvil,Desktop,Cartagena,2.0,5,No
TXN-0001558,2023-01-15,19484.0,Alimentos,57058.0,PSE,Sitio web,Android,Medellín,5.0,5,No
TXN-0000321,2022-08-03,44496.0,Belleza,100862.0,Tarjeta débito,App móvil,Android,Ibagué,3.0,5,No
TXN-0003809,2023-10-30,26743.0,Deportes,198185.0,Contraentrega,Sitio web,Desktop,Cali,4.0,5,No
TXN-0000015,2024-10-12,11169.0,Moda,64262.0,Tarjeta débito,Sitio web,Desktop,Bucaramanga,6.0,5,No
TXN-0005072,2024-12-09,37715.0,Belleza,62552.0,Contraentrega,Sitio web,Android,Cali,3.0,5,No
TXN-0007303,2024-04-09,42423.0,LIBROS,102583.0,PSE,App móvil,Desktop,Manizales,4.0,5,No
TXN-0003465,2024-04-28,32027.0,Alimentos,51919.0,PSE,App móvil,iOS,Bogotá,4.0,5,No
TXN-0001447,2023-01-04,33278.0,BELLEZA,29342.0,Tarjeta débito,App móvil,Desktop,Cali,6.0,5,No
TXN-0003476,2024-03-22,13307.0,Tecnología,920236.0,Tarjeta crédito,App móvil,Android,Cúcuta,4.0,5,No
TXN-0004559,2024-05-11,29943.0,Mascotas,25211.0,Tarjeta crédito,App móvil,Android,Bogotá,5.0,5,No
TXN-0000888,2024-04-23,39322.0,Libros,60610.0,Tarjeta crédito,Sitio web,Android,Bogotá,5.0,5,No
TXN-0001693,2024-03-15,40921.0,Libros,65398.0,Contraentrega,App móvil,Desktop,Barranquilla,4.0,5,No
TXN-0003700,2023-12-27,18579.0,Hogar,200289.0,Tarjeta crédito,Sitio web,Desktop,Cúcuta,2.0,5,No
TXN-0007430,2022-11-09,59282.0,Tecnología,1209302.0,Tarjeta crédito,App móvil,iOS,MEDELLÍN,2.0,5,No
TXN-0001720,2024-11-05,25568.0,Moda,206421.0,PSE,Sitio web,Android,Pereira,5.0,5,No
TXN-0004740,2022-10-01,37905.0,Electrónica,639015.0,Tarjeta crédito,Sitio web,Android,Bogotá,5.0,5,No
TXN-0007898,2023-09-04,21356.0,Moda,152587.0,Tarjeta crédito,App móvil,Desktop,Medellín,3.0,5,No
TXN-0004716,2023-06-06,27054.0,Moda,125146.0,Contraentrega,App móvil,Desktop,Bogotá,6.0,5,No
TXN-0000652,2022-12-23,27981.0,Moda,79094.0,PSE,Sitio web,iOS,Barranquilla,8.0,3,No
TXN-0004350,2023-03-01,27349.0,Deportes,115930.0,Billetera digital,App móvil,Android,Bogotá,3.0,5,No
TXN-0005978,2023-11-19,49417.0,Electrónica,718421.0,Contraentrega,Sitio web,iOS,Bogotá,3.0,5,No
TXN-0004970,2022-12-07,47485.0,Belleza,70388.0,Contraentrega,Sitio web,Android,Barranquilla,7.0,5,Sí
TXN-0004563,2023-08-16,32631.0,Electrónica,217593.0,PSE,App móvil,iOS,Medellín,8.0,3,No
TXN-0004850,2023-01-08,26999.0,Alimentos,72657.0,Tarjeta crédito,App móvil,Android,MEDELLÍN,4.0,5,No
TXN-0000919,2022-03-07,53246.0,Moda,191818.0,Tarjeta crédito,Sitio web,Android,Cali,6.0,5,No
TXN-0005038,2024-10-15,53124.0,Deportes,203727.0,Tarjeta crédito,Sitio web,Desktop,Bogotá,4.0,5,No
TXN-0000883,2024-12-11,35558.0,Moda,177283.0,Contraentrega,Sitio web,Android,Cali,5.0,5,No
TXN-0000292,2023-04-06,38366.0,Electrónica,753360.0,Tarjeta débito,App móvil,Android,Medellín,5.0,5,No
TXN-0000234,2024-09-11,11989.0,Deportes,138288.0,Tarjeta crédito,App móvil,iOS,Bucaramanga,5.0,5,No
TXN-0002790,2022-03-15,52009.0,Hogar,150245.0,Contraentrega,App móvil,Desktop,Bucaramanga,4.0,5,No
TXN-0003438,2023-06-12,24259.0,Mascotas,62150.0,Tarjeta crédito,Sitio web,Android,Pereira,5.0,5,No
TXN-0003482,2022-09-24,45813.0,Moda,123841.0,Billetera digital,Sitio web,Android,BOGOTÁ,4.0,5,No
TXN-0001995,2023-05-13,33864.0,Electrónica,586154.0,Billetera digital,App móvil,Android,Barranquilla,4.0,5,No
TXN-0007302,2024-04-14,47476.0,Belleza,45834.0,Contraentrega,Sitio web,Android,Barranquilla,6.0,5,No
TXN-0001305,2024-02-03,50237.0,Deportes,213875.0,Tarjeta crédito,App móvil,Android,Bogotá,2.0,5,No
TXN-0003392,2022-07-16,50808.0,Hogar,147304.0,Tarjeta crédito,App móvil,Android,Bogotá,4.0,5,No
TXN-0005863,2024-04-16,18758.0,Mascotas,94293.0,Tarjeta crédito,App móvil,Android,Ibagué,7.0,5,No
,2023-09-23,49851.0,Electrónica,194700.0,PSE,App móvil,Android,Bucaramanga,6.0,5,No
TXN-0002272,2022-01-11,35934.0,MODA,147023.0,Tarjeta débito,Sitio web,Android,Bogotá,4.0,5,No
TXN-0007507,2023-04-10,18043.0,Mascotas,51242.0,Tarjeta débito,App móvil,Desktop,Cali,2.0,5,No
TXN-0006194,2022-02-01,26976.0,Deportes,54525.0,Tarjeta crédito,Sitio web,iOS,Bogotá,4.0,5,No
TXN-0006930,2024-01-21,44521.0,Hogar,207889.0,Billetera digital,Sitio web,Android,Barranquilla,4.0,5,No
TXN-0003132,2023-02-28,,Hogar,150803.0,Tarjeta débito,App móvil,Android,Barranquilla,1.0,5,No
TXN-0006514,2023-01-17,28501.0,Moda,48343.0,Tarjeta crédito,App móvil,Desktop,Manizales,5.0,5,No
TXN-0002026,2022-01-24,34617.0,Hogar,87687.0,Contraentrega,App móvil,Desktop,Medellín,5.0,5,No
TXN-0003395,2022-03-22,21194.0,Electrónica,805872.0,Tarjeta débito,App móvil,Desktop,Bogotá,3.0,5,No
TXN-0001486,2022-01-20,,MASCOTAS,73428.0,Contraentrega,App móvil,,Bogotá,4.0,5,No
TXN-0005338,2023-05-13,,Tecnología,1073685.0,Tarjeta débito,Sitio web,Android,Bogotá,5.0,5,No
TXN-0004631,2022-07-31,20547.0,Juguetes,109096.0,Tarjeta crédito,App móvil,Android,Cali,9.0,4,Sí
TXN-0006773,2024-02-12,38128.0,Electrónica,838926.0,Tarjeta débito,App móvil,Android,Bogotá,1.0,5,No
TXN-0002977,2023-12-20,38466.0,Tecnología,915963.0,PSE,App móvil,Android,Pereira,8.0,4,No
TXN-0006725,2022-01-27,15553.0,Electrónica,855586.0,Tarjeta débito,Sitio web,Android,Bogotá,1.0,5,No
TXN-0007423,2024-12-22,59667.0,Belleza,110342.0,Contraentrega,App móvil,Android,Cali,4.0,5,No
,2023-04-24,18260.0,Alimentos,27767.0,PSE,App móvil,,Cali,6.0,5,No
TXN-0005522,2024-02-10,32955.0,Deportes,142454.0,PSE,Sitio web,Android,Pereira,5.0,5,No
TXN-0001081,2023-02-14,44680.0,Electrónica,795761.0,Tarjeta crédito,Sitio web,Desktop,Cali,3.0,5,No
TXN-0003444,,31410.0,Hogar,178668.0,PSE,Sitio web,iOS,Medellín,3.0,5,No
TXN-0002448,2022-04-26,34351.0,Juguetes,30576.0,PSE,App móvil,Android,Bogotá,5.0,5,No
TXN-0007636,2024-09-19,56574.0,Tecnología,1518896.0,Billetera digital,App móvil,iOS,Medellín,4.0,5,No
TXN-0006972,2023-09-22,16308.0,Tecnología,811028.0,Tarjeta crédito,Sitio web,Android,Cartagena,3.0,5,No
TXN-0007206,2022-12-17,21098.0,Libros,59299.0,PSE,App móvil,Android,Bogotá,5.0,5,No
TXN-0004686,2022-07-10,16455.0,Libros,59576.0,Tarjeta débito,Sitio web,Android,Barranquilla,1.0,5,No
TXN-0000674,2024-07-18,11936.0,Moda,195620.0,Billetera digital,App móvil,Android,Barranquilla,3.0,5,No
TXN-0000481,2024-07-02,47549.0,Electrónica,465487.0,PSE,Sitio web,Desktop,Medellín,7.0,5,No
TXN-0002155,2022-08-16,10645.0,Mascotas,63086.0,Contraentrega,Sitio web,Android,Cali,4.0,5,Sí
TXN-0005443,2022-08-24,18325.0,Moda,172363.0,Tarjeta débito,App móvil,iOS,Medellín,5.0,5,No
TXN-0005472,2022-10-04,39843.0,Tecnología,918665.0,Tarjeta débito,App móvil,Android,Cartagena,2.0,5,No
TXN-0004932,2024-04-11,39207.0,Moda,104368.0,Contraentrega,Sitio web,Android,Cartagena,1.0,5,No
TXN-0003788,2024-04-24,47159.0,Belleza,19561.0,Tarjeta crédito,Sitio web,Desktop,Bogotá,3.0,5,No
TXN-0000252,2024-12-08,58802.0,Deportes,236278.0,Tarjeta crédito,App móvil,,Bogotá,5.0,5,No
TXN-0004763,2024-10-03,22727.0,Alimentos,68917.0,PSE,Sitio web,Desktop,Bogotá,5.0,5,No
TXN-0006306,2022-08-15,,Mascotas,33227.0,Tarjeta crédito,Sitio web,Android,Bucaramanga,6.0,5,No
TXN-0005968,2023-11-12,38017.0,Hogar,208747.0,Tarjeta crédito,App móvil,Android,Bogotá,4.0,5,No
TXN-0000391,2024-03-12,40010.0,Moda,173610.0,PSE,App móvil,Android,BOGOTÁ,5.0,5,Sí
TXN-0001468,2022-06-28,42362.0,Libros,55787.0,Tarjeta crédito,App móvil,Android,Cartagena,4.0,5,No
TXN-0007520,2022-04-29,25123.0,Moda,117954.0,Contraentrega,Sitio web,Desktop,Barranquilla,1.0,5,No
TXN-0003288,2022-09-18,44788.0,MODA,72285.0,PSE,Sitio web,Android,Bogotá,7.0,5,No
TXN-0005459,2022-12-07,25721.0,Belleza,78575.0,Contraentrega,App móvil,Desktop,Medellín,6.0,5,No
TXN-0004891,2022-03-18,12466.0,Hogar,147671.0,Contraentrega,Sitio web,Android,Bogotá,3.0,5,No
TXN-0001985,2024-10-24,18082.0,Tecnología,694898.0,Tarjeta crédito,Sitio web,Desktop,Bogotá,6.0,5,No
TXN-0001934,2022-11-05,19286.0,Moda,121988.0,Tarjeta crédito,App móvil,Android,Bogotá,4.0,5,No
TXN-0002105,2022-11-15,39829.0,JUGUETES,116481.0,Tarjeta crédito,App móvil,,Bogotá,3.0,5,No
TXN-0006813,2023-06-28,34601.0,Electrónica,167561.0,Billetera digital,App móvil,iOS,Cali,5.0,5,No
TXN-0004778,2022-02-28,33157.0,Moda,162749.0,Tarjeta crédito,Sitio web,iOS,Bogotá,2.0,5,No
TXN-0006948,2022-07-30,26130.0,Moda,165526.0,Billetera digital,App móvil,Android,Medellín,4.0,5,No
TXN-0001206,2024-08-29,15341.0,ELECTRÓNICA,253268.0,PSE,App móvil,iOS,Cartagena,3.0,5,No
TXN-0005174,2023-03-17,41250.0,Alimentos,41542.0,PSE,App móvil,iOS,Medellín,2.0,5,No
TXN-0003139,2022-10-09,23681.0,Juguetes,94239.0,Contraentrega,App móvil,iOS,Medellín,3.0,5,No
TXN-0006265,2022-12-29,30470.0,Belleza,80151.0,PSE,Sitio web,Desktop,Bogotá,7.0,5,Sí
TXN-0002395,2024-12-07,,BELLEZA,70639.0,Tarjeta crédito,App móvil,Android,Cúcuta,6.0,5,No
TXN-0004248,2024-03-03,36942.0,Alimentos,47531.0,PSE,Sitio web,Desktop,Pereira,6.0,5,No
TXN-0005621,2024-04-16,34119.0,Moda,79588.0,PSE,App móvil,Android,Bogotá,1.0,5,No
TXN-0007766,2022-04-08,46342.0,Electrónica,779693.0,Contraentrega,App móvil,iOS,Medellín,8.0,4,No
TXN-0000828,2022-04-20,23744.0,Moda,117823.0,Tarjeta crédito,App móvil,Android,Bogotá,1.0,5,Sí
TXN-0005351,2022-07-27,,Moda,157785.0,Tarjeta crédito,Sitio web,Android,Medellín,2.0,5,No
TXN-0000525,2024-07-19,19594.0,ELECTRÓNICA,768048.0,Tarjeta débito,Sitio web,Desktop,Bogotá,7.0,5,No
TXN-0001266,2023-03-03,20968.0,Libros,97120.0,Tarjeta débito,Sitio web,Desktop,Pereira,6.0,5,No
TXN-0002070,2024-09-23,31958.0,Hogar,267932.0,Tarjeta crédito,Sitio web,iOS,IBAGUÉ,5.0,5,No
TXN-0000406,2024-10-07,31741.0,Juguetes,94179.0,Billetera digital,App móvil,iOS,Pereira,3.0,5,No
TXN-0004354,2024-07-27,55053.0,Hogar,86287.0,Billetera digital,Sitio web,Android,Pereira,1.0,5,No
TXN-0007860,2022-01-01,10696.0,Electrónica,769843.0,Tarjeta débito,App móvil,iOS,Bogotá,7.0,5,No
TXN-0006845,,56658.0,Tecnología,435944.0,Tarjeta crédito,Sitio web,Android,Bogotá,5.0,5,No
TXN-0002437,2024-01-26,35640.0,Libros,99143.0,PSE,App móvil,iOS,Bogotá,2.0,5,No
TXN-0003767,2022-05-30,24732.0,Moda,196729.0,Tarjeta crédito,App móvil,iOS,Bogotá,4.0,5,No
TXN-0004282,2022-06-08,34441.0,Moda,138267.0,PSE,Sitio web,Android,Medellín,2.0,5,No
TXN-0006188,2023-09-11,57714.0,Mascotas,13526.0,Tarjeta débito,App móvil,Android,Cartagena,7.0,5,No
TXN-0004570,,59882.0,Electrónica,1020021.0,Billetera digital,Sitio web,Android,MEDELLÍN,5.0,5,No
TXN-0002901,2023-04-20,56926.0,Alimentos,26223.0,PSE,App móvil,iOS,Cartagena,4.0,5,No
TXN-0004909,2023-04-12,37622.0,Moda,59074.0,Tarjeta débito,Sitio web,Android,Medellín,7.0,5,No
TXN-0002389,2022-01-10,44287.0,Electrónica,244986.0,PSE,Sitio web,Android,Barranquilla,3.0,5,No
TXN-0005263,2023-03-08,52495.0,Moda,194618.0,PSE,Sitio web,Android,Medellín,6.0,5,No
TXN-0007436,2023-07-09,25538.0,Alimentos,43187.0,PSE,App móvil,iOS,Cali,1.0,5,No
TXN-0004461,2024-09-29,46508.0,Libros,43239.0,Tarjeta crédito,Sitio web,Desktop,Manizales,7.0,5,No
TXN-0007186,2024-03-03,56017.0,Deportes,130796.0,Contraentrega,Sitio web,iOS,Cali,7.0,5,No
TXN-0004961,2023-09-07,49752.0,Juguetes,67164.0,Contraentrega,App móvil,iOS,Bogotá,3.0,5,No
TXN-0003902,2024-01-08,59543.0,Moda,18977.0,PSE,App móvil,iOS,Medellín,1.0,5,No
TXN-0001859,2024-12-07,40919.0,Deportes,131094.0,Tarjeta crédito,Sitio web,Android,Bogotá,1.0,5,No
TXN-0003009,2022-02-25,29421.0,Deportes,24773.0,Contraentrega,Sitio web,Android,Bogotá,5.0,5,No
TXN-0006717,2022-08-19,46656.0,Tecnología,887365.0,Contraentrega,Sitio web,iOS,Bogotá,4.0,5,No
TXN-0007694,2024-06-15,56454.0,Belleza,134419.0,Tarjeta débito,Sitio web,Desktop,Bogotá,2.0,5,No
TXN-0001351,2022-02-06,20412.0,Alimentos,52200.0,Tarjeta crédito,Sitio web,iOS,Bogotá,7.0,5,No
TXN-0006460,2023-01-21,46516.0,Moda,100169.0,Tarjeta crédito,App móvil,Desktop,Manizales,5.0,5,No
,2024-08-06,17630.0,Belleza,58682.0,Tarjeta crédito,App móvil,Desktop,Bogotá,4.0,5,Sí
TXN-0000513,2022-09-18,59228.0,Belleza,24277.0,Tarjeta crédito,App móvil,iOS,IBAGUÉ,3.0,5,No
TXN-0000663,2022-01-04,28863.0,Electrónica,463199.0,Tarjeta crédito,App móvil,Desktop,Manizales,1.0,5,No
TXN-0004442,2022-07-15,32475.0,Alimentos,58483.0,Tarjeta débito,App móvil,iOS,Pereira,5.0,5,No
TXN-0001604,2022-07-20,41662.0,Moda,72623.0,Contraentrega,Sitio web,Android,Bogotá,4.0,5,Sí
TXN-0004929,,23823.0,Juguetes,91977.0,Tarjeta crédito,Sitio web,Desktop,Pereira,4.0,5,No
,2024-03-17,17314.0,Electrónica,747544.0,Contraentrega,Sitio web,Android,Cali,6.0,5,No
TXN-0007553,2022-09-08,48675.0,Moda,108880.0,PSE,Sitio web,Android,Cúcuta,7.0,5,No
TXN-0001677,2022-04-01,19157.0,Tecnología,108758.0,PSE,App móvil,Android,Cali,2.0,5,No
TXN-0007147,2023-11-09,14304.0,Belleza,74305.0,Billetera digital,App móvil,Android,Medellín,6.0,5,No
TXN-0004642,2022-04-16,33455.0,HOGAR,103717.0,Tarjeta crédito,App móvil,Desktop,Medellín,5.0,5,No
TXN-0007946,2024-09-11,45806.0,Electrónica,644875.0,Billetera digital,Sitio web,Desktop,Barranquilla,6.0,5,No
TXN-0004869,2023-01-24,49387.0,Moda,214788.0,PSE,App móvil,iOS,Pereira,2.0,5,No
TXN-0000067,2022-03-06,29361.0,Moda,192071.0,PSE,App móvil,Android,Barranquilla,6.0,5,No
TXN-0001951,2022-09-07,40670.0,Electrónica,73083.0,PSE,Sitio web,Android,Bucaramanga,2.0,5,No
TXN-0005159,2022-06-24,50376.0,Libros,73176.0,Contraentrega,App móvil,iOS,Bogotá,2.0,5,No
TXN-0007077,2023-11-26,28280.0,Moda,37620.0,Tarjeta crédito,App móvil,Desktop,Cúcuta,4.0,5,No
TXN-0005812,,13385.0,Moda,89871.0,Contraentrega,Sitio web,Desktop,Cartagena,1.0,5,No
TXN-0007997,2022-03-17,31990.0,Belleza,132863.0,Contraentrega,Sitio web,iOS,Bogotá,2.0,5,No
TXN-0002421,2024-09-11,22340.0,Hogar,176886.0,Tarjeta débito,App móvil,,MEDELLÍN,2.0,5,No
TXN-0002692,2024-05-02,20638.0,Hogar,166941.0,Tarjeta crédito,App móvil,iOS,Manizales,3.0,5,No
,2023-10-27,31096.0,Moda,190538.0,Tarjeta débito,App móvil,Android,Bogotá,4.0,5,No
TXN-0006953,2024-03-08,32554.0,Moda,168265.0,Tarjeta crédito,Sitio web,Desktop,Cúcuta,6.0,5,No
TXN-0003356,2022-04-21,11529.0,DEPORTES,231082.0,PSE,Sitio web,Android,Cúcuta,5.0,5,No
TXN-0000646,2024-09-27,27099.0,Belleza,75058.0,Tarjeta crédito,Sitio web,Android,Cali,7.0,5,No
TXN-0006562,2024-05-13,14684.0,Electrónica,887174.0,Tarjeta débito,App móvil,,Bogotá,2.0,5,No
TXN-0002348,2023-09-02,16242.0,Electrónica,898316.0,Contraentrega,App móvil,Android,Bucaramanga,1.0,5,No
TXN-0001667,2023-12-10,18263.0,Deportes,157450.0,Tarjeta débito,App móvil,iOS,Bucaramanga,4.0,5,No
TXN-0005919,2023-10-07,28497.0,Electrónica,480030.0,Tarjeta crédito,Sitio web,Android,Bucaramanga,3.0,5,No
TXN-0006174,2023-10-22,31217.0,ELECTRÓNICA,454638.0,Tarjeta débito,Sitio web,Android,Manizales,5.0,5,No
TXN-0001139,2022-05-15,21847.0,Tecnología,1582664.0,Tarjeta crédito,Sitio web,Android,Bogotá,3.0,5,No
TXN-0000542,2022-03-09,,Hogar,318058.0,Contraentrega,Sitio web,Desktop,Medellín,3.0,5,No
TXN-0001314,2022-12-16,27434.0,Electrónica,370996.0,PSE,Sitio web,Desktop,Cúcuta,6.0,5,No
TXN-0007937,2024-10-21,36716.0,Mascotas,89603.0,Tarjeta débito,Sitio web,iOS,Pereira,4.0,5,No
TXN-0004297,2022-08-11,37234.0,Mascotas,26571.0,Tarjeta crédito,App móvil,Android,Cali,6.0,5,No
TXN-0001964,2024-08-26,45519.0,Deportes,119445.0,Tarjeta crédito,App móvil,Android,Bucaramanga,4.0,5,No
TXN-0005392,2024-04-26,44557.0,Deportes,192169.0,Tarjeta crédito,App móvil,Android,Cali,1.0,5,No
TXN-0002362,2024-06-08,49756.0,Hogar,154340.0,Tarjeta débito,Sitio web,,Ibagué,3.0,5,No
TXN-0000307,2023-07-02,20813.0,Electrónica,735429.0,Tarjeta crédito,Sitio web,Android,Cúcuta,3.0,5,No
TXN-0007533,2024-11-14,56504.0,Hogar,181540.0,Contraentrega,App móvil,iOS,Manizales,6.0,5,No
TXN-0007085,2022-08-23,40658.0,Belleza,100734.0,PSE,App móvil,Desktop,Bogotá,4.0,5,No
TXN-0005405,2024-09-13,34115.0,Libros,40412.0,Tarjeta crédito,App móvil,Desktop,Ibagué,6.0,5,No
TXN-0000130,2023-03-21,27277.0,Moda,117113.0,Billetera digital,App móvil,iOS,Cali,4.0,5,No
TXN-0000396,2023-04-15,22410.0,Belleza,71447.0,Contraentrega,App móvil,Desktop,Cali,7.0,5,No
TXN-0007895,2024-03-10,25703.0,Belleza,117476.0,PSE,App móvil,,Bogotá,3.0,5,No
TXN-0001930,2022-03-25,48045.0,Libros,44592.0,PSE,App móvil,Android,Medellín,1.0,5,No
TXN-0004423,2024-10-04,28583.0,Libros,31316.0,Tarjeta débito,Sitio web,,Cali,6.0,5,No
TXN-0004288,2024-12-08,13034.0,Belleza,133139.0,Billetera digital,Sitio web,Android,Barranquilla,6.0,5,No
TXN-0000723,2023-12-17,16913.0,Hogar,137453.0,Tarjeta crédito,App móvil,iOS,Manizales,5.0,5,No
,2022-09-11,40790.0,Alimentos,57615.0,Contraentrega,App móvil,iOS,Medellín,6.0,5,No
TXN-0005951,2023-04-01,37508.0,Alimentos,54669.0,Contraentrega,Sitio web,Android,Cartagena,5.0,5,No
TXN-0003764,,26889.0,Electrónica,167727.0,Tarjeta crédito,App móvil,Android,Bucaramanga,1.0,5,No
TXN-0000308,2024-06-03,19141.0,Tecnología,969704.0,PSE,Sitio web,Android,Pereira,4.0,5,No
TXN-0005161,2022-12-01,16043.0,Hogar,100730.0,Contraentrega,App móvil,Desktop,Barranquilla,6.0,5,No
TXN-0005494,2024-09-07,56025.0,Libros,53821.0,Tarjeta débito,Sitio web,Android,Cartagena,5.0,5,No
TXN-0007138,2022-12-15,16505.0,Alimentos,43333.0,PSE,App móvil,Android,Cali,6.0,5,No
TXN-0007065,2022-02-12,32709.0,Moda,84852.0,Contraentrega,App móvil,iOS,Bogotá,3.0,5,No
TXN-0004592,2023-12-24,12892.0,Belleza,51501.0,PSE,App móvil,Android,Cali,6.0,5,No
TXN-0003081,2024-01-04,20179.0,Juguetes,106179.0,PSE,Sitio web,,Manizales,5.0,5,No
TXN-0007012,2023-05-10,44511.0,Hogar,210859.0,Contraentrega,Sitio web,Android,Medellín,1.0,5,No
TXN-0000385,2023-04-08,23823.0,Electrónica,256969.0,Tarjeta débito,App móvil,Android,Ibagué,5.0,5,No
TXN-0002559,2023-03-13,20163.0,Hogar,121387.0,PSE,Sitio web,Android,Cúcuta,1.0,5,No
TXN-0002701,2022-06-16,21623.0,Juguetes,160445.0,Billetera digital,App móvil,Desktop,Bogotá,5.0,5,No
TXN-0000583,2023-06-13,32433.0,Alimentos,43997.0,Tarjeta crédito,Sitio web,Desktop,Manizales,7.0,5,No
TXN-0004494,,59947.0,ELECTRÓNICA,656382.0,Contraentrega,Sitio web,Android,Medellín,6.0,5,No
TXN-0007984,2023-12-18,34247.0,Electrónica,1221177.0,Tarjeta crédito,Sitio web,iOS,Medellín,1.0,5,No
TXN-0007091,2022-08-09,41354.0,Alimentos,38231.0,Contraentrega,App móvil,iOS,Medellín,8.0,5,No
TXN-0007476,2024-01-30,39536.0,Tecnología,1285564.0,Billetera digital,App móvil,Desktop,Barranquilla,5.0,5,No
TXN-0006664,2024-11-05,55477.0,Juguetes,132655.0,Tarjeta crédito,App móvil,Android,BOGOTÁ,3.0,5,No
TXN-0005526,2024-06-25,45556.0,Alimentos,43045.0,Billetera digital,App móvil,iOS,Barranquilla,2.0,5,No
TXN-0006869,2022-11-08,58927.0,Juguetes,87856.0,Tarjeta crédito,App móvil,Android,Bogotá,2.0,5,Sí
TXN-0002581,2022-12-24,57737.0,HOGAR,222235.0,PSE,Sitio web,Android,Bogotá,3.0,5,No
TXN-0002811,2024-01-20,59566.0,Electrónica,786267.0,PSE,App móvil,Desktop,Bogotá,3.0,5,No
TXN-0005726,2024-05-22,17415.0,Moda,100190.0,Tarjeta crédito,App móvil,Desktop,Bogotá,3.0,5,No
TXN-0000162,2023-03-04,20526.0,LIBROS,29742.0,PSE,App móvil,Android,Bogotá,5.0,5,No
TXN-0001335,2024-07-06,14515.0,Hogar,238505.0,Tarjeta crédito,Sitio web,Android,Cartagena,3.0,5,No
TXN-0007697,2022-09-29,23010.0,Moda,161032.0,Tarjeta crédito,App móvil,Desktop,Bogotá,1.0,5,No
,2022-03-22,17658.0,Juguetes,111113.0,Tarjeta crédito,App móvil,iOS,Barranquilla,3.0,5,No
TXN-0000937,2024-06-17,16097.0,Alimentos,47033.0,Tarjeta crédito,App móvil,Android,Bucaramanga,2.0,5,No
TXN-0005136,2024-12-24,34487.0,Moda,162692.0,Tarjeta débito,Sitio web,Android,Pereira,2.0,5,No
TXN-0001367,2022-08-25,25643.0,Alimentos,56782.0,Tarjeta crédito,App móvil,Android,Bogotá,6.0,5,No
TXN-0007838,2023-10-22,56465.0,Electrónica,668515.0,PSE,App móvil,Desktop,Medellín,1.0,5,No
TXN-0003122,2023-03-29,48668.0,Hogar,165639.0,Tarjeta crédito,App móvil,Android,Ibagué,7.0,5,No
TXN-0004023,2024-05-17,,Electrónica,1268118.0,Tarjeta crédito,App móvil,Desktop,Bogotá,5.0,5,No
TXN-0005371,2022-11-08,54276.0,Moda,5000.0,Contraentrega,App móvil,Android,Barranquilla,2.0,5,No
TXN-0004756,2023-07-27,,Juguetes,79071.0,Tarjeta débito,Sitio web,Desktop,Bogotá,5.0,5,No
TXN-0006023,2024-10-22,36226.0,Libros,81905.0,Tarjeta débito,Sitio web,Android,Medellín,5.0,5,No
TXN-0001950,2023-05-07,25372.0,Belleza,96905.0,Tarjeta crédito,App móvil,iOS,Barranquilla,1.0,5,No
TXN-0006165,2024-02-04,16898.0,Electrónica,558190.0,Tarjeta débito,App móvil,Android,Bogotá,5.0,5,No
TXN-0004666,2022-05-23,21516.0,Moda,96899.0,PSE,Sitio web,Desktop,Barranquilla,3.0,5,No
TXN-0003874,2024-03-27,38358.0,Moda,46694.0,Contraentrega,App móvil,Desktop,Bogotá,4.0,5,No
TXN-0001160,2024-04-03,28178.0,Electrónica,424662.0,Tarjeta crédito,Sitio web,Android,Medellín,1.0,5,No
TXN-0005657,2024-02-22,55383.0,Belleza,81614.0,Contraentrega,Sitio web,Android,Cali,6.0,5,No
TXN-0003990,2022-04-25,,Moda,137340.0,Tarjeta débito,App móvil,iOS,Manizales,6.0,5,No
TXN-0001592,2022-07-09,26862.0,Alimentos,81181.0,Tarjeta débito,App móvil,Android,Bucaramanga,1.0,5,No
TXN-0002702,2022-10-31,14661.0,Juguetes,70901.0,Tarjeta crédito,Sitio web,iOS,Bogotá,4.0,5,No
TXN-0002745,2024-03-31,57416.0,Belleza,55031.0,Tarjeta crédito,Sitio web,iOS,PEREIRA,3.0,5,No
TXN-0001881,2022-06-27,,Moda,122065.0,Billetera digital,Sitio web,Android,Cúcuta,5.0,5,No
TXN-0003637,2023-08-02,14631.0,Juguetes,91709.0,Tarjeta crédito,Sitio web,Desktop,Bogotá,3.0,5,No
TXN-0002530,2023-02-18,52292.0,Alimentos,62872.0,Tarjeta débito,App móvil,Android,Cali,5.0,5,No
TXN-0002082,2023-06-14,47898.0,Libros,74002.0,Contraentrega,Sitio web,iOS,Cali,8.0,5,No
TXN-0003183,2024-03-03,44804.0,ELECTRÓNICA,941278.0,Contraentrega,App móvil,iOS,Barranquilla,6.0,5,No
TXN-0007194,2023-02-23,38871.0,HOGAR,289577.0,PSE,App móvil,Android,Barranquilla,4.0,5,No
TXN-0004144,2024-02-27,45938.0,Mascotas,59069.0,Tarjeta débito,App móvil,iOS,Bogotá,2.0,5,No
TXN-0007343,2022-12-17,43864.0,Tecnología,1372568.0,Tarjeta crédito,Sitio web,Desktop,Bogotá,4.0,5,No
TXN-0004126,2022-11-08,25201.0,Electrónica,952275.0,PSE,App móvil,Desktop,Bogotá,7.0,5,No
TXN-0005692,2022-07-31,42260.0,Electrónica,458183.0,Tarjeta crédito,App móvil,Android,Bogotá,5.0,5,No
TXN-0003054,2023-06-27,35758.0,Belleza,49027.0,Tarjeta débito,App móvil,Android,Medellín,3.0,5,No
TXN-0006022,2022-02-13,46136.0,Alimentos,49301.0,PSE,Sitio web,Android,Medellín,4.0,5,No
TXN-0003226,2024-05-18,38572.0,Hogar,129379.0,Tarjeta débito,Sitio web,Android,Medellín,5.0,5,No
TXN-0004598,2023-04-27,50428.0,Tecnología,1164824.0,Tarjeta crédito,App móvil,Android,Bogotá,5.0,5,No
TXN-0001847,2024-06-14,,Electrónica,263668.0,Tarjeta crédito,App móvil,iOS,Cartagena,6.0,5,No
TXN-0006598,2023-06-15,17575.0,Alimentos,57482.0,Tarjeta crédito,App móvil,Android,Cartagena,5.0,5,No
TXN-0007745,2023-04-07,55569.0,Deportes,205097.0,Billetera digital,Sitio web,Android,Barranquilla,6.0,5,No
TXN-0005282,2024-08-25,49596.0,Alimentos,58749.0,Contraentrega,Sitio web,Desktop,Pereira,1.0,5,No
TXN-0001269,2024-06-27,44548.0,Electrónica,692971.0,PSE,Sitio web,Desktop,Cartagena,1.0,5,No
TXN-0006655,2023-04-04,36343.0,Moda,71346.0,Contraentrega,App móvil,,Ibagué,4.0,5,No
TXN-0005953,2023-12-17,45984.0,Deportes,110347.0,Tarjeta crédito,App móvil,iOS,Bogotá,7.0,5,No
TXN-0003231,2023-08-18,21551.0,Alimentos,48189.0,Contraentrega,Sitio web,iOS,Cúcuta,5.0,5,No
,2023-02-12,12537.0,Juguetes,114845.0,Tarjeta crédito,Sitio web,Android,MEDELLÍN,5.0,5,No
TXN-0005959,2022-11-07,57907.0,Electrónica,981954.0,Tarjeta crédito,Sitio web,Android,Bogotá,4.0,5,No
TXN-0005891,2024-02-04,44784.0,Hogar,158298.0,PSE,Sitio web,Android,Cúcuta,2.0,5,No
TXN-0006003,2022-03-22,33466.0,Tecnología,618305.0,PSE,Sitio web,Android,Ibagué,3.0,5,No
TXN-0007067,2023-05-03,29105.0,Libros,28741.0,Tarjeta crédito,App móvil,iOS,BOGOTÁ,4.0,5,No
TXN-0006646,2023-09-24,21955.0,Hogar,265710.0,Billetera digital,Sitio web,Android,Bogotá,6.0,5,No
TXN-0004529,2022-11-20,58626.0,Tecnología,539462.0,Tarjeta crédito,App móvil,iOS,Medellín,3.0,5,No
TXN-0002302,2024-02-02,46562.0,Alimentos,51483.0,Contraentrega,App móvil,Android,Pereira,1.0,5,No
TXN-0000997,2024-09-23,35165.0,Moda,77163.0,Tarjeta crédito,Sitio web,Android,Cúcuta,4.0,5,No
TXN-0000045,2024-07-03,32517.0,Hogar,151222.0,Contraentrega,App móvil,Android,Barranquilla,4.0,5,No
TXN-0005453,2024-02-08,42415.0,Tecnología,439371.0,Tarjeta débito,Sitio web,Android,Cúcuta,4.0,5,No
TXN-0002740,2024-11-14,57989.0,Moda,174185.0,Tarjeta débito,App móvil,Android,Bucaramanga,3.0,5,No
TXN-0006924,2023-01-30,56088.0,Electrónica,675235.0,Contraentrega,Sitio web,Android,Medellín,1.0,5,No
TXN-0004463,2024-03-06,17588.0,Electrónica,622693.0,PSE,App móvil,iOS,Barranquilla,1.0,5,No
TXN-0005173,2024-07-04,22844.0,Belleza,96665.0,Tarjeta crédito,App móvil,Android,Cali,4.0,5,No
TXN-0005175,2024-11-03,38842.0,Juguetes,102501.0,Contraentrega,App móvil,Android,MANIZALES,1.0,5,No
TXN-0003839,2022-03-05,48505.0,Juguetes,109674.0,Tarjeta débito,Sitio web,Android,Cali,5.0,5,No
TXN-0006825,2022-03-13,,Tecnología,350681.0,Billetera digital,App móvil,Android,Bogotá,3.0,5,No
TXN-0000261,2022-07-21,50674.0,Hogar,276535.0,Billetera digital,Sitio web,iOS,Bogotá,6.0,5,No
TXN-0002861,2022-11-20,31285.0,Hogar,239915.0,PSE,App móvil,iOS,Cali,2.0,5,No
TXN-0002784,2022-07-31,,Moda,129589.0,Tarjeta crédito,App móvil,Android,Barranquilla,5.0,5,No
TXN-0003097,2024-02-07,58701.0,Electrónica,190864.0,Tarjeta crédito,Sitio web,Desktop,Pereira,3.0,5,No
TXN-0006443,2024-12-14,40735.0,Juguetes,107821.0,PSE,App móvil,iOS,Medellín,4.0,5,No
TXN-0004653,2022-09-04,16256.0,Hogar,183671.0,PSE,App móvil,Android,Bogotá,9.0,4,No
TXN-0002624,2023-07-15,25144.0,Moda,47756.0,Tarjeta débito,Sitio web,Desktop,Bogotá,2.0,5,No
TXN-0006163,2022-06-05,44442.0,Libros,64150.0,PSE,App móvil,Android,Bucaramanga,4.0,5,No
TXN-0004669,2022-06-16,42240.0,Belleza,58912.0,Contraentrega,App móvil,Android,Medellín,4.0,5,No
TXN-0007960,2022-12-29,28732.0,BELLEZA,51955.0,Billetera digital,App móvil,iOS,Bogotá,4.0,5,No
TXN-0003327,2022-04-30,43838.0,Hogar,294929.0,Tarjeta débito,App móvil,Desktop,CARTAGENA,2.0,5,No
TXN-0006370,2024-08-21,15592.0,Alimentos,47390.0,PSE,App móvil,Android,Ibagué,5.0,5,No
TXN-0000600,,58193.0,DEPORTES,176672.0,Tarjeta débito,App móvil,iOS,Bogotá,2.0,5,No
TXN-0007606,2023-03-13,39129.0,Libros,94370.0,Contraentrega,Sitio web,Android,Bucaramanga,4.0,5,No
TXN-0006138,2024-10-19,26075.0,Mascotas,73383.0,Tarjeta crédito,Sitio web,Android,Bucaramanga,6.0,5,No
TXN-0000420,2022-02-20,31987.0,Libros,64236.0,Tarjeta débito,App móvil,,Medellín,5.0,5,No
TXN-0002137,2023-08-12,12841.0,Hogar,201172.0,Tarjeta crédito,App móvil,Android,Cúcuta,6.0,5,Sí
TXN-0005399,2022-02-08,10886.0,Tecnología,861213.0,Tarjeta crédito,App móvil,Android,BOGOTÁ,6.0,5,No
TXN-0001247,2024-11-13,31912.0,DEPORTES,100196.0,PSE,App móvil,Android,Cali,3.0,5,No
TXN-0001233,2023-04-11,29310.0,Belleza,100591.0,PSE,App móvil,iOS,Cúcuta,4.0,5,No
TXN-0005545,2022-11-01,36373.0,Alimentos,34408.0,PSE,App móvil,Android,BARRANQUILLA,3.0,5,No
TXN-0002267,2024-06-04,12019.0,Deportes,202968.0,Tarjeta crédito,Sitio web,Android,Cali,6.0,5,No
TXN-0006452,2024-05-09,47702.0,Moda,84746.0,Tarjeta crédito,Sitio web,Android,Bogotá,2.0,5,No
TXN-0002205,2022-05-13,53827.0,Electrónica,831010.0,PSE,Sitio web,Android,Bogotá,1.0,5,No
TXN-0001813,2022-05-27,59653.0,Moda,84675.0,PSE,App móvil,Android,Cali,3.0,5,No
TXN-0006316,2023-09-10,10294.0,Mascotas,20173.0,PSE,Sitio web,Android,Bogotá,2.0,5,No
TXN-0005563,2024-01-04,40660.0,Electrónica,638073.0,Tarjeta crédito,App móvil,iOS,Cúcuta,1.0,5,No
TXN-0000276,2022-01-05,45890.0,Alimentos,48168.0,Tarjeta débito,App móvil,Desktop,Bucaramanga,6.0,5,No
TXN-0000706,2023-07-24,31724.0,Belleza,136584.0,Contraentrega,Sitio web,Android,Medellín,5.0,5,No
TXN-0003843,,58764.0,Electrónica,146796.0,Tarjeta débito,Sitio web,Desktop,Barranquilla,3.0,5,No
TXN-0006431,2024-03-07,41449.0,Libros,31244.0,Contraentrega,App móvil,Android,Cali,6.0,5,No
TXN-0007235,2022-05-25,43403.0,Juguetes,40627.0,Tarjeta crédito,App móvil,iOS,Cali,4.0,5,No
TXN-0004550,2022-07-21,,Belleza,60450.0,Tarjeta débito,App móvil,Desktop,CALI,6.0,5,No
TXN-0000114,2024-06-09,42498.0,Hogar,116092.0,Tarjeta crédito,Sitio web,Desktop,Medellín,6.0,5,No
TXN-0004168,2024-04-22,10778.0,Mascotas,91018.0,PSE,App móvil,Android,Cartagena,2.0,5,No
TXN-0006125,2023-09-28,49233.0,Alimentos,20100.0,Tarjeta crédito,App móvil,Android,Barranquilla,6.0,5,No
TXN-0004014,2023-07-03,,Electrónica,808656.0,Tarjeta débito,App móvil,Android,Bogotá,7.0,5,No
TXN-0002131,2023-06-08,52819.0,Moda,123479.0,Billetera digital,App móvil,Desktop,Bogotá,8.0,3,No
TXN-0003229,2024-09-07,48519.0,Tecnología,945210.0,Tarjeta débito,App móvil,Android,Bogotá,7.0,5,No
TXN-0002927,2024-12-13,30094.0,Tecnología,1008252.0,Tarjeta crédito,App móvil,Android,Manizales,6.0,5,No
TXN-0000142,2022-07-10,44601.0,Hogar,222020.0,Tarjeta crédito,Sitio web,Android,Medellín,8.0,4,No
TXN-0006160,2024-09-12,11760.0,Deportes,107008.0,Tarjeta crédito,Sitio web,iOS,Medellín,3.0,5,No
TXN-0005922,2024-10-22,21671.0,Mascotas,80245.0,Billetera digital,Sitio web,Android,Medellín,2.0,5,No
TXN-0007434,2023-11-07,37316.0,Alimentos,41368.0,Contraentrega,App móvil,iOS,MANIZALES,2.0,5,No
TXN-0006680,2023-08-24,53792.0,Moda,86522.0,Tarjeta débito,App móvil,Desktop,Cartagena,3.0,5,No
TXN-0006386,2024-10-13,24150.0,Hogar,159956.0,Tarjeta débito,Sitio web,Desktop,Cali,6.0,5,No
TXN-0005015,2023-01-24,18528.0,Hogar,184210.0,Contraentrega,Sitio web,iOS,Cali,3.0,5,No
TXN-0004548,2024-05-25,39186.0,Alimentos,16272.0,Billetera digital,App móvil,Android,Pereira,3.0,5,No
TXN-0004580,2022-08-18,50049.0,Belleza,104093.0,Tarjeta crédito,App móvil,Android,Bogotá,3.0,5,No
TXN-0006549,2022-10-22,52791.0,Deportes,103972.0,Tarjeta crédito,App móvil,Android,Barranquilla,4.0,5,No
TXN-0006792,2024-04-09,39128.0,Libros,44244.0,PSE,App móvil,Desktop,Bogotá,5.0,5,No
TXN-0005611,2023-08-02,54083.0,Hogar,166564.0,Tarjeta crédito,Sitio web,iOS,Bogotá,4.0,5,No
TXN-0006489,2023-05-08,48129.0,Electrónica,964491.0,Tarjeta débito,App móvil,Android,Pereira,4.0,5,No
,2023-12-23,28519.0,Electrónica,447183.0,Tarjeta crédito,App móvil,Android,Barranquilla,5.0,5,No
TXN-0003766,2022-06-10,30756.0,Belleza,143462.0,Tarjeta débito,App móvil,Desktop,Cartagena,6.0,5,No
TXN-0004836,2023-01-28,11797.0,Libros,72844.0,Tarjeta débito,App móvil,Android,Cali,6.0,5,No
TXN-0003989,2022-10-06,12871.0,Electrónica,347177.0,Tarjeta débito,App móvil,Android,Cali,5.0,5,No
TXN-0002413,2024-05-18,18530.0,Juguetes,119266.0,Tarjeta crédito,Sitio web,Android,Medellín,3.0,5,No
TXN-0001654,2024-04-06,58542.0,Deportes,179652.0,Tarjeta crédito,App móvil,iOS,Bogotá,4.0,5,No
TXN-0003532,2023-08-30,52881.0,Moda,152025.0,Billetera digital,App móvil,Android,Medellín,6.0,5,No
TXN-0000105,2022-05-06,54966.0,Tecnología,481492.0,Tarjeta crédito,App móvil,Desktop,Bogotá,4.0,5,No
TXN-0004053,2023-09-19,38190.0,Alimentos,49571.0,Contraentrega,App móvil,Desktop,Cartagena,4.0,5,No
TXN-0001858,2023-12-23,11262.0,Alimentos,70799.0,PSE,App móvil,Desktop,Cali,2.0,5,No
,2023-05-22,25204.0,Electrónica,527512.0,Tarjeta débito,Sitio web,Android,Bogotá,6.0,5,No
TXN-0007837,2024-06-11,52417.0,Mascotas,49930.0,Tarjeta crédito,App móvil,Desktop,Bogotá,6.0,5,No
TXN-0007922,2022-05-31,19150.0,Electrónica,130080.0,Tarjeta débito,Sitio web,iOS,Cartagena,6.0,5,No
TXN-0002330,2024-04-24,52088.0,Moda,54252.0,Tarjeta débito,Sitio web,Android,Bogotá,5.0,5,No
TXN-0003977,2024-01-02,23832.0,Juguetes,119204.0,Tarjeta crédito,App móvil,iOS,Ibagué,3.0,5,No
TXN-0003890,2024-04-20,19193.0,Moda,123871.0,Contraentrega,Sitio web,Android,Bucaramanga,4.0,5,No
TXN-0002710,2023-06-06,24976.0,Mascotas,37269.0,Tarjeta débito,App móvil,iOS,Pereira,1.0,5,No
TXN-0004338,2024-02-10,51442.0,Belleza,42272.0,Contraentrega,App móvil,iOS,Bucaramanga,4.0,5,No
TXN-0002479,2024-03-25,43648.0,Hogar,160632.0,Tarjeta débito,App móvil,Android,Bogotá,3.0,5,No
TXN-0002863,2024-07-15,57467.0,Tecnología,414605.0,Billetera digital,App móvil,Android,Medellín,4.0,5,No
TXN-0007987,2023-03-29,13293.0,Moda,157172.0,Tarjeta crédito,App móvil,Android,Medellín,5.0,5,No
TXN-0007372,2024-11-02,17771.0,Tecnología,1028821.0,Contraentrega,App móvil,Android,Cali,5.0,5,No
TXN-0006085,2022-12-18,21250.0,Deportes,60277.0,Tarjeta crédito,App móvil,Android,Bogotá,4.0,5,No
TXN-0005666,2023-05-06,,Moda,213269.0,Tarjeta crédito,App móvil,iOS,Cali,1.0,5,No
TXN-0005716,2022-05-08,53183.0,Tecnología,1022544.0,Billetera digital,Sitio web,Desktop,Cali,4.0,5,No
TXN-0006775,2022-02-17,21923.0,DEPORTES,151558.0,Tarjeta crédito,App móvil,Android,Medellín,5.0,5,No
TXN-0004193,2022-03-02,50783.0,Hogar,284474.0,Tarjeta débito,App móvil,Android,Bogotá,3.0,5,No
TXN-0002516,2024-07-06,55841.0,Electrónica,731674.0,Tarjeta crédito,Sitio web,Android,Medellín,6.0,5,No
TXN-0007607,2022-10-08,48351.0,Deportes,188319.0,Billetera digital,Sitio web,Android,Cartagena,4.0,5,No
TXN-0003565,2022-02-21,35366.0,Tecnología,1079311.0,Contraentrega,App móvil,Android,Medellín,5.0,5,No
TXN-0005287,2024-06-19,58914.0,Electrónica,1326805.0,Tarjeta crédito,App móvil,iOS,Bogotá,3.0,5,No
TXN-0000085,2022-06-05,30028.0,Electrónica,803833.0,Tarjeta crédito,App móvil,Android,Bogotá,6.0,5,No
TXN-0006846,2023-12-29,27805.0,Libros,67753.0,Tarjeta débito,Sitio web,Android,Bogotá,4.0,5,No
TXN-0001719,2023-07-26,21964.0,MASCOTAS,47628.0,Tarjeta crédito,App móvil,Android,Medellín,10.0,4,No
TXN-0004106,2023-08-04,18533.0,Moda,130265.0,Contraentrega,App móvil,Android,Cartagena,4.0,5,No
TXN-0002653,2023-09-25,22484.0,Belleza,112982.0,PSE,App móvil,Android,Bogotá,3.0,5,No
TXN-0004975,2024-04-07,59813.0,Electrónica,720442.0,Tarjeta débito,Sitio web,iOS,Manizales,1.0,5,No
TXN-0001340,2024-03-30,59604.0,Libros,63956.0,PSE,Sitio web,Android,Barranquilla,3.0,5,No
TXN-0004870,2023-10-13,11646.0,Deportes,27678.0,Tarjeta crédito,App móvil,Desktop,BUCARAMANGA,8.0,3,No
TXN-0005482,2024-01-01,40431.0,Alimentos,46673.0,Contraentrega,Sitio web,iOS,Medellín,4.0,5,No
TXN-0007307,2022-10-25,12641.0,Belleza,108685.0,PSE,App móvil,Android,Cartagena,11.0,3,No
TXN-0003896,2022-10-14,14314.0,Electrónica,601019.0,PSE,App móvil,Android,Cúcuta,4.0,5,No
TXN-0000277,2022-06-14,,Deportes,70068.0,PSE,App móvil,Desktop,Medellín,3.0,5,No
TXN-0001409,2022-10-03,20905.0,Hogar,284661.0,Tarjeta débito,App móvil,Android,IBAGUÉ,4.0,5,No
TXN-0005689,2023-07-01,34122.0,Electrónica,453673.0,Contraentrega,App móvil,,Medellín,5.0,5,No
TXN-0001373,2023-03-23,32936.0,Tecnología,1125806.0,Tarjeta crédito,Sitio web,Android,Cartagena,5.0,5,No
TXN-0003845,2024-12-23,16150.0,Moda,139870.0,Tarjeta crédito,App móvil,Android,Cali,8.0,5,No
TXN-0003995,2023-12-24,50283.0,Deportes,30241.0,PSE,Sitio web,iOS,Medellín,4.0,5,No
TXN-0004185,2024-02-19,,Alimentos,29589.0,Billetera digital,App móvil,iOS,Bogotá,6.0,5,No
TXN-0000091,2022-04-12,35270.0,Electrónica,806461.0,Contraentrega,App móvil,Desktop,Bogotá,5.0,5,No
TXN-0006910,2023-12-12,24041.0,Libros,67155.0,Tarjeta débito,App móvil,Android,Barranquilla,10.0,3,No
TXN-0004377,2024-11-12,23902.0,Belleza,69018.0,Tarjeta crédito,Sitio web,Android,Bogotá,2.0,5,No
TXN-0003056,2023-03-05,44279.0,Moda,167028.0,PSE,Sitio web,Android,Cali,5.0,5,No
TXN-0001907,,38804.0,Moda,135917.0,Tarjeta crédito,App móvil,Android,Pereira,3.0,5,No
TXN-0002700,2022-04-09,48720.0,Hogar,82444.0,PSE,App móvil,Android,Bogotá,2.0,5,No
TXN-0005581,2023-01-06,59561.0,Alimentos,33518.0,Tarjeta crédito,App móvil,Desktop,Bogotá,7.0,5,No
TXN-0007701,2023-07-14,57626.0,Alimentos,69415.0,Tarjeta crédito,App móvil,Android,Medellín,5.0,5,No
TXN-0001824,,48197.0,Juguetes,85721.0,Tarjeta crédito,App móvil,Desktop,Cartagena,4.0,5,No
TXN-0005421,2022-06-21,13214.0,Belleza,97670.0,PSE,App móvil,Android,Cali,6.0,5,No
TXN-0003418,2024-05-20,20700.0,Tecnología,1237065.0,Contraentrega,App móvil,iOS,Cali,5.0,5,No
TXN-0007371,2024-02-28,24637.0,Hogar,74691.0,Tarjeta crédito,App móvil,Android,Manizales,3.0,5,No
TXN-0001427,2024-01-25,32306.0,Electrónica,1007730.0,Tarjeta débito,Sitio web,iOS,Cúcuta,5.0,5,No
TXN-0003413,2022-10-18,53132.0,Deportes,126987.0,Contraentrega,App móvil,Android,Cartagena,6.0,5,No
TXN-0005089,2022-08-13,10961.0,Deportes,96140.0,Tarjeta crédito,App móvil,iOS,Manizales,5.0,5,No
TXN-0004462,2024-03-27,36045.0,Moda,152702.0,Tarjeta débito,Sitio web,Android,Cartagena,1.0,5,No
TXN-0002072,2024-12-10,41382.0,Electrónica,812161.0,Tarjeta débito,App móvil,iOS,Pereira,2.0,5,No
TXN-0007514,2022-07-09,43770.0,Deportes,139240.0,Tarjeta crédito,Sitio web,Desktop,PEREIRA,4.0,5,No
TXN-0004773,2022-06-18,49545.0,Electrónica,667951.0,PSE,App móvil,Desktop,Medellín,5.0,5,No
TXN-0002027,2022-10-02,52043.0,Alimentos,12523.0,Tarjeta crédito,App móvil,Android,Barranquilla,4.0,5,No
,2024-08-17,41889.0,Deportes,97289.0,Tarjeta débito,Sitio web,Android,MEDELLÍN,5.0,5,No
TXN-0005286,2022-02-20,53932.0,Tecnología,1493711.0,Billetera digital,App móvil,iOS,Bogotá,6.0,5,No
TXN-0007503,2022-10-06,12869.0,Hogar,167073.0,PSE,Sitio web,Android,Bogotá,2.0,5,No
TXN-0002359,2024-03-12,53672.0,Electrónica,846731.0,Tarjeta crédito,App móvil,Android,Manizales,3.0,5,No
TXN-0003109,2023-09-30,36210.0,Tecnología,809781.0,Billetera digital,App móvil,Android,Medellín,5.0,5,No
TXN-0006785,2023-06-27,31387.0,Electrónica,1050894.0,PSE,App móvil,Android,PEREIRA,4.0,5,No
TXN-0003426,2023-10-19,19636.0,Alimentos,13795.0,Tarjeta crédito,Sitio web,Android,Bogotá,3.0,5,No
TXN-0001760,2024-05-06,38055.0,Libros,47726.0,Tarjeta débito,Sitio web,Desktop,Bogotá,6.0,5,No
TXN-0003452,2023-11-02,18435.0,Belleza,125098.0,PSE,App móvil,iOS,Medellín,5.0,5,No
TXN-0002289,2022-07-19,15693.0,Hogar,106003.0,Tarjeta crédito,App móvil,Desktop,BOGOTÁ,6.0,5,No
TXN-0002715,2024-11-05,57818.0,Moda,160768.0,PSE,Sitio web,iOS,Bogotá,1.0,5,No
TXN-0001343,2022-03-10,12114.0,Belleza,66581.0,Billetera digital,Sitio web,Android,Bogotá,2.0,5,No
TXN-0004191,2024-12-01,43487.0,Deportes,134433.0,Billetera digital,App móvil,Android,Bogotá,3.0,5,No
TXN-0005383,2024-09-20,53142.0,Deportes,158303.0,PSE,Sitio web,Desktop,BOGOTÁ,6.0,5,No
TXN-0002147,2024-12-04,24775.0,Libros,64764.0,PSE,App móvil,Android,Cali,4.0,5,No
TXN-0000168,2022-02-27,59839.0,Alimentos,32374.0,PSE,App móvil,Desktop,Barranquilla,2.0,5,No
TXN-0000497,2024-05-20,56722.0,Deportes,93586.0,PSE,App móvil,Android,Bogotá,1.0,5,No
TXN-0005846,2023-11-29,55194.0,Alimentos,25037.0,Billetera digital,Sitio web,Android,Bogotá,3.0,5,No
TXN-0006420,2023-11-17,46230.0,Electrónica,972172.0,PSE,Sitio web,iOS,Cúcuta,6.0,5,No
TXN-0003162,2024-03-10,16306.0,Belleza,145888.0,PSE,App móvil,iOS,Bogotá,4.0,5,No
TXN-0004811,2024-12-09,35701.0,Juguetes,59450.0,Tarjeta crédito,App móvil,Desktop,Bucaramanga,5.0,5,No
TXN-0005636,2022-09-27,54371.0,Electrónica,910787.0,Tarjeta débito,Sitio web,Android,Manizales,2.0,5,No
TXN-0006912,,31477.0,Libros,60410.0,Tarjeta crédito,App móvil,Android,Bogotá,2.0,5,No
TXN-0004428,,14767.0,Electrónica,890289.0,PSE,Sitio web,Android,Cúcuta,3.0,5,No
TXN-0000220,2024-09-20,27596.0,Libros,73753.0,Tarjeta débito,Sitio web,iOS,Pereira,4.0,5,No
TXN-0002482,2022-05-04,50385.0,Electrónica,768796.0,Tarjeta crédito,Sitio web,Android,Bogotá,3.0,5,No
TXN-0007989,2023-03-12,35170.0,Juguetes,82141.0,Contraentrega,App móvil,Android,Cartagena,6.0,5,No
TXN-0006470,2024-09-01,55688.0,Deportes,81937.0,Contraentrega,Sitio web,iOS,Bogotá,2.0,5,No
TXN-0002535,2022-06-27,15743.0,Mascotas,75226.0,PSE,App móvil,Android,Barranquilla,3.0,5,No
TXN-0003731,2024-01-28,30165.0,Juguetes,33121.0,Tarjeta débito,Sitio web,iOS,Medellín,4.0,5,No
TXN-0001538,,40062.0,Deportes,143069.0,Tarjeta débito,App móvil,iOS,Manizales,8.0,3,No
TXN-0004628,2022-08-24,20503.0,Moda,89492.0,Billetera digital,Sitio web,iOS,Bogotá,2.0,5,No
TXN-0005961,2023-01-12,19734.0,Belleza,72239.0,Tarjeta débito,App móvil,Desktop,Manizales,5.0,5,No
TXN-0007800,2022-10-07,38581.0,Juguetes,89542.0,Billetera digital,App móvil,Android,Medellín,7.0,5,No
TXN-0006405,2023-06-26,30971.0,MODA,132757.0,Tarjeta crédito,Sitio web,Desktop,Bogotá,5.0,5,No
TXN-0006077,2022-03-31,11569.0,Mascotas,61704.0,Billetera digital,App móvil,Android,Bogotá,1.0,5,No
TXN-0006955,2023-07-10,20333.0,Moda,163395.0,Contraentrega,App móvil,Android,Cali,4.0,5,No
TXN-0000306,2022-07-03,31192.0,Hogar,214980.0,PSE,Sitio web,Android,Barranquilla,4.0,5,No
TXN-0007738,2023-07-07,42112.0,Juguetes,55318.0,Tarjeta débito,Sitio web,Desktop,Cúcuta,1.0,5,No
TXN-0003844,2022-01-10,10373.0,Electrónica,816546.0,Tarjeta crédito,App móvil,Android,Bogotá,5.0,5,No
TXN-0005746,2024-06-30,13806.0,Mascotas,116435.0,Tarjeta crédito,Sitio web,Desktop,Bogotá,6.0,5,No
TXN-0000197,2023-10-30,41825.0,Moda,84371.0,Tarjeta débito,Sitio web,Android,Cali,7.0,5,No
TXN-0005261,2024-05-30,15959.0,Tecnología,1045674.0,PSE,App móvil,iOS,Bogotá,5.0,5,No
TXN-0005715,2023-04-23,22749.0,Belleza,140084.0,Tarjeta crédito,App móvil,iOS,Medellín,7.0,5,No
TXN-0001147,2023-10-10,24980.0,Mascotas,38315.0,Contraentrega,App móvil,iOS,Medellín,8.0,3,No
TXN-0004591,2023-03-27,52501.0,Hogar,234697.0,Tarjeta crédito,Sitio web,,Cali,5.0,5,No
TXN-0000111,2023-10-31,15797.0,Belleza,95517.0,Tarjeta crédito,App móvil,Android,PEREIRA,7.0,5,No
TXN-0005205,2022-07-08,35786.0,Electrónica,727327.0,PSE,App móvil,Android,Medellín,2.0,5,No
TXN-0005366,2024-02-20,24402.0,Libros,85179.0,Tarjeta débito,Sitio web,iOS,Cali,2.0,5,No
TXN-0006658,2022-12-18,25325.0,Hogar,254169.0,PSE,App móvil,Android,Bogotá,2.0,5,No
,2022-02-23,16670.0,Deportes,79793.0,Tarjeta crédito,App móvil,iOS,Pereira,2.0,5,No
,2023-01-12,43932.0,Juguetes,76526.0,Tarjeta crédito,Sitio web,Android,Bogotá,4.0,5,No
TXN-0004466,2023-09-05,48508.0,Electrónica,868199.0,PSE,Sitio web,Android,Barranquilla,6.0,5,No
TXN-0007998,2022-07-31,53063.0,Alimentos,44296.0,Contraentrega,Sitio web,iOS,Cúcuta,7.0,5,No
TXN-0004890,2022-06-23,39501.0,Deportes,125292.0,Tarjeta crédito,App móvil,Desktop,Barranquilla,4.0,5,No
TXN-0007243,2022-08-23,44061.0,Alimentos,79754.0,PSE,Sitio web,Android,Bogotá,3.0,5,No
TXN-0007461,2023-10-04,44828.0,Belleza,79972.0,Tarjeta crédito,App móvil,iOS,Medellín,1.0,5,No
TXN-0000927,2024-01-14,24887.0,Hogar,154649.0,Tarjeta crédito,Sitio web,Android,Cali,3.0,5,No
TXN-0006418,2023-05-15,20999.0,Moda,94697.0,PSE,App móvil,iOS,BARRANQUILLA,6.0,5,No
TXN-0001816,2022-05-21,56181.0,Belleza,36256.0,PSE,App móvil,Desktop,Bogotá,5.0,5,No
TXN-0004493,2022-01-02,45085.0,Belleza,112722.0,Tarjeta crédito,Sitio web,iOS,Bogotá,4.0,5,Sí
TXN-0005275,2024-04-30,47490.0,Belleza,90994.0,Tarjeta débito,Sitio web,Android,Bogotá,2.0,5,No
TXN-0006934,2024-06-20,42539.0,Alimentos,40647.0,Billetera digital,App móvil,iOS,Ibagué,6.0,5,No
TXN-0005312,2023-07-14,45932.0,Moda,135141.0,Billetera digital,App móvil,Android,Medellín,4.0,5,No
TXN-0000798,2024-10-02,26267.0,Moda,48732.0,PSE,App móvil,Android,Bogotá,2.0,5,No
TXN-0001299,2023-07-12,24504.0,BELLEZA,126219.0,Billetera digital,App móvil,Android,Cartagena,3.0,5,No
TXN-0003260,2023-04-14,10388.0,Deportes,209205.0,Tarjeta crédito,App móvil,iOS,Medellín,7.0,5,No
TXN-0007219,2022-09-23,57084.0,Juguetes,56956.0,Tarjeta débito,App móvil,Desktop,Cali,7.0,5,No
TXN-0001063,2023-10-24,19419.0,Libros,79686.0,Billetera digital,Sitio web,,Medellín,6.0,5,Sí
TXN-0007106,2023-05-18,30894.0,Deportes,140114.0,Contraentrega,App móvil,Android,Ibagué,8.0,3,No
TXN-0004515,2023-01-11,41185.0,Moda,146278.0,Tarjeta crédito,Sitio web,Android,Barranquilla,2.0,5,No
TXN-0007613,2022-02-19,48446.0,Hogar,71641.0,Contraentrega,App móvil,Android,Bogotá,6.0,5,No
TXN-0003281,2022-03-14,57874.0,Alimentos,57120.0,Billetera digital,Sitio web,iOS,Cali,1.0,5,No
TXN-0004472,2022-03-04,18448.0,Belleza,75476.0,Tarjeta crédito,App móvil,Desktop,Bogotá,6.0,5,No
TXN-0006608,2024-07-08,38986.0,Tecnología,1205513.0,Contraentrega,App móvil,Desktop,Pereira,3.0,5,No
TXN-0004567,2024-02-21,18613.0,Belleza,55003.0,Contraentrega,App móvil,Android,Manizales,4.0,5,No
TXN-0005638,2024-01-28,26801.0,Mascotas,84800.0,Billetera digital,Sitio web,Android,Bogotá,6.0,5,No
TXN-0007244,2023-01-21,36295.0,MODA,82305.0,Tarjeta débito,App móvil,,Bogotá,1.0,5,No
TXN-0003321,2022-02-25,59817.0,Juguetes,92580.0,Billetera digital,App móvil,Android,Bogotá,3.0,5,No
TXN-0006704,2022-11-10,43306.0,Hogar,73108.0,Tarjeta débito,Sitio web,,Cúcuta,5.0,5,No
,2022-05-13,21658.0,Hogar,139924.0,Tarjeta crédito,Sitio web,iOS,Medellín,3.0,5,No
TXN-0006727,2022-12-02,44072.0,LIBROS,27799.0,Tarjeta débito,App móvil,iOS,Barranquilla,3.0,5,No
TXN-0003972,2022-06-08,41320.0,Hogar,109346.0,Billetera digital,App móvil,Android,Pereira,2.0,5,No
TXN-0003318,2022-12-02,57626.0,Belleza,145950.0,Tarjeta crédito,App móvil,Android,MEDELLÍN,2.0,5,No
TXN-0001360,2024-08-02,29291.0,Hogar,193966.0,Tarjeta débito,App móvil,Android,Bogotá,4.0,5,No
TXN-0001762,2023-12-13,45672.0,Electrónica,585671.0,Tarjeta crédito,Sitio web,Android,Medellín,3.0,5,No
TXN-0004895,2024-11-10,37862.0,Libros,69254.0,Tarjeta crédito,App móvil,Android,Barranquilla,4.0,5,No
TXN-0002060,2024-03-07,45177.0,Hogar,126967.0,Contraentrega,App móvil,iOS,Barranquilla,7.0,5,No
TXN-0002893,2023-06-28,43255.0,Electrónica,1127614.0,Tarjeta débito,App móvil,Android,Manizales,4.0,5,No
TXN-0003735,2022-10-12,24271.0,Deportes,94452.0,Contraentrega,Sitio web,iOS,Bogotá,6.0,5,No
TXN-0003558,2024-05-25,39026.0,Libros,42805.0,Tarjeta crédito,Sitio web,,Barranquilla,3.0,5,No
TXN-0001487,2024-07-15,22219.0,Mascotas,68497.0,Billetera digital,App móvil,Desktop,Cartagena,5.0,5,No
TXN-0004635,2024-08-25,32722.0,Electrónica,589489.0,Tarjeta crédito,Sitio web,iOS,Medellín,5.0,5,Sí
TXN-0006772,2022-11-04,12321.0,Moda,106780.0,PSE,Sitio web,Android,Medellín,3.0,5,No
TXN-0006426,2024-11-07,58408.0,ELECTRÓNICA,720757.0,Contraentrega,App móvil,Android,Barranquilla,6.0,5,No
TXN-0007422,2024-01-16,50185.0,Deportes,110868.0,Tarjeta débito,App móvil,Android,Medellín,3.0,5,No
TXN-0005080,2024-04-08,38713.0,Electrónica,803267.0,Billetera digital,App móvil,,BOGOTÁ,5.0,5,No
TXN-0003780,2022-07-20,29646.0,Electrónica,654765.0,Tarjeta crédito,Sitio web,Android,Bucaramanga,2.0,5,No
TXN-0004577,2023-12-19,13091.0,Deportes,65521.0,Tarjeta débito,Sitio web,iOS,Pereira,5.0,5,No
TXN-0005576,2024-11-08,48336.0,Alimentos,41605.0,Tarjeta crédito,Sitio web,,Bogotá,4.0,5,No
TXN-0004320,2024-04-16,32130.0,Belleza,64963.0,PSE,App móvil,iOS,Cali,2.0,5,No
TXN-0000673,2024-02-10,14271.0,Moda,111064.0,Billetera digital,Sitio web,Desktop,Bogotá,4.0,5,No
TXN-0007388,,,Electrónica,689561.0,Tarjeta crédito,Sitio web,iOS,Cali,3.0,5,No
TXN-0007111,2024-02-12,33263.0,Juguetes,45904.0,Tarjeta crédito,App móvil,Android,Bogotá,6.0,5,No
TXN-0007594,2024-03-10,24170.0,Belleza,135525.0,Tarjeta crédito,Sitio web,iOS,Cartagena,4.0,5,No
TXN-0004072,2024-04-13,22931.0,Electrónica,677847.0,Tarjeta crédito,App móvil,Android,Bogotá,4.0,5,No
TXN-0001394,2023-09-30,57158.0,Libros,56623.0,Tarjeta crédito,Sitio web,Desktop,Medellín,4.0,5,No
TXN-0007294,2022-09-22,16312.0,Belleza,111583.0,Tarjeta crédito,Sitio web,Android,Cali,2.0,5,No
TXN-0003142,2022-04-22,51721.0,Tecnología,1634148.0,Tarjeta crédito,App móvil,Android,Bucaramanga,9.0,5,No
TXN-0002654,2023-01-01,50522.0,Tecnología,5000.0,Tarjeta crédito,App móvil,Android,Cali,8.0,5,No
TXN-0005091,2023-04-01,56649.0,Electrónica,460650.0,Tarjeta débito,App móvil,,Cartagena,2.0,5,No
TXN-0000581,2022-03-16,25048.0,Alimentos,61077.0,Tarjeta crédito,Sitio web,iOS,Medellín,3.0,5,No
TXN-0001046,2023-05-17,12258.0,Deportes,173269.0,Tarjeta débito,App móvil,Android,Manizales,4.0,5,No
TXN-0004174,2023-08-29,48228.0,Moda,63801.0,Contraentrega,App móvil,Android,Cali,3.0,5,No
TXN-0002596,2022-04-24,19061.0,JUGUETES,127379.0,Billetera digital,App móvil,Android,Bogotá,5.0,5,No
TXN-0007855,2023-06-25,47282.0,Belleza,56723.0,Tarjeta crédito,App móvil,iOS,Bogotá,5.0,5,No
TXN-0002797,2022-02-18,34168.0,Alimentos,45110.0,Tarjeta crédito,Sitio web,Desktop,Cartagena,1.0,5,No
TXN-0003478,2023-04-28,18930.0,Belleza,114688.0,Tarjeta crédito,App móvil,Android,Bogotá,4.0,5,No
TXN-0005855,2023-01-19,32705.0,Electrónica,350794.0,Tarjeta crédito,App móvil,Android,Bogotá,3.0,5,No
TXN-0004923,2023-12-26,50422.0,Hogar,275043.0,Contraentrega,Sitio web,Android,Bogotá,2.0,5,No
TXN-0004222,2023-12-27,22781.0,Moda,81700.0,Tarjeta débito,App móvil,Android,Bucaramanga,1.0,5,No
TXN-0005349,,44802.0,Moda,121322.0,PSE,App móvil,Desktop,Pereira,5.0,5,Sí
TXN-0006902,2024-09-10,32536.0,Juguetes,39026.0,Tarjeta débito,Sitio web,Android,Medellín,2.0,5,No
TXN-0003115,2022-12-01,58998.0,Belleza,121244.0,Tarjeta débito,App móvil,Android,PEREIRA,3.0,5,No
TXN-0003589,2024-02-07,29550.0,Libros,63517.0,Tarjeta débito,App móvil,Android,Bogotá,5.0,5,No
TXN-0003962,2022-01-13,23120.0,Hogar,140326.0,Tarjeta crédito,App móvil,Desktop,Bogotá,8.0,5,No
TXN-0001961,2023-02-01,25982.0,Juguetes,76365.0,Tarjeta débito,Sitio web,Android,Cúcuta,5.0,5,No
TXN-0001933,2024-05-06,,Moda,43907.0,Tarjeta débito,Sitio web,Desktop,Ibagué,4.0,5,No
TXN-0001597,2023-04-29,52977.0,Moda,57532.0,PSE,App móvil,Android,Bogotá,6.0,5,No
TXN-0004673,,51595.0,Alimentos,59855.0,Billetera digital,App móvil,Android,Bogotá,4.0,5,No
TXN-0005672,2023-12-18,55539.0,Electrónica,294686.0,Billetera digital,App móvil,iOS,Bogotá,5.0,5,Sí
TXN-0004718,2022-04-21,22788.0,Moda,188010.0,Tarjeta crédito,Sitio web,Android,Manizales,5.0,5,Sí
TXN-0000768,2023-05-22,27526.0,Belleza,124647.0,Tarjeta crédito,App móvil,Android,Bogotá,3.0,5,No
TXN-0007543,2024-03-29,53933.0,Electrónica,1006385.0,Billetera digital,Sitio web,iOS,Bogotá,7.0,5,No
TXN-0005326,2022-01-16,43701.0,Moda,107986.0,Tarjeta débito,Sitio web,Android,Medellín,4.0,5,No
TXN-0005437,2022-11-18,45256.0,Hogar,220876.0,Tarjeta crédito,App móvil,iOS,Barranquilla,6.0,5,No
TXN-0000660,2023-05-06,33811.0,Belleza,54477.0,Tarjeta crédito,App móvil,iOS,MANIZALES,4.0,5,No
TXN-0007175,2023-11-18,38536.0,Belleza,95123.0,Tarjeta crédito,Sitio web,iOS,Bogotá,5.0,5,No
TXN-0004957,2024-07-09,15099.0,Hogar,211911.0,Tarjeta crédito,App móvil,Android,Cali,4.0,5,No
TXN-0006947,2023-10-25,48978.0,Moda,174500.0,Tarjeta débito,Sitio web,Android,Ibagué,7.0,5,No
TXN-0005907,2023-10-28,28493.0,Moda,54735.0,Tarjeta crédito,App móvil,iOS,Cartagena,7.0,5,No
TXN-0006989,,58456.0,Belleza,83554.0,Contraentrega,App móvil,iOS,Bogotá,2.0,5,No
,2022-01-20,10640.0,Belleza,128789.0,Tarjeta crédito,App móvil,iOS,Cali,2.0,5,No
TXN-0007749,2022-03-30,39495.0,Hogar,209008.0,Contraentrega,App móvil,iOS,Bogotá,3.0,5,No
TXN-0003573,2024-11-12,36215.0,MODA,93054.0,Tarjeta crédito,Sitio web,iOS,Cartagena,3.0,5,No
TXN-0000623,2024-07-23,25832.0,Deportes,124656.0,Contraentrega,App móvil,iOS,Cali,2.0,5,No
TXN-0007783,2024-01-06,44896.0,Deportes,66992.0,PSE,App móvil,Android,Barranquilla,1.0,5,No
,2023-04-08,48610.0,Moda,87471.0,Tarjeta crédito,App móvil,Android,Bogotá,7.0,5,No
TXN-0004379,2023-03-25,28063.0,Electrónica,743118.0,Tarjeta crédito,App móvil,Android,Bogotá,6.0,5,No
TXN-0004052,2024-10-04,34040.0,Hogar,259765.0,Tarjeta débito,App móvil,iOS,Cúcuta,3.0,5,No
TXN-0002683,2022-12-12,25664.0,HOGAR,142622.0,Billetera digital,Sitio web,iOS,Barranquilla,8.0,3,No
TXN-0005711,2024-12-09,57736.0,Alimentos,54277.0,Tarjeta crédito,Sitio web,Android,Ibagué,6.0,5,No
TXN-0001185,2024-11-21,20740.0,Moda,52164.0,Contraentrega,Sitio web,Android,Cali,4.0,5,No
TXN-0001974,2023-01-25,58612.0,ELECTRÓNICA,989736.0,Tarjeta débito,Sitio web,Android,Cartagena,5.0,5,No
TXN-0006619,2024-01-14,22184.0,Libros,27416.0,Tarjeta crédito,App móvil,iOS,Barranquilla,5.0,5,No
TXN-0004552,2023-07-02,20283.0,Alimentos,51476.0,Billetera digital,App móvil,Desktop,Bogotá,5.0,5,No
TXN-0006465,2022-03-12,20350.0,Deportes,77013.0,Tarjeta crédito,Sitio web,Android,Manizales,9.0,4,No
TXN-0003859,2022-05-19,10571.0,Deportes,160329.0,Contraentrega,Sitio web,iOS,Barranquilla,6.0,5,No
TXN-0004531,2022-02-08,59098.0,Electrónica,814545.0,Tarjeta crédito,App móvil,Android,Bogotá,4.0,5,Sí
TXN-0003736,2022-10-29,28963.0,Tecnología,842627.0,Contraentrega,Sitio web,Android,Pereira,3.0,5,No
TXN-0002936,2022-09-13,55848.0,Juguetes,83444.0,Tarjeta crédito,App móvil,iOS,Bucaramanga,5.0,5,No
TXN-0004396,2024-02-19,46250.0,Juguetes,117853.0,PSE,App móvil,Android,Bogotá,5.0,5,No
TXN-0005859,2023-05-20,24067.0,Alimentos,48116.0,Tarjeta crédito,Sitio web,Android,Cartagena,7.0,5,No
TXN-0006581,2024-10-27,49651.0,Electrónica,1093561.0,Tarjeta crédito,Sitio web,Desktop,Bogotá,7.0,5,No
TXN-0003993,2022-09-27,55217.0,Electrónica,818593.0,Tarjeta crédito,App móvil,Android,Cali,3.0,5,No
TXN-0007923,2024-11-03,22847.0,Tecnología,856331.0,Billetera digital,Sitio web,Android,Barranquilla,4.0,5,No
TXN-0006029,2023-01-24,49291.0,Moda,105867.0,PSE,App móvil,Android,Medellín,3.0,5,No
TXN-0004535,2024-05-26,25801.0,Hogar,146960.0,PSE,Sitio web,iOS,Manizales,7.0,5,No
TXN-0002374,2023-05-01,23159.0,Deportes,133630.0,PSE,App móvil,Desktop,Cali,2.0,5,No
TXN-0006121,2023-08-27,37041.0,Tecnología,1547599.0,PSE,Sitio web,Android,Cali,7.0,5,No
TXN-0002452,2023-11-13,49633.0,Electrónica,872671.0,Contraentrega,Sitio web,Desktop,Barranquilla,6.0,5,No
TXN-0003338,2024-10-11,45092.0,Hogar,276426.0,Tarjeta crédito,App móvil,Android,Barranquilla,7.0,5,No
TXN-0006709,2023-04-19,47408.0,Moda,225126.0,Tarjeta crédito,App móvil,Android,Bogotá,2.0,5,No
TXN-0005723,2022-06-05,28441.0,Electrónica,340523.0,PSE,App móvil,Android,Bucaramanga,7.0,5,No
TXN-0004009,2022-06-14,30469.0,Moda,153477.0,Tarjeta crédito,App móvil,Android,Barranquilla,3.0,5,No
TXN-0004389,2022-08-02,42415.0,Alimentos,60437.0,PSE,Sitio web,iOS,Bogotá,4.0,5,No
TXN-0001838,2022-12-01,46119.0,Moda,116596.0,Tarjeta crédito,Sitio web,Android,Bucaramanga,5.0,5,No
TXN-0004375,2022-08-06,24027.0,Alimentos,66451.0,PSE,App móvil,Android,Bogotá,2.0,5,No
TXN-0000656,2023-09-09,37230.0,Deportes,51119.0,Tarjeta crédito,Sitio web,Android,Barranquilla,7.0,5,No
TXN-0001059,2023-12-25,52883.0,Belleza,61276.0,Tarjeta crédito,App móvil,Desktop,BUCARAMANGA,3.0,5,No
TXN-0000733,2022-06-15,56607.0,Tecnología,174980.0,Contraentrega,App móvil,Android,Bogotá,4.0,5,No
TXN-0003784,2022-03-29,58473.0,Electrónica,410619.0,PSE,App móvil,iOS,Cali,7.0,5,No
TXN-0000554,2024-02-15,12421.0,Mascotas,34268.0,Billetera digital,Sitio web,Android,Cúcuta,3.0,5,No
TXN-0002143,2022-07-29,21515.0,Electrónica,453040.0,Tarjeta débito,Sitio web,Android,Cali,3.0,5,No
TXN-0000278,2023-02-08,44696.0,Belleza,118277.0,Tarjeta crédito,Sitio web,Android,Medellín,9.0,3,No
TXN-0001901,2023-08-21,51311.0,Electrónica,312124.0,Tarjeta crédito,Sitio web,iOS,Bogotá,5.0,5,No
TXN-0003304,2023-09-30,45746.0,Mascotas,104638.0,Billetera digital,App móvil,iOS,Manizales,1.0,5,No
TXN-0002294,2024-04-19,30129.0,Deportes,82286.0,Tarjeta crédito,App móvil,Desktop,Cartagena,5.0,5,No
TXN-0007090,,58556.0,Deportes,117568.0,Tarjeta crédito,App móvil,Android,Bucaramanga,6.0,5,No
TXN-0003898,2022-04-07,55918.0,Deportes,206214.0,Billetera digital,Sitio web,Android,Medellín,5.0,5,No
TXN-0001192,2024-08-05,52850.0,Moda,128708.0,PSE,Sitio web,iOS,Cartagena,4.0,5,No
TXN-0005623,2023-12-27,40279.0,Hogar,67793.0,PSE,App móvil,Android,Barranquilla,3.0,5,No
TXN-0006092,,20387.0,Electrónica,814683.0,PSE,Sitio web,Android,Ibagué,3.0,5,No
TXN-0001357,2024-07-02,,Hogar,201005.0,Tarjeta crédito,App móvil,Android,Bogotá,6.0,5,No
TXN-0001695,2022-08-14,56143.0,Alimentos,92921.0,Tarjeta débito,Sitio web,Android,Bogotá,6.0,5,No
TXN-0003807,2023-07-07,43448.0,Hogar,214916.0,Tarjeta crédito,Sitio web,iOS,Medellín,2.0,5,No
TXN-0004872,2023-11-11,39481.0,Hogar,203997.0,PSE,Sitio web,Android,Bogotá,7.0,5,No
TXN-0000427,2024-03-19,57131.0,Hogar,241429.0,Tarjeta crédito,Sitio web,iOS,Cúcuta,3.0,5,No
TXN-0007710,2024-08-08,31825.0,Deportes,123390.0,PSE,App móvil,Desktop,Cúcuta,6.0,5,No
TXN-0005883,2022-01-18,20400.0,Electrónica,813371.0,Tarjeta crédito,App móvil,Desktop,Bucaramanga,4.0,5,No
TXN-0001187,2023-08-25,23730.0,Moda,60411.0,Tarjeta débito,App móvil,Android,Bogotá,6.0,5,No
TXN-0006294,2022-01-04,13973.0,Alimentos,47223.0,Tarjeta crédito,Sitio web,Android,Bogotá,4.0,5,No
TXN-0006371,2024-04-18,34591.0,Hogar,150805.0,PSE,App móvil,Android,Manizales,2.0,5,No
TXN-0000866,2024-08-13,54831.0,Deportes,161587.0,Billetera digital,App móvil,iOS,Cartagena,3.0,5,No
TXN-0003016,2023-11-19,45182.0,MODA,101336.0,Contraentrega,Sitio web,Android,Cali,5.0,5,No
TXN-0001710,2024-05-18,44152.0,ALIMENTOS,72994.0,PSE,App móvil,Android,BOGOTÁ,2.0,5,No
TXN-0007263,2022-04-12,57760.0,Belleza,96686.0,Tarjeta crédito,App móvil,iOS,Ibagué,3.0,5,No
TXN-0005889,2024-10-18,57198.0,Moda,177546.0,Tarjeta crédito,App móvil,iOS,PEREIRA,1.0,5,No
TXN-0001246,2023-05-24,35045.0,Juguetes,111588.0,PSE,App móvil,Desktop,Bogotá,4.0,5,No
TXN-0003670,2022-10-04,11984.0,Alimentos,26094.0,Contraentrega,Sitio web,Android,Bogotá,6.0,5,No
TXN-0004997,2024-10-28,46245.0,Moda,150445.0,Contraentrega,Sitio web,Android,Bogotá,5.0,5,No
TXN-0006844,2023-02-18,37159.0,Libros,71693.0,PSE,App móvil,Android,Bogotá,3.0,5,No
TXN-0007642,2024-06-02,54660.0,Moda,86001.0,Tarjeta crédito,App móvil,iOS,Medellín,3.0,5,No
TXN-0001529,2023-09-30,32107.0,Electrónica,328006.0,Contraentrega,Sitio web,Desktop,Medellín,2.0,5,No
TXN-0004698,2024-08-10,53248.0,Moda,40226.0,Tarjeta crédito,App móvil,iOS,Bogotá,7.0,5,No
TXN-0005388,2024-11-15,26026.0,Moda,237167.0,Tarjeta crédito,App móvil,Android,Ibagué,4.0,5,No
TXN-0003107,2024-05-16,49413.0,Deportes,48466.0,Tarjeta crédito,Sitio web,iOS,CÚCUTA,6.0,5,No
TXN-0000218,2023-05-22,35161.0,Hogar,157102.0,Tarjeta crédito,App móvil,Desktop,Cali,7.0,5,No
,2022-08-27,41145.0,Moda,144578.0,Contraentrega,App móvil,Desktop,Bogotá,5.0,5,No
TXN-0006962,2023-05-14,34771.0,Alimentos,12665.0,Tarjeta crédito,App móvil,Android,BARRANQUILLA,4.0,5,No
TXN-0006365,2023-09-03,53400.0,Hogar,220740.0,Tarjeta crédito,App móvil,iOS,Medellín,5.0,5,No
TXN-0004310,2024-06-10,57168.0,Hogar,181982.0,Tarjeta crédito,Sitio web,Android,Cartagena,2.0,5,No
TXN-0004132,2023-12-06,45845.0,Deportes,165400.0,Tarjeta crédito,App móvil,Android,Cali,3.0,5,No
TXN-0002956,2023-05-13,50835.0,ELECTRÓNICA,699563.0,Tarjeta débito,Sitio web,iOS,Bogotá,6.0,5,No
TXN-0006539,2024-05-11,40339.0,Hogar,64883.0,Tarjeta débito,App móvil,Desktop,Ibagué,5.0,5,No
TXN-0003695,2022-12-25,58035.0,Deportes,154663.0,PSE,App móvil,Android,Bogotá,2.0,5,No
TXN-0004464,2023-04-27,44141.0,Juguetes,101431.0,Tarjeta crédito,Sitio web,Android,Medellín,3.0,5,No
TXN-0007069,2023-10-20,26550.0,Deportes,120520.0,Tarjeta crédito,App móvil,Android,Bogotá,2.0,5,No
TXN-0004109,2023-04-18,16592.0,Mascotas,43458.0,Billetera digital,App móvil,Android,Medellín,3.0,5,No
TXN-0000477,2023-05-27,58354.0,Alimentos,46100.0,Billetera digital,App móvil,Desktop,Bogotá,5.0,5,No
TXN-0003416,2022-05-24,57744.0,Belleza,129912.0,Tarjeta débito,App móvil,iOS,Bogotá,3.0,5,No
TXN-0003271,2023-03-21,26485.0,Hogar,171070.0,PSE,Sitio web,iOS,MANIZALES,3.0,5,No
TXN-0005817,2023-11-30,19712.0,Hogar,118386.0,Tarjeta crédito,Sitio web,Android,Medellín,5.0,5,No
TXN-0002283,2022-08-28,43980.0,Belleza,48146.0,Billetera digital,App móvil,iOS,Cali,6.0,5,No
TXN-0002744,,22655.0,Moda,55957.0,Tarjeta débito,App móvil,iOS,CALI,5.0,5,No
TXN-0007589,2023-06-02,38415.0,Hogar,159863.0,Tarjeta crédito,Sitio web,Android,Medellín,2.0,5,No
TXN-0005181,2023-01-03,15412.0,Alimentos,21289.0,Tarjeta crédito,Sitio web,Android,Bogotá,4.0,5,No
TXN-0000729,2024-07-18,35153.0,Moda,116241.0,Contraentrega,App móvil,Desktop,Bucaramanga,6.0,5,No
,2023-10-01,,Alimentos,21460.0,PSE,App móvil,Android,Bucaramanga,3.0,5,No
TXN-0004046,2023-08-10,27733.0,Mascotas,55995.0,Contraentrega,App móvil,iOS,Bogotá,10.0,3,No
TXN-0000014,2023-10-11,36186.0,Moda,61151.0,PSE,Sitio web,Desktop,Medellín,5.0,5,No
TXN-0007466,2023-09-30,13763.0,Tecnología,907302.0,Contraentrega,Sitio web,Android,Cúcuta,4.0,5,No
TXN-0006208,2023-08-29,22109.0,Electrónica,699698.0,Tarjeta crédito,Sitio web,Android,Bogotá,5.0,5,No
TXN-0006879,2023-08-08,40768.0,Alimentos,47761.0,Tarjeta crédito,Sitio web,Desktop,Medellín,1.0,5,No
TXN-0001024,2022-04-08,37406.0,Electrónica,936198.0,Tarjeta débito,App móvil,Android,Barranquilla,5.0,5,No
TXN-0005061,2024-08-31,32295.0,Hogar,135480.0,Tarjeta débito,App móvil,Desktop,Medellín,5.0,5,No
TXN-0004704,2024-10-29,59221.0,Hogar,152465.0,Tarjeta débito,App móvil,Desktop,Bogotá,4.0,5,No
TXN-0006158,2022-04-11,29562.0,Electrónica,971496.0,Tarjeta crédito,App móvil,Android,Bogotá,6.0,5,No
TXN-0006984,2024-02-09,42942.0,Alimentos,37972.0,Tarjeta débito,Sitio web,Android,Bogotá,2.0,5,No
TXN-0000436,2022-06-17,26265.0,Moda,176401.0,PSE,App móvil,Android,BARRANQUILLA,7.0,5,No
TXN-0004114,2024-03-21,23654.0,Moda,106890.0,Tarjeta débito,Sitio web,Android,Barranquilla,1.0,5,No
TXN-0006909,2022-12-19,17033.0,Moda,73461.0,PSE,App móvil,Android,Cali,4.0,5,No
TXN-0007658,2022-11-17,21275.0,Libros,34633.0,Tarjeta crédito,App móvil,Android,Bogotá,4.0,5,No
TXN-0001783,2023-01-03,21421.0,Electrónica,431279.0,Tarjeta crédito,Sitio web,Android,Bogotá,8.0,5,Sí
TXN-0001804,2022-03-14,58620.0,Moda,156031.0,PSE,Sitio web,Android,Medellín,6.0,5,No
TXN-0006493,2023-03-19,27357.0,Moda,115495.0,Tarjeta crédito,Sitio web,Desktop,Cali,6.0,5,No
TXN-0006352,2022-05-03,39667.0,Electrónica,490814.0,Contraentrega,App móvil,iOS,Bucaramanga,3.0,5,No
TXN-0001115,2024-08-01,54893.0,MODA,176060.0,PSE,App móvil,iOS,Bogotá,2.0,5,No
,2024-04-18,43429.0,Juguetes,114358.0,Contraentrega,App móvil,Android,Bogotá,7.0,5,No
TXN-0002390,2023-03-10,28023.0,Belleza,33466.0,Tarjeta débito,App móvil,Desktop,Medellín,6.0,5,No
,2022-04-07,51411.0,Moda,157406.0,Tarjeta crédito,App móvil,iOS,Barranquilla,7.0,5,No
TXN-0001954,2024-08-06,59125.0,Deportes,121773.0,Tarjeta crédito,App móvil,iOS,Cali,3.0,5,No
TXN-0000345,2023-09-02,32608.0,Juguetes,118369.0,PSE,Sitio web,iOS,Cúcuta,6.0,5,No
TXN-0007640,2024-02-02,28380.0,Moda,91940.0,Billetera digital,App móvil,iOS,Medellín,4.0,5,No
TXN-0000033,2022-07-06,14086.0,Moda,91970.0,PSE,App móvil,Android,Cartagena,3.0,5,No
TXN-0003936,2024-06-21,46067.0,Belleza,57507.0,PSE,App móvil,Desktop,Bogotá,6.0,5,No
TXN-0007909,2024-06-16,12726.0,Moda,214676.0,PSE,App móvil,iOS,Cali,5.0,5,No
TXN-0002600,2023-04-05,20671.0,Hogar,163884.0,Contraentrega,Sitio web,iOS,Bogotá,7.0,5,No
TXN-0002647,,28943.0,Moda,159284.0,Tarjeta crédito,App móvil,Android,Cali,5.0,5,No
TXN-0005814,2023-04-08,35030.0,Moda,132138.0,Tarjeta débito,Sitio web,Android,Cali,6.0,5,No
TXN-0004129,2024-01-26,25579.0,Moda,166963.0,PSE,App móvil,iOS,Bogotá,5.0,5,No
TXN-0000373,2024-12-26,58172.0,Libros,49145.0,PSE,App móvil,,Bucaramanga,3.0,5,No
TXN-0000658,2024-06-10,25854.0,Deportes,219698.0,Tarjeta débito,Sitio web,Desktop,Medellín,4.0,5,No
TXN-0003743,2022-09-29,21604.0,Hogar,243091.0,Tarjeta crédito,App móvil,Desktop,Bogotá,1.0,5,No
TXN-0006317,2023-03-20,38960.0,Belleza,97690.0,PSE,App móvil,iOS,Medellín,5.0,5,No
TXN-0001087,2024-05-29,55923.0,Moda,159793.0,Tarjeta débito,Sitio web,Android,PEREIRA,2.0,5,No
TXN-0007317,2024-07-25,41150.0,Tecnología,546425.0,Tarjeta crédito,Sitio web,iOS,Cali,3.0,5,No
TXN-0006553,2022-09-01,38080.0,Libros,96316.0,Tarjeta crédito,App móvil,Android,Manizales,7.0,5,No
TXN-0003099,2023-11-13,10494.0,Moda,187359.0,Tarjeta débito,Sitio web,Android,Bogotá,6.0,5,No
TXN-0007978,2024-06-24,19453.0,TECNOLOGÍA,1011349.0,Tarjeta crédito,App móvil,Android,Bogotá,5.0,5,No
,2023-04-27,25760.0,Deportes,56861.0,PSE,Sitio web,iOS,Bogotá,5.0,5,No
TXN-0005413,2022-04-15,51745.0,DEPORTES,199696.0,PSE,App móvil,Android,Bogotá,3.0,5,No
TXN-0000861,2023-12-04,59383.0,Hogar,178333.0,Tarjeta crédito,App móvil,Desktop,Bogotá,5.0,5,No
TXN-0005704,2024-05-07,40931.0,Moda,115941.0,Tarjeta crédito,App móvil,Android,Bogotá,6.0,5,No
TXN-0004141,2023-02-20,17564.0,Hogar,268447.0,Tarjeta crédito,App móvil,iOS,Manizales,4.0,5,No
TXN-0001535,2024-07-25,40467.0,Tecnología,822342.0,Tarjeta crédito,App móvil,Android,Cartagena,5.0,5,No
TXN-0007310,2024-07-14,24798.0,Hogar,366240.0,Tarjeta crédito,Sitio web,iOS,Bogotá,3.0,5,No
TXN-0002593,2023-10-17,53474.0,Alimentos,48430.0,Tarjeta crédito,Sitio web,Desktop,Barranquilla,3.0,5,No
TXN-0007178,2024-01-20,47468.0,Juguetes,66714.0,Contraentrega,App móvil,Android,Manizales,1.0,5,No
TXN-0007506,2022-04-24,25110.0,Moda,119077.0,Tarjeta débito,Sitio web,iOS,Cúcuta,3.0,5,No
TXN-0006558,,15351.0,Juguetes,133776.0,Tarjeta crédito,App móvil,Android,Bogotá,6.0,5,No
TXN-0000490,2023-05-08,21202.0,Belleza,26279.0,PSE,App móvil,,Bogotá,6.0,5,No
TXN-0004600,2024-09-30,57867.0,Deportes,153436.0,Tarjeta crédito,Sitio web,iOS,Bogotá,5.0,5,No
TXN-0006357,2023-01-19,15008.0,Electrónica,616788.0,Tarjeta débito,App móvil,Android,Cali,3.0,5,No
TXN-0000134,2023-07-03,58192.0,Deportes,102608.0,Tarjeta débito,App móvil,Android,Medellín,4.0,5,No
TXN-0002109,2022-01-15,51883.0,Mascotas,80239.0,Contraentrega,App móvil,Android,Cali,5.0,5,No
TXN-0000691,2024-10-31,28283.0,Juguetes,118827.0,Tarjeta crédito,App móvil,iOS,Pereira,4.0,5,No
TXN-0002075,2022-04-23,18281.0,Alimentos,49402.0,Tarjeta débito,App móvil,Desktop,Pereira,3.0,5,No
TXN-0002149,2022-06-09,12815.0,Moda,88380.0,Tarjeta crédito,App móvil,Android,Manizales,3.0,5,No
TXN-0003604,2024-07-01,29846.0,Moda,125443.0,Tarjeta crédito,App móvil,Android,Bucaramanga,7.0,5,No
TXN-0007757,2023-03-23,57016.0,Hogar,180992.0,PSE,Sitio web,Desktop,Cartagena,6.0,5,No
TXN-0005071,2023-03-21,48397.0,Juguetes,119498.0,Tarjeta crédito,App móvil,iOS,Medellín,5.0,5,No
TXN-0005785,2024-03-13,54920.0,Tecnología,653030.0,Tarjeta crédito,App móvil,Android,Medellín,6.0,5,No
TXN-0004873,2024-11-21,19048.0,Alimentos,69923.0,Tarjeta débito,Sitio web,iOS,Medellín,7.0,5,No
TXN-0004885,2024-02-20,52408.0,Electrónica,5000.0,Billetera digital,App móvil,iOS,Barranquilla,1.0,5,Sí
TXN-0006665,2022-04-14,35610.0,Alimentos,58472.0,Tarjeta crédito,App móvil,Android,Manizales,1.0,5,No
TXN-0000364,2022-09-18,16978.0,Libros,105746.0,Tarjeta crédito,Sitio web,Android,Bogotá,3.0,5,No
TXN-0006454,2022-02-20,36007.0,Deportes,111342.0,Tarjeta crédito,App móvil,iOS,Cartagena,5.0,5,No
TXN-0004892,2023-03-10,53651.0,Belleza,56554.0,Tarjeta débito,App móvil,Android,Bucaramanga,3.0,5,No
TXN-0006033,2023-07-14,46376.0,Libros,59504.0,Tarjeta débito,App móvil,Android,Pereira,5.0,5,No
TXN-0006973,2022-10-01,31857.0,Electrónica,357902.0,Tarjeta débito,Sitio web,Android,Pereira,3.0,5,No
TXN-0001629,2024-03-11,56582.0,Juguetes,68482.0,Billetera digital,Sitio web,Android,Cali,6.0,5,No
TXN-0001277,,,Libros,41163.0,Tarjeta crédito,App móvil,Android,Medellín,4.0,5,No
TXN-0006689,2024-07-19,13543.0,Mascotas,39707.0,PSE,App móvil,Android,Medellín,3.0,5,No
TXN-0005036,2023-03-28,,Hogar,167225.0,PSE,App móvil,Android,Bucaramanga,3.0,5,No
TXN-0005602,2022-04-03,13232.0,Juguetes,12010.0,PSE,App móvil,Desktop,Cali,7.0,5,No
TXN-0002490,2022-06-03,57161.0,Deportes,127497.0,PSE,App móvil,Android,Bogotá,1.0,5,No
TXN-0000648,2024-02-10,34792.0,Belleza,51320.0,Tarjeta crédito,App móvil,Desktop,Ibagué,4.0,5,No
TXN-0001004,2023-09-08,18702.0,Mascotas,38899.0,Tarjeta crédito,App móvil,Desktop,Bogotá,4.0,5,No
TXN-0002525,2022-07-24,37054.0,Moda,59454.0,Tarjeta débito,App móvil,Desktop,Barranquilla,1.0,5,No
TXN-0007191,2022-04-24,53543.0,Alimentos,43726.0,Tarjeta débito,App móvil,Desktop,Cali,4.0,5,No
TXN-0002111,2023-05-16,29820.0,Moda,80849.0,Tarjeta crédito,App móvil,Android,Bucaramanga,1.0,5,No
TXN-0001173,2023-06-27,37905.0,Alimentos,73445.0,PSE,Sitio web,Android,Bogotá,5.0,5,No
TXN-0000484,2023-12-31,24831.0,Electrónica,144661.0,PSE,App móvil,Android,Barranquilla,6.0,5,No
TXN-0007896,2024-10-19,42376.0,MODA,157224.0,Tarjeta crédito,Sitio web,Android,Manizales,2.0,5,No
TXN-0007171,2024-10-19,58547.0,Belleza,103435.0,Contraentrega,App móvil,Android,Medellín,7.0,5,No
TXN-0001811,2022-12-04,38520.0,Electrónica,488410.0,Tarjeta débito,App móvil,Desktop,Cali,5.0,5,No
TXN-0003330,2024-01-01,41118.0,Libros,23917.0,PSE,App móvil,Desktop,Bucaramanga,5.0,5,No
TXN-0004149,,15365.0,Hogar,115443.0,PSE,Sitio web,Android,Medellín,7.0,5,No
TXN-0000243,2022-03-29,57383.0,Libros,65487.0,Billetera digital,App móvil,Android,Bogotá,4.0,5,No
TXN-0007342,2022-10-01,15786.0,Belleza,68832.0,Tarjeta crédito,App móvil,Android,Barranquilla,3.0,5,No
TXN-0002084,2024-09-22,38085.0,Libros,46894.0,Tarjeta débito,Sitio web,Desktop,Bogotá,6.0,5,No
TXN-0006082,2022-11-06,38325.0,Libros,35168.0,PSE,Sitio web,Android,Medellín,4.0,5,No
TXN-0001203,2022-01-07,58791.0,Alimentos,93983.0,Tarjeta crédito,App móvil,Android,Bucaramanga,5.0,5,No
TXN-0003752,2022-12-16,57244.0,Alimentos,54428.0,Contraentrega,App móvil,Android,Bucaramanga,4.0,5,No
TXN-0004835,2024-08-03,51155.0,Belleza,114721.0,Tarjeta débito,Sitio web,Android,Bogotá,5.0,5,No
TXN-0002169,2023-01-21,10346.0,Hogar,216518.0,PSE,App móvil,Android,Cali,4.0,5,No
TXN-0007057,2023-06-23,49570.0,Tecnología,1030773.0,PSE,App móvil,Desktop,Bogotá,3.0,5,No
TXN-0005396,2024-11-10,57609.0,Juguetes,105810.0,Billetera digital,App móvil,Android,Bogotá,3.0,5,No
TXN-0001020,2023-11-11,12458.0,Deportes,142609.0,Contraentrega,App móvil,iOS,Cartagena,5.0,5,No
TXN-0002093,2023-04-03,30164.0,Juguetes,74369.0,PSE,Sitio web,Desktop,Barranquilla,8.0,5,No
TXN-0003373,2022-02-09,25628.0,ALIMENTOS,64127.0,Tarjeta crédito,Sitio web,iOS,Barranquilla,4.0,5,No
TXN-0004933,2024-07-20,35271.0,Deportes,104181.0,Tarjeta débito,App móvil,Android,Manizales,4.0,5,No
TXN-0002125,2024-11-11,13649.0,Moda,138746.0,Tarjeta débito,App móvil,Android,Bucaramanga,3.0,5,No
TXN-0001745,2024-12-09,36068.0,Electrónica,737418.0,Tarjeta débito,App móvil,Android,Ibagué,3.0,5,No
TXN-0004465,2022-03-03,31969.0,Electrónica,1232114.0,Tarjeta débito,Sitio web,iOS,Barranquilla,5.0,5,No
TXN-0002955,2022-02-20,13834.0,Belleza,102468.0,PSE,App móvil,Android,Bogotá,4.0,5,No
TXN-0003285,2022-04-07,28754.0,Hogar,256400.0,PSE,App móvil,Android,Cúcuta,11.0,3,No
TXN-0004364,2023-11-01,15583.0,Hogar,232046.0,Tarjeta débito,Sitio web,Android,Manizales,4.0,5,No
TXN-0003384,2024-10-09,25275.0,Mascotas,7964.0,Tarjeta débito,Sitio web,Android,Barranquilla,6.0,5,No
TXN-0004825,2023-03-06,50078.0,Deportes,279692.0,PSE,Sitio web,,Pereira,3.0,5,No
TXN-0002493,2022-05-03,22547.0,Moda,209017.0,Tarjeta crédito,App móvil,Android,Bogotá,3.0,5,No
TXN-0006648,2024-12-13,53242.0,Hogar,190030.0,Tarjeta crédito,App móvil,Android,Cali,1.0,5,No
TXN-0001520,2023-03-09,52933.0,Moda,94918.0,Tarjeta crédito,App móvil,Desktop,Bogotá,5.0,5,No
TXN-0007202,2023-10-25,33570.0,Electrónica,797760.0,Tarjeta débito,App móvil,Android,Medellín,2.0,5,No
TXN-0001034,2022-07-03,13091.0,Juguetes,67563.0,PSE,App móvil,Android,Barranquilla,7.0,5,No
TXN-0001713,2022-07-12,26610.0,Tecnología,1531457.0,Tarjeta crédito,Sitio web,Desktop,Bogotá,5.0,5,No
TXN-0007329,2022-06-22,,Mascotas,73018.0,Tarjeta débito,App móvil,Android,Pereira,4.0,5,No
TXN-0006430,2023-02-23,45677.0,Electrónica,720861.0,PSE,App móvil,Android,Manizales,3.0,5,No
TXN-0000296,2022-08-13,58724.0,Libros,84713.0,Tarjeta débito,App móvil,Android,Manizales,7.0,5,Sí
TXN-0007785,2023-11-25,20552.0,Electrónica,1160248.0,Tarjeta crédito,App móvil,Android,Bogotá,4.0,5,No
TXN-0001849,2024-07-11,15360.0,Deportes,181137.0,Tarjeta débito,App móvil,Desktop,Manizales,2.0,5,No
TXN-0004722,2024-12-19,57297.0,Electrónica,471812.0,PSE,Sitio web,Desktop,Bogotá,5.0,5,No
TXN-0004374,2024-11-01,53855.0,Electrónica,1263660.0,Contraentrega,Sitio web,Android,Cartagena,5.0,5,No
,2023-12-31,45872.0,Moda,196213.0,Contraentrega,App móvil,Android,Bucaramanga,3.0,5,No
TXN-0003676,2024-12-18,57840.0,DEPORTES,297714.0,Tarjeta crédito,Sitio web,Android,Bogotá,3.0,5,No
TXN-0000485,2022-06-17,50806.0,Electrónica,532525.0,Tarjeta crédito,App móvil,Desktop,BOGOTÁ,7.0,5,No
TXN-0001521,2024-02-09,37461.0,Juguetes,47226.0,Tarjeta débito,App móvil,iOS,Medellín,4.0,5,No
TXN-0000183,2024-08-16,,Belleza,129021.0,PSE,App móvil,Android,Pereira,2.0,5,No
TXN-0005067,2023-01-17,42567.0,Mascotas,110847.0,PSE,App móvil,iOS,Bucaramanga,6.0,5,No
TXN-0005948,2022-08-03,18752.0,Mascotas,76533.0,Tarjeta crédito,Sitio web,iOS,Manizales,4.0,5,No
TXN-0006321,2024-09-28,38161.0,Tecnología,824508.0,Tarjeta crédito,App móvil,Android,Pereira,3.0,5,No
TXN-0000685,2023-03-08,43351.0,Belleza,24787.0,Tarjeta crédito,Sitio web,Android,PEREIRA,5.0,5,No
TXN-0001769,2024-03-07,54551.0,Libros,26789.0,Tarjeta crédito,App móvil,Android,Bogotá,4.0,5,No
TXN-0004955,2024-04-30,43015.0,Electrónica,666463.0,Tarjeta débito,App móvil,Desktop,Bogotá,1.0,5,No
TXN-0006181,2023-12-08,34781.0,Alimentos,44581.0,Tarjeta crédito,App móvil,Android,Bogotá,4.0,5,No
TXN-0005277,2022-09-27,17467.0,Alimentos,54985.0,Tarjeta débito,App móvil,Desktop,Bogotá,3.0,5,No
TXN-0002051,2022-01-22,54889.0,Electrónica,605483.0,Tarjeta crédito,App móvil,Android,Medellín,1.0,5,No
TXN-0000755,,49305.0,Juguetes,113961.0,PSE,App móvil,iOS,Bogotá,2.0,5,No
TXN-0004605,2023-02-01,,Mascotas,57832.0,PSE,App móvil,iOS,Cartagena,6.0,5,No
TXN-0002546,,59991.0,Moda,177696.0,Tarjeta crédito,App móvil,Android,Ibagué,2.0,5,No
,2022-05-20,14757.0,Electrónica,875691.0,Contraentrega,App móvil,,Medellín,5.0,5,No
TXN-0003362,2023-04-17,36450.0,Mascotas,87643.0,PSE,App móvil,Android,Cali,4.0,5,No
TXN-0006078,2023-06-13,22322.0,Hogar,310783.0,Billetera digital,App móvil,Android,Bogotá,3.0,5,No
TXN-0003633,2023-01-15,48341.0,Moda,152990.0,Billetera digital,Sitio web,Android,Cartagena,2.0,5,No
TXN-0001439,2022-01-26,58940.0,MODA,92225.0,Tarjeta débito,App móvil,,Bogotá,8.0,4,No
TXN-0001446,2022-06-16,57961.0,Hogar,83257.0,Contraentrega,App móvil,Desktop,Manizales,6.0,5,No
TXN-0004238,2023-06-15,50571.0,Alimentos,36748.0,Tarjeta débito,Sitio web,Desktop,Cúcuta,4.0,5,No
TXN-0007392,2024-09-12,13830.0,Moda,136227.0,Tarjeta crédito,App móvil,iOS,Bogotá,1.0,5,No
TXN-0000865,2024-12-19,12281.0,Mascotas,34010.0,Billetera digital,App móvil,,Ibagué,4.0,5,No
TXN-0002232,2022-10-31,55384.0,Moda,181780.0,Billetera digital,Sitio web,Desktop,Cali,4.0,5,No
TXN-0002323,2022-10-03,15772.0,Hogar,251536.0,Tarjeta crédito,App móvil,Android,Medellín,5.0,5,No
TXN-0005107,2022-08-02,,Belleza,64463.0,Tarjeta débito,App móvil,iOS,BOGOTÁ,1.0,5,No
TXN-0002961,2023-09-09,,Deportes,151461.0,PSE,Sitio web,Desktop,Bogotá,10.0,4,No
TXN-0003745,2023-12-06,10358.0,Moda,118616.0,Tarjeta crédito,App móvil,Android,Barranquilla,2.0,5,No
TXN-0004945,2023-09-27,51811.0,MODA,117830.0,Contraentrega,Sitio web,Desktop,Cali,2.0,5,No
TXN-0006656,2022-06-03,32906.0,Moda,130834.0,PSE,App móvil,iOS,Cali,5.0,5,No
TXN-0003985,2022-05-04,,Moda,146413.0,Tarjeta crédito,App móvil,iOS,Barranquilla,5.0,5,No
TXN-0002780,2022-03-09,40333.0,Electrónica,784193.0,Tarjeta crédito,Sitio web,Android,Pereira,7.0,5,No
TXN-0003684,2024-04-30,30831.0,Alimentos,61031.0,Billetera digital,Sitio web,Android,Barranquilla,3.0,5,No
TXN-0003045,2024-10-11,56962.0,Moda,73840.0,Tarjeta crédito,Sitio web,Android,Manizales,9.0,3,No
TXN-0007916,2022-09-23,10601.0,Libros,37369.0,PSE,Sitio web,Android,Cali,2.0,5,No
TXN-0006091,2023-04-14,20825.0,Juguetes,114932.0,Contraentrega,App móvil,Android,Manizales,3.0,5,No
TXN-0004984,2023-01-25,43783.0,Belleza,89020.0,Contraentrega,App móvil,Android,Bucaramanga,4.0,5,No
TXN-0004214,2024-09-16,47657.0,Libros,66063.0,Tarjeta crédito,Sitio web,Android,Cartagena,3.0,5,No
TXN-0003074,2023-06-14,23485.0,Electrónica,331501.0,Billetera digital,Sitio web,Android,Cúcuta,6.0,5,No
TXN-0002162,2022-09-04,48974.0,Deportes,148834.0,Tarjeta débito,Sitio web,Android,Medellín,7.0,5,No
TXN-0000546,2022-10-03,30609.0,Hogar,145453.0,Contraentrega,App móvil,Android,CÚCUTA,4.0,5,No
TXN-0007855,2023-06-25,47282.0,Belleza,56723.0,Tarjeta crédito,App móvil,iOS,Bogotá,5.0,5,No
TXN-0001790,2022-10-20,30179.0,Juguetes,11178.0,PSE,App móvil,,Barranquilla,6.0,5,No
TXN-0002214,2024-03-31,57178.0,Alimentos,32356.0,Tarjeta débito,App móvil,Android,Barranquilla,3.0,5,No
TXN-0004040,2024-11-02,49117.0,Alimentos,25698.0,Tarjeta crédito,App móvil,iOS,Bogotá,3.0,5,No
TXN-0006073,2024-03-18,41888.0,Belleza,98720.0,Tarjeta débito,Sitio web,Android,Ibagué,8.0,3,No
TXN-0002233,2023-11-24,33107.0,Moda,6305.0,Contraentrega,App móvil,Desktop,Cali,4.0,5,No
TXN-0007846,2022-12-08,23789.0,Electrónica,524529.0,Tarjeta crédito,Sitio web,iOS,Bogotá,6.0,5,No
TXN-0006080,2023-01-18,29803.0,Electrónica,869495.0,Contraentrega,App móvil,iOS,Medellín,1.0,5,No
TXN-0001397,2024-05-21,58787.0,Deportes,153743.0,PSE,App móvil,Android,Ibagué,5.0,5,No
TXN-0000275,2022-05-05,36888.0,Deportes,151609.0,Tarjeta débito,App móvil,Android,Medellín,1.0,5,No
,2024-01-06,39760.0,Moda,88805.0,Contraentrega,Sitio web,,Bogotá,2.0,5,No
TXN-0000705,2024-02-18,46290.0,Alimentos,47733.0,Contraentrega,Sitio web,Android,Cartagena,4.0,5,No
TXN-0001025,2022-04-28,22036.0,Moda,78491.0,Tarjeta crédito,App móvil,iOS,Bucaramanga,3.0,5,No
,2024-03-20,29154.0,Electrónica,487239.0,Tarjeta crédito,App móvil,Desktop,Bogotá,1.0,5,No
TXN-0005661,2022-12-17,35357.0,Deportes,220431.0,Tarjeta crédito,Sitio web,Android,Bogotá,6.0,5,No
TXN-0007669,,46461.0,Moda,186747.0,Tarjeta crédito,App móvil,Desktop,Bogotá,4.0,5,Sí
TXN-0005839,2024-01-06,33002.0,Mascotas,142645.0,Contraentrega,App móvil,iOS,Cali,4.0,5,No
TXN-0000384,2022-12-07,32550.0,Alimentos,72991.0,Tarjeta débito,App móvil,Android,Manizales,2.0,5,No
TXN-0005526,2024-06-25,45556.0,Alimentos,43045.0,Billetera digital,App móvil,iOS,Barranquilla,2.0,5,No
TXN-0002610,2024-07-30,51324.0,Belleza,71754.0,Tarjeta crédito,Sitio web,iOS,Cali,3.0,5,No
TXN-0007007,2024-03-16,41973.0,Moda,112987.0,Tarjeta crédito,Sitio web,iOS,Cúcuta,3.0,5,No
TXN-0007189,2024-01-11,33214.0,Belleza,78185.0,Tarjeta crédito,Sitio web,Android,Ibagué,2.0,5,Sí
TXN-0005926,2022-07-10,,ELECTRÓNICA,305688.0,Contraentrega,App móvil,Android,Bogotá,8.0,3,No
TXN-0004273,2022-12-04,27774.0,Belleza,78735.0,Tarjeta crédito,App móvil,Desktop,Cartagena,6.0,5,No
TXN-0005456,,33270.0,Tecnología,917498.0,Billetera digital,App móvil,Android,Cali,6.0,5,No
TXN-0006524,2022-02-16,15578.0,Juguetes,103718.0,Tarjeta débito,Sitio web,iOS,BARRANQUILLA,3.0,5,No
TXN-0007714,2022-07-20,28139.0,Hogar,230922.0,Tarjeta crédito,App móvil,Android,Cali,4.0,5,No
TXN-0003244,2023-11-04,54149.0,Hogar,194064.0,PSE,App móvil,iOS,CÚCUTA,5.0,5,No
TXN-0007161,2023-08-18,41395.0,Moda,100014.0,Tarjeta débito,Sitio web,Android,Medellín,7.0,5,No
TXN-0002568,,38992.0,Belleza,72225.0,PSE,App móvil,Android,Barranquilla,5.0,5,No
TXN-0004927,2023-09-06,43453.0,Moda,54995.0,Contraentrega,App móvil,Android,Medellín,5.0,5,No
TXN-0006652,2023-03-24,44447.0,Electrónica,539307.0,Tarjeta crédito,App móvil,iOS,Bucaramanga,5.0,5,No
TXN-0007321,2023-02-22,27788.0,MODA,116674.0,PSE,App móvil,Android,Medellín,5.0,5,No
TXN-0001643,2023-11-01,48426.0,Electrónica,794730.0,Tarjeta crédito,App móvil,Android,Bucaramanga,3.0,5,No
TXN-0006558,,15351.0,Juguetes,133776.0,Tarjeta crédito,App móvil,Android,Bogotá,6.0,5,No
TXN-0005730,2024-06-28,44203.0,Mascotas,93779.0,PSE,Sitio web,Desktop,Cartagena,5.0,5,No
TXN-0004719,2023-12-10,30858.0,Juguetes,62270.0,PSE,App móvil,Desktop,Medellín,5.0,5,No
TXN-0007017,2024-06-09,23396.0,Moda,117273.0,Tarjeta crédito,Sitio web,Desktop,CALI,3.0,5,No
TXN-0007750,2022-04-11,45844.0,Deportes,79208.0,Tarjeta crédito,App móvil,Android,Barranquilla,5.0,5,No
TXN-0000859,2023-01-23,57085.0,Electrónica,707669.0,PSE,App móvil,iOS,Cali,6.0,5,No
TXN-0004020,2024-04-11,46786.0,Electrónica,1240689.0,PSE,App móvil,Android,Bogotá,5.0,5,No
TXN-0004738,2023-10-20,55223.0,Deportes,137676.0,Contraentrega,App móvil,Desktop,Medellín,2.0,5,No
TXN-0003389,2022-12-27,46491.0,Moda,106528.0,PSE,App móvil,Android,Medellín,3.0,5,No
TXN-0002307,2024-09-17,37448.0,Moda,88620.0,Tarjeta débito,App móvil,iOS,Bogotá,5.0,5,No
TXN-0000835,2024-07-17,,Hogar,222188.0,PSE,App móvil,Android,Barranquilla,8.0,4,No
TXN-0002711,2022-07-20,14380.0,Belleza,90819.0,Tarjeta débito,Sitio web,Android,BARRANQUILLA,3.0,5,No
TXN-0001499,2023-02-17,51084.0,Belleza,17005.0,Tarjeta crédito,App móvil,Desktop,Bogotá,3.0,5,No
TXN-0004434,2022-08-21,42019.0,Juguetes,76629.0,Contraentrega,App móvil,iOS,Bogotá,2.0,5,No
TXN-0003611,2023-04-04,17656.0,Moda,66350.0,PSE,Sitio web,iOS,Cúcuta,6.0,5,No
TXN-0003577,2024-02-23,20217.0,Moda,120106.0,Tarjeta crédito,App móvil,iOS,Manizales,8.0,4,No
TXN-0006543,2023-01-06,55669.0,Belleza,71318.0,PSE,App móvil,Android,Cali,6.0,5,No
TXN-0001448,2024-09-27,50275.0,Juguetes,136647.0,Tarjeta crédito,Sitio web,Android,Bogotá,4.0,5,No
TXN-0006750,2023-06-18,28141.0,Moda,232120.0,Contraentrega,App móvil,Android,Cartagena,6.0,5,No
TXN-0006061,2024-06-03,43179.0,Belleza,69462.0,Billetera digital,App móvil,Android,Cúcuta,5.0,5,No
TXN-0005781,2022-04-26,10847.0,Hogar,168182.0,Tarjeta crédito,App móvil,Android,Cartagena,6.0,5,No
TXN-0002529,2022-08-23,37304.0,Belleza,82191.0,Tarjeta crédito,App móvil,Android,Barranquilla,3.0,5,No
TXN-0007591,2023-08-14,16926.0,Electrónica,1109926.0,Contraentrega,Sitio web,iOS,Bucaramanga,1.0,5,Sí
TXN-0005240,2023-09-07,57483.0,Moda,168402.0,Tarjeta débito,Sitio web,Android,Ibagué,2.0,5,No
TXN-0007062,2022-09-29,18234.0,Hogar,175660.0,Tarjeta crédito,App móvil,Android,Cali,5.0,5,No
TXN-0007819,2023-06-14,17009.0,Alimentos,28172.0,Tarjeta crédito,App móvil,iOS,Cali,3.0,5,No
TXN-0001706,2023-06-17,21006.0,Alimentos,22653.0,Tarjeta crédito,Sitio web,Android,Cali,2.0,5,No
TXN-0007162,2022-03-28,11713.0,Deportes,263422.0,Tarjeta débito,App móvil,iOS,Bogotá,7.0,5,No
TXN-0002924,2022-07-27,51680.0,HOGAR,168844.0,Tarjeta crédito,App móvil,Desktop,Bogotá,3.0,5,No
TXN-0005835,2022-03-08,36524.0,ELECTRÓNICA,565016.0,PSE,App móvil,Android,Bucaramanga,6.0,5,No
TXN-0002708,2022-03-26,17574.0,Hogar,181718.0,Billetera digital,Sitio web,iOS,Cartagena,8.0,4,No
TXN-0003070,2022-09-22,50220.0,Mascotas,75427.0,Tarjeta crédito,App móvil,Android,Pereira,6.0,5,No
TXN-0000790,2022-05-31,16274.0,Tecnología,1637008.0,Tarjeta débito,App móvil,iOS,Pereira,4.0,5,No
TXN-0006401,2024-03-07,54764.0,Moda,98851.0,Tarjeta crédito,Sitio web,Android,Cartagena,2.0,5,No
TXN-0000969,2022-12-28,37263.0,ELECTRÓNICA,261504.0,Tarjeta crédito,App móvil,Android,Bucaramanga,2.0,5,No
TXN-0007097,2023-11-21,36456.0,Moda,124455.0,Contraentrega,App móvil,Android,Medellín,5.0,5,No
TXN-0001668,2024-09-08,47592.0,Alimentos,41941.0,Contraentrega,App móvil,iOS,Bucaramanga,7.0,5,No
TXN-0003322,2024-11-16,46273.0,Tecnología,1422437.0,Contraentrega,Sitio web,Android,Medellín,3.0,5,No
TXN-0001689,2024-09-05,49760.0,Moda,104122.0,Tarjeta débito,App móvil,Desktop,Cartagena,6.0,5,No
TXN-0005995,2024-09-05,32951.0,Alimentos,57694.0,Billetera digital,App móvil,iOS,Bogotá,4.0,5,No
